bedrooms,beds,bathrooms,accommodates,amenities_count,log_amenities_count,host_age_days,neighbourhood_median_price,is_shared_room,is_private_room,is_entire_place,te_neighbourhood,te_property_type
-12.047556484162165,0.9665615880499452,-5.257568476870762,-13.943764304311538,-1.3705035965217516,0.0,1.4098590789095862,-8.386785301387784,0.8506017872498848,-2.7897675486391846,-21.170967158202295,-1.6824051866438916,-2.247179189911303
-11.713333896378987,2.421873778468779,-7.126629105834686,-10.418630599853829,-1.85127437101135,0.0,-1.3873646305498886,-24.980602506200615,0.2925583964433821,0.26547906121134995,27.26161747710324,-5.127096686382648,-2.5645860437231764
-11.728493374209474,0.5276844961922674,-5.563914486623488,-13.939803578364467,-1.9870931409698644,0.0,-0.5057895833319612,-8.063137197810645,0.8631378575994002,-2.852188922857737,-20.759954761920646,-1.039735692496562,-2.994281048334597
-21.454503203304018,-0.22054872376868126,-8.38448635991895,-15.02694819536816,-0.2919921492145038,0.0,-0.17651033895191032,-9.041398285571299,0.38664390572211504,2.2276092422494664,28.021874070102843,14.786491978751963,-2.9868833610945122
-10.23740568857559,0.6186350625730475,-6.488472483982647,-11.650136709295417,0.13794834651471066,0.0,1.2522494163149829,-17.387827657424236,0.3000336619436439,0.2497153258244564,25.62300861975114,-25.73266918628074,-2.1684155277096018
-37.135798640729966,1.1087043510116916,-9.449765007407374,9.349982020248975,-2.868786618307975,0.0,-11.82059752224991,28.66610791272438,0.23992864336051054,-0.5141101693034451,22.66911501233908,15.852251523238541,-3.217491353357172
-15.145730862920441,-0.248342390560762,-5.156071325191397,-14.727673708761062,-0.10044551244286021,0.0,0.7536861258733534,0.16067370350176752,0.7620683886625543,-2.3875095336803405,-24.303210140165284,20.053624158588864,-2.87469350462557
-12.15873121679661,0.688137211562809,-5.016770117870152,-12.028886117097702,-0.4403189735974673,0.0,0.28902275131423155,-12.156360001854372,0.7742292726047458,-2.2664765126815274,-21.175108249026067,-17.258440712902416,-2.2036484978438438
-14.810055502571945,-0.18879046116828224,-7.668217152129062,10.134746004135343,-1.0897959107646342,0.0,-1.5234723993813182,-24.10586514376481,0.3233212295434488,0.2628883342489617,21.751064624317586,-20.41525124148387,-2.8176248678559146
35.137397337803634,1.9890677033680317,-19.61517829771276,26.281393307838655,7.977798824529559,0.0,8.488642939391777,-5.928621005472865,0.15550048824930918,0.8105223793845563,20.546512443873333,15.6925126954725,24.168791129106125
-11.908340758277133,0.430083440047753,-4.9101258817663265,-12.231491689704884,-0.0026359253330013556,0.0,-0.3011338260515034,-11.148401273391611,0.6572822421218998,-2.2947704831478277,-20.988570357900844,-20.14715766689748,-1.7148540753236112
24.23081472770898,-0.7869915322745108,-16.941193372818105,36.32508387866261,0.4009638202271628,0.0,-0.07260440802213325,-14.896975808200844,0.3835554807042996,0.9965083907544212,14.230076299379299,-34.2904377801127,-3.657134158717878
-31.818773452138696,-0.8261925062734977,-8.68018110541766,15.60504386288179,-5.088565761554758,0.0,-2.1259973187832806,19.149704035680532,0.1810640031399832,-0.06289489095987698,19.532204789130706,4.593721413224246,-4.78588335244173
-13.21668838306618,0.2290455144892697,-8.214469995471287,-6.9236653471438405,-2.125018951283526,0.0,-0.714041840073939,13.421594475778072,0.32763403215801323,0.17022032560216324,32.05687253546763,20.21389413821259,-4.248179455418038
-14.670371723592085,0.45766411928402745,5.843119001351819,-12.30490850586301,0.004034495578131864,0.0,1.3042671213769095,-11.431736113743971,0.6586975823267385,-2.3520785110762383,-26.92611745929383,-23.641803745872206,-1.805719208352501
-11.761392753140438,0.907476091635404,-5.190684376373589,-23.149139080567153,-1.7969825749243236,0.0,1.2903275837711248,-8.709737418352196,0.8526333179884416,-2.7883020916727226,-21.868004503872925,0.21733839704877594,-1.8706360300254314
-27.36951430884133,1.8498366355709726,-8.350806954826178,-27.546905964458393,-2.0022962990455286,0.0,0.7901649011314059,29.233692090062334,0.3940790567145685,0.029312194181235606,32.44168188945511,23.69500909461796,-3.7771256338792143
-12.21694199022598,0.5203389048775487,-4.797339089139436,-12.709208044269984,-0.4406532237876797,0.0,2.2356400075672247,-8.69460853080993,0.6638833671111706,-2.2556690589824964,-21.772420347355457,-22.026865358435508,-1.8740498376607844
-8.009038212828264,3.077737530167949,-8.059267553018099,-12.663259647168806,0.12282384950332781,0.0,-2.166857805091636,6.213601376055215,0.3068204316568816,0.22468359030576823,33.05651656093359,4.386524406160611,-3.624024139686731
33.520661612742096,1.6870797055094968,23.26995759125315,17.48747243816058,-1.1610282789168445,0.0,-2.884328351495328,-14.180984746827672,0.4102271646249769,0.8723175707785266,24.73188831504405,-20.252442981643593,9.116071051442226
-26.658316447742408,1.9040091211319061,44.54095028880291,75.62025908423607,-0.9955433893306138,0.0,-1.1837277884046657,51.27158664553798,0.23581858519460822,0.016788964579568032,40.27395346167463,100.33681734165083,55.9254358509414
-11.632824270408554,0.6658007596841871,-4.779784655556726,-12.427880608545955,-0.9480060225820481,0.0,1.0595172616026498,-10.030758724421021,0.655234714039296,-2.437026472883641,-21.037901492126064,-22.939178240772833,-1.579818833351783
-15.419719818003436,0.3872720770929385,10.954101673715712,-23.82929815542994,18.71047890184361,0.0,-0.38420055565795685,-10.122510416628591,0.7774533535238984,-2.641508374743673,-35.058577423456576,-28.918194525663207,-2.2259540293638644
28.002117264732856,4.471658597749024,-22.726050722202572,50.785026896082144,-6.364659095706058,0.0,11.436603591183285,19.111708170866944,0.32970789888264945,0.9651921711100958,18.546900736389247,36.391002798089886,-4.461389772063416
-11.672208692576705,1.1177110593504989,-5.452020076373254,-13.460909806712495,-1.3922384165219466,0.0,-0.20144517951182273,-8.269361500277832,0.8510019731306102,-2.7491918116483682,-21.21123776858726,-1.357860488112825,-2.199529763432086
-11.385773335051953,1.1889376378773664,-7.138049662899954,-7.806222746473121,-0.2468631192998194,0.0,0.948810008910164,-17.73031988053989,0.3549792015298963,0.2917133337252218,25.201016472826666,-10.976485080912722,-3.2544331574136245
-15.03723839160797,0.9867351366944523,-7.298147779662816,10.847129310034592,0.09176244843263211,0.0,-0.06979475111933003,-18.333925749862168,0.3031372240279102,0.23717712806587704,23.68332231326215,-20.52140218907318,-2.619868553560964
-12.31828385513018,0.9419765373387925,-4.697795792756729,-22.2163868470327,-1.0202893738694025,0.0,-0.4991011283844715,-7.416363997753537,0.7651117793069149,-2.515309822742941,-22.013177308734864,-14.00173276904106,-1.7159968177216451
37.762638567387114,2.2603013722456025,-28.03652351426965,47.43528007607006,5.417732455045632,0.0,14.96681850426436,5.708745640420192,0.2527700809848086,0.5584514191433572,17.130296711773532,81.44780974922351,-2.707291993657237
-12.259709997416131,0.27414058465151836,-5.012582373489208,-11.480870511123962,-0.7684104863411099,0.0,0.7711471050053075,-12.700128885958927,0.7713642608048376,-2.4699391456848017,-21.12688606686891,-16.803891764476322,-2.1528882180187363
-20.401974294820768,0.815344347708602,-7.283734217545235,8.865279251563116,-2.349174931252326,0.0,-0.9383436011364159,-19.02139103711757,0.0980239780007562,-0.7163966740821636,25.093680422687232,-25.24146019513579,16.448131725221923
-19.33795497214378,1.5661314406665152,8.597488430009703,-18.799656732886167,1.1930689578067966,0.0,-5.078792861462645,25.96705790536785,0.7006697029513779,-2.1913232532658857,-42.241547491025166,17.07739629389894,0.33755390847776784
66.7896995449226,8.320681895852905,17.049404933287054,54.66379838314043,4.1994234115514235,0.0,0.008765544909356358,7.503698332085818,0.4229403092397587,0.6322578351745288,22.933404380061237,35.57837561576874,4.604740492443471
-11.966732064873096,1.4833165102170716,-5.548298293526969,-14.915440391994126,-0.9794578943310472,0.0,-0.06433933042499534,-6.994324237879444,0.8354301746756313,-2.9456171020484936,-22.82601138261616,-7.1959837456829865,2.344574154707721
-22.832228107723218,-1.1102042140371666,-8.017122934193068,-17.72707714343972,0.21168717878307244,0.0,1.8849354951587998,9.16332197456506,0.3542020182453732,-0.3383711039259465,24.850318310644916,11.964426156981336,-3.2946862557039203
-21.40640345699006,-0.043924062773171464,-8.673798095558434,-15.07674408222173,0.8856440384421733,0.0,0.6791227531068991,-8.843071957686863,0.39131112997031736,1.94931180864311,28.236320971319575,14.45540529369335,-3.033708657038684
38.094193921747745,-21.1986956404265,40.75281067548225,136.03476938921287,-1.5127883402608155,0.0,-2.280891021455447,-7.14586466138226,0.30442850285625095,1.1945222429036992,38.079075767945476,-44.51407928922806,13.728068776109458
-14.396791789929088,0.8740270622191908,-4.815109912471863,-13.696424611150636,-3.2159062191181507,0.0,-1.865297189417842,-8.788120022968204,0.6640036472397678,-0.3513285916282473,-19.130526065611267,-20.215676846461864,-2.192416470734227
30.167678389992137,2.930348793625458,21.98572066578144,12.859115501524894,-1.8981023196788716,0.0,-2.981571678004623,-23.618650597160713,0.35889551723641827,0.7187552722064142,23.438360058694244,-59.669171669898745,4.8151530525372905
-10.87144320298777,0.488177781041119,-7.217117768932798,-18.709718261044827,3.448502986872218,0.0,0.7180492196699902,-22.305730308255285,0.33093929536078,0.07039453972207511,25.48271890614926,-12.924912483493678,-9.766964015815732
81.0804209282584,-17.472331667378228,21.742853659898586,34.954373646212886,7.958828989189411,0.0,6.2680025544904865,-11.239338134990154,0.40277162931081384,1.469278549159032,21.697849488549725,-8.86839614321427,8.55559488801208
-29.066589619601064,0.8220681393863986,-8.771332569141311,-27.23456290199824,47.50995729015909,0.0,0.5966966147801245,0.34568162118975515,0.6595318229342931,0.07609970129910512,29.423438920117377,9.240278224867216,-2.771230900395988
-10.841629465151499,1.6016887612973134,-18.433451487729645,-21.908786631567143,30.083027840996586,0.0,-3.4153621074281624,-10.119358408222402,1.054326654234702,-2.525751381035543,-18.293511374594207,-5.433398736359614,-1.6904744302489227
-12.268590524939107,-0.753211928004414,-8.527470928803643,-16.357830045873122,-3.1352134572227155,0.0,10.483718526275092,-1.8976529014385786,0.37960648915003525,0.41939150914761875,29.39672076212955,16.563053571023588,-3.5442604442573833
-27.359990892264303,1.024717086640954,-9.745021167182935,11.520846901507467,1.4960680000137552,0.0,2.4417042972840286,-20.95181200167254,0.3175933775669071,-0.03577408497533348,21.33152427902892,-3.3494341697110803,-3.226012852029536
-11.708237763899238,0.7661333462836593,-4.8025828098690155,-20.516424638364533,-0.10270961434413557,0.0,0.130982703472196,-9.129743133134374,0.661178441548563,-2.3554909636497783,-21.67036609760746,-21.015913433116165,-1.6120208098701536
-12.645349524753808,0.7911230267942324,-9.383867975013304,-8.68724613907223,1.440844317950294,0.0,0.6069160948170963,-20.383574240667595,0.3975402562055565,0.317222204439524,25.568549066512833,-7.04509960238547,2.8652442069287067
-9.854476300331951,0.7286495034292906,-7.400233332286881,-14.002622732574164,2.605315123854943,0.0,0.15804223253524344,-1.826448731008465,0.21721200393165238,0.3302077363378148,34.21837167263122,-1.57958975492323,24.2225037794815
-14.74157212005696,1.3952258206101824,-10.320649636391122,11.617267539018313,-2.1704793789590653,0.0,-0.5210090632845131,-17.41676706757729,0.38895409692689537,0.24536831784308172,22.488808762092912,-21.595882773698815,2.7303134706535723
-12.212992478790206,1.1496282265122877,-4.497790020686496,-12.336451726104332,-0.3323372062859639,0.0,1.9426295405471807,-5.944901231396558,0.7811049242949402,-2.6834302509720533,-20.835081791293995,-23.85911186870915,1.3580360873239883
23.62846020022822,-0.322007354623381,-17.67874711713624,13.72305497801641,0.23728193095812516,0.0,-7.692906809069312,-8.06262125075523,0.19406673834176094,1.4385171776886372,18.36018412889476,-8.352721431170291,-4.512846078267152
43.25626661600073,5.636422482967751,3.37247244010245,20.04150423029251,-3.911229607526534,0.0,4.5713369321510635,8.774645843369917,0.5149170737418307,-6.804406662005203,-24.17534440524688,48.94233053652313,-2.8815842161046072
34.52981980317066,1.5341613065057744,19.518135560249192,-15.46670923463725,-1.307034137691741,0.0,-0.49306280594164176,-19.574830460015,0.34970171468895567,0.8903927572387099,26.81055021902036,-7.238731993405207,-3.3292163242300647
-17.700688309624066,1.5182235412785565,-13.320907532753818,14.326610909374155,3.646152783952531,0.0,0.4871196544270469,19.556222316192382,0.24255213612775006,0.19301029021239804,28.23426466191882,10.534903813456985,-3.6246879465874673
21.152093407441903,-2.06797392561491,-18.29077415448592,39.93017821073589,-2.014084413985656,0.0,-5.073365108211486,-17.217648433975405,0.4505302425428487,0.9832719406539641,14.19736481876977,-54.74267674078171,-3.2899025628084626
-11.001749318654976,2.062774911081394,-10.359736178657295,-17.64076666637711,-0.20037604263258016,0.0,-1.8923315610024571,38.75496961152848,0.3748588344576108,0.1487328994497692,34.33919947371975,36.73433878617942,-3.8173806046992866
-12.922234033169948,0.6741979195129397,-4.769886641537966,-12.601834282296744,-1.830439057336429,0.0,-0.09083727290198407,-7.391053004426549,0.7646075312500891,-2.4350564142121924,-20.810521118380176,-13.622199692656176,-2.0145843747805534
-14.893191151523137,2.605381076093367,-5.043790679908241,-10.844446778072944,1.663982775299851,0.0,-1.1486957178627315,-11.763416071502782,-13.470808938479024,0.01161355206950432,-22.954610706709072,-34.1648030732085,-0.14978814490113831
-15.814442244611037,1.5062036244401813,-6.735576583595863,-20.41033829351755,-1.7174787190326934,0.0,-0.2959650354388628,25.460151025899,0.6549509883629542,-1.785626781421145,-28.514168989281707,44.497988433729105,-2.810957647431574
-13.102895534736428,0.9986800859129265,-6.1546774674954365,-10.0010319600124,0.9397331897813849,0.0,-0.18837702881897866,-8.918362228964527,0.8932324454032071,-3.0800251141189636,-25.205985708117193,-4.864128489053773,2.1399030987845022
-21.61345815843498,-4.837251046913956,-8.93626932668799,46.85784450844722,1.956667119955592,0.0,-2.833847099964509,-9.896238303463395,0.6330397900534249,0.25581440234420433,22.391341902527802,4.744987304059702,-5.886485114059591
-15.272815771681788,1.8384833059876104,-7.636708780980336,13.789842297442602,-0.6009793688973775,0.0,-4.855928041449155,-15.591843965920656,0.30485903619054233,0.2526439904732584,23.01143008970687,-8.994131426488472,-4.432346281444778
-21.323251449025463,-1.31804411683022,-16.34829796002675,30.343002907303504,2.020339952102738,0.0,5.086354683258927,49.00952621278898,0.19878185512334157,0.1485984388914485,26.305394124057766,50.67468976195436,-4.164231774305496
25.200751116050068,5.168004004746567,37.752624472044396,21.519353479440312,-7.35846295753486,0.0,-11.711629815776252,25.81023789545743,0.27655572281850993,0.5094576382889512,24.22521933535446,14.651967024475322,-7.603371551135318
-10.824127616462595,1.5613791764266636,-8.301498442124707,-6.213390626530868,-1.2289991978153785,0.0,1.2000773760452597,27.299457312230057,0.2435790739513118,0.1650677246618915,32.420357324422596,26.641726177111124,-3.229384037765998
-12.123888715379575,1.1408258250334677,-5.1802897008626205,-12.380383476849714,1.894277555984154,0.0,-2.327508261036095,-8.280210704806487,0.8669100710494411,-2.6288162011559106,-20.406624824736163,-8.506458729866486,-2.5195598468382308
-12.516447556125495,0.4812113860787899,-3.4662000291269517,-10.492212781715873,6.308946832649994,0.0,5.760938341864512,-8.64273428902636,0.9224442749543683,-2.499156283146575,-18.18467422475616,4.644722762377969,16.177366592896192
-14.298878263856805,-0.15842572305504737,-5.1524865551839225,-17.076381368038867,-0.019425061258950705,0.0,0.4947821381661568,7.552934450170884,0.7775622966020159,-1.9088473089248443,-24.186655613841612,15.648145879179179,-2.6362269736480126
-15.58010675159419,1.5764550621568751,-5.772425693627749,-6.380929319796857,0.24896206758854927,0.0,0.8217556538203057,-9.884357395999785,-14.013497906535198,0.37567654847702553,-25.16143800014362,-3.1325204390466705,-2.911341419841172
-12.043625728279101,0.8746936687602442,-5.118517574970067,-12.95020693308094,0.11609852441027235,0.0,-2.6332553649606467,-8.029434384298256,0.8547708583752359,-2.6156084554022394,-21.763663805027367,-0.5045745953284569,-2.1814088162162713
-18.667127574670744,0.16412514777354545,33.830740696914006,19.136399012218,-1.8825254120838728,0.0,2.073573902167613,-15.492443382130416,0.45444546351260123,3.4758873151441274,39.44650212517662,26.100942756522286,-5.022628469282425
22.579354137595825,0.10290221660635929,13.28953373662107,34.39599787143368,5.165014221596561,0.0,-5.834801215515886,-13.65893151053374,0.6302687682264302,0.6497812386405356,18.436611548402706,-18.94834810360753,-4.921379135335031
-20.851085298699612,-0.16791778398084123,-6.815014434732925,-13.23975301588232,-0.07064534466528492,0.0,-0.8756832751757451,-18.454358934875252,0.369585180880262,-0.25262811801977736,22.123744393249147,-6.651233557305184,-2.8039438698820676
-10.489069606817669,-0.3486808434994428,-8.030952918161997,-13.94909995677475,0.25133554419493004,0.0,0.6242815172434985,-8.633687702505606,0.3970851514686736,2.3883938923718806,31.288247257063677,14.007799524932201,-3.066253365150316
37.73357473577235,-17.178770239142015,0.9637074115675516,-70.3930605859663,20.570955813795017,0.0,25.311956810503304,1.5947817795741404,0.7034603958151445,-14.456703937037721,-45.0279233476096,25.82748756261257,4.635202037613023
-11.615468730729217,-0.05082428687130249,-5.107814777357031,-14.67023326133099,-1.9515458091960816,0.0,2.6740965373528836,-16.794816348404048,0.6730772000510767,-2.87667361105189,-22.817075528826773,-3.5835351778641464,-1.5647408620031125
-10.266205340134519,0.5789756828711738,-6.284677584904954,-11.662231698376935,-0.7369268591819848,0.0,0.5498867576754267,-17.190063524826318,0.3151973453663752,0.247193961545234,24.77419883807877,-24.59632563406811,-2.2070888843479533
31.60721206317904,4.230687830543834,26.198388107472063,25.067265122289125,-0.32769689961051857,0.0,12.888153001784065,11.000119482027905,0.32708066174760286,0.5109707104586019,23.824058773585158,32.17403195724423,-10.931281904161729
-11.427343755351805,-0.3838620990190989,-5.126864108589258,-14.309801281913035,-1.5455212076281442,0.0,2.594939970200266,-16.806479038338278,0.7139190519941584,-2.69580824384394,-23.957394961313277,-5.570384147073885,-0.6532734553621868
-24.091989784724465,1.0771556899526495,-9.158366993406695,13.821562452847768,-0.4244606352606685,0.0,0.8149382283816186,4.364577654597724,0.22071831265910838,-0.01321084157444357,21.579458264813393,0.5760436565177811,-3.3924187872012332
-11.59642984090573,1.1842393340121722,-5.5013851796394215,-14.800688775241477,-0.8707906379401028,0.0,1.3143739243344859,-6.796589362405825,0.9235550428253123,-3.4548176733505067,-23.36070006578404,-4.597285664524821,1.3755353813386073
31.584904925504528,-2.154123737675537,-24.432467385654693,15.35072007988765,-1.5163781534317526,0.0,-1.0953729253675777,3.3551602635653848,0.2780208939045042,0.6533469439267958,21.45180028170404,25.958766041566435,5.615757956430242
-11.82582265916645,0.4309563354881365,-4.991203873723303,-22.3681730003761,7.12528349240495,0.0,1.3998997484366484,-7.377313309478896,0.6922318803523406,-2.473289606844759,-20.62316115765719,-26.492858475417584,-1.9546447817654076
-23.331373183382887,1.0821227095471324,-9.332831769603976,-17.328361106605406,4.092412254712798,0.0,-2.881584674350775,7.794729876265335,0.35673843726874366,-0.0613153138810799,25.16559879859827,14.535006361999315,-2.920136111131275
-10.79456605234865,1.1877916702550184,-7.160546386106578,-16.798483798854154,7.894839874964851,0.0,1.3228391440405325,20.095970956109184,0.33604302336946346,0.17127927824503378,30.89056927474023,8.998389052491012,-3.457896911280327
-11.710234702777418,0.7900226687167138,-4.744718068759686,-12.54566314922597,-0.9223973081849691,0.0,0.03264862881549431,-10.391691109340206,0.6577676518189568,-2.4038043961418207,-21.008201186551176,-22.64343255477461,-1.6685512426969722
-11.92321834731872,1.2015451721780466,-5.03316522902527,-12.627630348264924,0.07581134440002586,0.0,1.383125345312179,-8.725302549955819,0.7149898562484476,-2.401337167310623,-21.243135074674196,-26.2301406738412,1.1241134020629118
-15.28449494736843,2.3295215064101242,-5.993834801349865,-36.44865580186602,-6.8196547709287705,0.0,4.988257707360808,20.15992377146924,0.6217553963117226,-1.7239208038742595,-35.603839437649995,32.049417480949984,17.66568986647728
-22.51434513853156,-4.277468606961975,11.573026911331302,24.889135425030812,-0.1982180084577199,0.0,-8.173458893452592,-21.437265472767212,0.8693256845947751,-3.6160179216624817,-39.48679082683748,-4.9764439876656565,-0.11746254407366226
-12.0053437655015,-0.32343711770237954,-5.089376410404341,-13.598753859870577,-0.13077550603075613,0.0,1.697085560565224,-17.17899321657321,0.6750564758019312,-2.7768258153776078,-22.78868232571339,-3.0537928239551455,-1.634234587265315
-18.201216078184444,3.3340724259734755,-8.338716301801242,-26.674951924322535,5.518358047344182,0.0,-2.1065364722176745,21.220832915029387,0.6451981411328377,-0.13687640952555225,-32.21742816479545,57.95201436112835,14.898047237807283
33.06048481446143,4.432910120264103,-21.421449976332745,12.253226998562251,-5.311342892103062,0.0,-5.677348481381437,22.12321763446246,0.18927218018556155,0.6169785527831972,20.33444538595563,42.23478546459355,12.661758254114753
-13.949318379487593,1.3154821462403457,-6.135440999704088,-21.42237491152942,27.589129581206745,0.0,1.978687047556432,-3.009886146315396,0.9887313805249421,-2.40954646751287,-24.74414558202666,18.442384627303426,-1.4960877595881967
53.402819622625316,4.567097377210598,29.331580383753977,30.344778491668677,-3.7461010062102917,0.0,-1.354802081108563,40.96757724934268,0.5131833258024745,-7.551491034726769,-27.851978350104535,40.63666445578818,-1.4358553388591109
-16.157593706840757,-1.9641695577028335,-4.744073645451297,-26.792621216618393,20.188006639380273,0.0,5.684330404783956,-3.409391529786293,-13.451978716827494,-0.10197513910691577,-29.527796349085232,-3.3789760365174413,-15.967204224302177
-12.591755841139644,-1.8562232423564449,-4.724627144791215,-21.027710128013155,28.848728556462692,0.0,17.040630879199696,-0.500026956258134,0.803730265818274,-3.2865796842347157,-28.858237067178592,0.2560162812244766,0.5509801517104315
-13.146572067748407,1.3085003594563924,-8.324632840561613,-20.090430238139906,3.7817096335923592,0.0,1.9369024671803785,26.018670331722742,0.34832241927959817,0.001277114782896526,29.78634693650721,49.18616811338556,-2.3324737760405014
-14.550292789882548,1.231041776753403,5.335333097077966,-8.609588890749459,-0.9819589143145412,0.0,0.1620052922920993,-11.521771387544678,0.7209970901735536,-2.5960484336055787,-27.0224684436501,-22.19884884895928,1.763409030587067
25.35078943728004,-3.505453010569819,-18.654108510636483,20.006654577079026,0.3552867491568401,0.0,0.473974525108543,-16.671347798778964,0.3021178613979178,1.0744560538013328,15.62375871662677,-26.461499409879078,-2.910756583097956
47.95433850343332,8.519001564967773,-21.387839169155267,53.86746968117195,-4.129727942700773,0.0,-3.1314467542692297,-16.374488556643108,0.45169297275954284,1.30937228865671,15.504911890263164,-53.45404638849551,-1.6556481857866634
-12.146490563447976,0.2906705698805168,-4.430290794002781,-11.30968048597711,0.2346841926685178,0.0,4.625544502139043,-11.805422435394819,0.6696905227458739,-2.333803588230299,-21.730054333901162,-33.40468489248681,-1.6137386399965152
-16.261591649187537,1.1061178691054196,-9.657235147110955,16.55529249417266,-0.7086841130771725,0.0,-0.9390488593179714,27.03436436356205,0.24470221200227538,0.03381468472092686,26.964527643508077,34.98352274599696,-3.1808677122577618
-13.631136613817043,-0.9133367473556032,-4.818940693771531,-19.862695397969464,-2.7445090669915158,0.0,6.75378967791029,-19.15579846131345,0.5516367090750866,-6.450049567140515,-27.743492711342633,-8.922025538965311,12.459391051598084
-17.790547201973073,1.775849154893549,-10.155611898009978,16.076281510667165,4.535368141606076,0.0,5.064552949625715,8.539535756429366,0.32294181012475126,-0.22622240955041517,24.840644115965468,11.971125212854643,-3.846554911882934
-11.631189489152367,1.43022961016618,-5.4384288292478296,-9.5889590882619,-0.6994347330284638,0.0,0.8743652684214459,0.42243386592007304,0.7974164922519493,-2.966877762412802,-27.436543849939618,-1.7535653249509406,1.592219018449058
-20.9932544838802,-0.008818164281026364,-7.315824173362744,-13.855977112708887,-0.42904537584227437,0.0,1.4750551913114442,-16.493551729568246,0.3730921272746943,-0.0524078225003407,21.582997736969997,-5.362546381246925,-6.40934617939696
25.085865294359795,-0.7360479146386562,-15.798294251766483,20.284628529571194,-0.2963104805861752,0.0,-0.48423639515993844,-11.609634635669192,0.5005479176166021,-11.78403926111667,-15.98012109398161,-38.50316814674681,-1.1910809949310819
66.82065188434797,-13.508423215285614,20.240229058641614,17.19227006190212,5.537087435212177,0.0,4.848070370559367,-21.050050311892285,0.38697949529009845,1.2841456238795217,22.673388336079142,-36.49793019651817,5.494270288131257
-16.565428562194967,0.8480382944085675,7.898002209173307,-12.613457136316159,-0.5944017666499714,0.0,1.06911298318526,-9.416530648505459,0.8656184694235006,-4.876074577522262,-28.92082440057188,-0.42432512385279436,-2.698029998658228
-12.649449485792525,0.597840063844127,-5.268808654493324,-12.628322970562293,-0.06314446439496013,0.0,2.277414063125087,-8.825839375088242,0.8592527601677752,-2.6121221758080635,-21.063258378912064,1.8116310189666218,-2.0324287755980497
-10.675563870685309,-0.039976632435995224,-7.428523891166154,-15.762816977324139,1.2802623478851578,0.0,10.575657730367098,12.575535700574227,0.3627257161902351,1.107335280017117,31.162516350935686,25.882332312343337,-7.425650576507375
-10.610264452482564,-0.5651714300154727,-7.39256235615983,-13.511223601168071,-0.09282502145833159,0.0,0.5907151014169244,-11.70794846472429,0.38273706905429206,0.2763924729540314,27.802644115027253,-4.6328305659194475,-2.9455724133552947
-12.12177565101998,-0.3810832557918146,-5.471504068553227,-13.576546735385342,1.2826136638018075,0.0,1.639657681153577,-17.766083477805772,0.6753308300081564,-2.7515684873485435,-22.84918455857689,-2.6210781315260494,-1.489270508134981
-10.525803639956896,0.7772589530511108,-4.7517544722692175,-18.399167741010338,-0.20365989314956465,0.0,-3.468839358371652,-13.587893693568358,0.6558071839714724,-2.3704870915439784,-21.591110554793918,-28.724572333136557,-1.3419987664262063
26.26979448773321,5.4167289428121705,-19.527374747634905,47.481361094867786,-5.647951672227906,0.0,-3.4771946441241837,-17.27055789783468,0.11183577613686141,1.342165664874981,18.470104824336392,-13.058350701149617,17.395867519615667
-23.31077349678034,1.550587501482458,-8.722567481079075,-16.828085660898427,-0.7842051505648833,0.0,-2.4908286832072624,25.47434909537685,0.37045536227587655,-0.027924258248283505,28.055557182547126,21.94619493502211,-3.9205587626870484
-22.5048535220018,0.7891943933344553,-7.14760745732913,-14.413381785674142,0.15396814588160979,0.0,5.153758311167114,-14.651136370144453,0.3902416588137356,-0.1933607853395928,22.544168265842277,-14.113881371335022,-3.023794500308854
-21.969367361165567,-0.11290814942332553,-7.645695967310378,-14.290211189987925,0.5142922383496407,0.0,-0.1370393678694451,-17.276032891247997,0.3662398751819596,-0.19795825402056655,22.250499375570776,-8.500542431511434,-2.7057861037517443
-11.499790253812543,1.4235999335663474,-5.061306708601978,-12.638140815279653,-0.7378740805687769,0.0,-1.4685373294992337,-8.218372552210536,0.6979171856434941,-2.674847675269147,-20.98954420572208,-25.161351044316326,1.7325127307176675
-12.221169848591158,0.3924520170901619,-4.7441318066635345,-12.26809840810534,-0.061553675530496225,0.0,0.29457385108130896,-11.251885008983256,0.6571670418967135,-2.231629782584425,-20.98110364008092,-20.467773469791563,-1.6963233691649295
-11.453418576320166,0.9811254804594732,-4.533499823710206,-12.15437135326108,-1.02776880684095,0.0,-1.9727039569283955,-8.85097068362947,0.4692073378962613,-2.4239590686590686,-20.928317350740063,-23.235949419932467,-2.0751661260057723
36.33029001692792,3.657985573345527,-20.94620886508672,11.648821515296657,-1.1353350787544942,0.0,-19.883586333445393,12.450904266235899,0.13809841733107706,0.48309601679634645,23.652731057344106,31.79627714924217,17.33817315547692
-9.62366973036495,1.4721324575640853,-7.352401374758577,-15.587613307249164,-0.2713385149793544,0.0,-0.8208591088698883,23.54613178399273,0.38583590772385074,-0.5484934563637333,32.206674524817316,8.39029000631814,-9.132603329449243
-12.830690134578575,1.3274668032354573,-4.8254654574652305,-13.200357676340316,-0.002868175159199713,0.0,-1.6118936255248963,-8.601606754456684,0.611462347582065,-2.250770667902315,-23.404423888665097,-18.530937972383764,13.312916077212156
67.83866910264331,8.239412081054253,13.962184569284917,156.39055044937726,-10.982439237530642,0.0,-3.992017554477757,-13.808756430207112,0.4090000337476453,1.0881291456700248,41.67883540263828,35.03925913675489,30.91004619548156
-35.32197616226616,1.6581962122884204,-10.317949764428306,26.98855247374426,0.5906804076477693,0.0,6.059036910023263,18.313252109248644,0.2333732605490083,0.05272325519977269,23.112410304323955,24.416136188100406,-3.935167038051216
-14.172104185828246,0.328589970640264,-4.66774081945081,-15.801538194057338,-0.024064280007673768,0.0,-1.0578789371631343,2.125357923472572,0.7575763225074412,-1.9282436477701916,-26.422460721878796,11.334052627987749,-2.829041060457278
78.97579819141068,1.0454007180294116,11.143029363138382,53.72916518173124,7.017856127938236,0.0,7.635744833409948,-5.40260972735777,0.4298082362292829,0.7746625823958854,20.390159048766527,29.257835754736107,9.4909454482939
-21.613988855008984,0.5847738037880326,-7.218300700395457,-14.034964270341483,-0.010071993498730811,0.0,2.3565887401542303,-17.41083665101634,0.3751831157212917,-0.012760125691181994,22.15505549942508,-7.1657831531555924,-3.171659311908302
23.074270491548095,-3.957587758556933,-22.66815441946907,51.66486071448433,-2.8791968588977377,0.0,1.083341643967827,-11.889732292186853,0.5637792039621654,1.2478970026567924,15.254344493660115,-18.455779349917545,3.9397424396335645
33.69012823659173,3.151384624648897,39.832711294736534,-11.022104330425003,-0.6325389148034516,0.0,10.950622572114142,34.31630328419679,0.3418125935273988,0.5673881922429305,34.186918553384416,18.86715786461663,-1.7670123289462945
89.3491698456355,7.852121297085304,39.62675317978841,69.99144379295117,-6.452585873505467,0.0,3.5233421742999473,-9.807223232877556,0.7117992221755911,0.8126400619949976,21.896126811868864,36.98672796620953,14.283623107485399
-23.18517020904563,1.254049659027246,-7.213160886737634,-17.01866771706013,0.5058688705199827,0.0,-2.772846817216799,1.1453645540996025,0.3261630545612044,-0.009856988568134974,24.34827554437613,4.631104941523438,-3.8059499372687338
55.80603782314932,14.599271540362665,-17.383074888978857,74.87618023936838,7.549735466012057,0.0,0.4917277119350403,1.4008968298007725,0.2854406171979148,-0.020328875401489463,19.83225457655202,57.87165286617349,23.584680017309765
-15.141911803780488,0.6898983765721152,-5.070104334489685,-29.586028925947062,0.2392634505571158,0.0,0.8373045267687426,20.090260621684088,0.6102974658295052,-3.4101326885356746,-28.993850408979963,18.79306898059955,-2.505661490732106
-15.817687128899813,3.0083675997361126,-5.990606686537704,-16.673460423221446,4.824149962551617,0.0,6.441513604626044,20.678257602603537,0.6203455044031536,-3.2693518623506175,-28.288921471692543,22.04314578914671,-2.141025933685357
-11.667221024628425,0.7451665877129862,-5.505600346274075,-15.325776593997446,-1.7472981088459876,0.0,-2.145049498867614,-16.82857471046564,0.7270142943187666,-2.9779311954264904,-23.780418431125266,-5.328344025545313,1.2478239651349916
-11.382323489224738,1.2855886470312192,-5.812574252678639,-12.952980690016865,4.244405052062332,0.0,-1.152280181694451,-8.187949514173777,0.8664917826183718,-2.703803831574322,-21.454903826142946,-0.38370294504005653,-2.400704869201524
75.38782721737665,4.445348334629497,19.3472939514663,69.88434642997733,-11.01906304511198,0.0,-10.027726984470092,-10.260458911918626,0.3164898717419218,1.5954331956460186,25.450989026997107,-34.019959755300974,6.755535050768178
-11.520722213282447,1.7496401023311916,-4.501289449670846,-13.995195193051977,-0.04412767190366153,0.0,-0.294930316990576,-6.291392627012787,0.6537975867153645,-2.6125408589967205,-22.797871956206524,-17.041547422226518,12.489331259045072
-13.748164745209412,-0.06538346186132624,-5.149864326355143,-28.722139419330873,-1.5625538194776714,0.0,-1.608197422587257,5.800436903878651,0.7705877280228165,-2.177878382128975,-26.363046870492415,14.939203411131398,-2.109051840205414
-10.486699923414399,-0.18914464818052587,-7.8666839018303785,-14.19778426851871,-0.43825591332181685,0.0,0.4511369965590603,-8.733628857475187,0.3941100868824534,2.398050306918211,31.212064923980957,14.403945476087017,-2.776864363823118
-15.417288439922169,0.4380634219230609,-5.431893925936092,-29.536326534303196,-3.535794358671474,0.0,4.016348581362994,18.84172864092695,0.560191718409925,-2.1980026322060016,-28.202274716831404,16.66113048178868,-2.048616566034208
-14.094787333118223,0.9614722305298979,-7.1045065083082894,10.530827391996155,-0.27061787305940055,0.0,0.07041951144490953,-21.51396025953906,0.29759436406612844,0.24454426208091545,23.378273031752702,-28.350239543408417,-2.4433254055813887
-14.225491084653909,5.443787098206526,-9.390606566891764,-4.574525994932068,0.6142895158856053,0.0,4.843346689968691,47.58894471544967,0.2969000384612141,-0.0887305506161268,37.29426854953163,74.56194044922172,-3.030388825237619
-17.993292806062126,-2.1231957786121542,-9.392860317184718,18.149453845388706,0.002323946109295403,0.0,3.612951847136218,10.994126200783992,0.26399260232303595,0.07295672670961088,25.323863044128117,7.609897593160287,-4.810590845279873
-10.712138422292545,-0.14601020449745833,-7.591671612176064,-17.172568681462305,-1.373647805823635,0.0,1.4573660256785437,-25.67608442151014,0.16928396378416607,0.3125895014338681,30.728936388971935,-6.042072279427002,15.490170851040231
30.42425965744176,-0.7791473360444852,15.768036510267219,23.567996572397014,-1.1768387826571978,0.0,0.5588505050165636,-16.640246297490492,0.4088380272156723,0.8451888349769295,19.752182554267932,-18.42129398269396,-6.402270065178559
23.787423682664848,-1.1848034451969514,-17.02437391939194,34.400510223223506,-0.4891785944814156,0.0,-2.2149691550834536,-13.798000872223362,0.2918148014798258,0.9512003810865682,14.009151735389105,-44.511184851324224,-3.134954159985687
-12.703712616071503,0.16218614162342615,-5.376955899261337,-14.175545060460069,0.00337822023471444,0.0,0.3707141650652341,-5.834818039790548,0.8714660446166225,-4.0746699491483405,-26.2355888988529,5.8345558706622525,-2.2032293086221695
32.8991995880496,3.8828629352526733,-20.116457431837542,-24.535330289586092,-1.606101959042114,0.0,-0.47411247899653214,12.421136269141693,0.5300314100817282,-8.106917011221906,-21.24535220126771,29.103389271810116,-2.357566336224194
-15.856017157565546,0.4575020515091997,-10.000775620710032,14.950788119740203,0.11248430665456624,0.0,0.8080419874921216,-10.6993663007781,0.3510136265759167,1.803511104055559,29.218873908838773,17.527207114983177,-3.442301556055558
36.2328797503595,8.617827564678512,32.503081853353926,32.85736226417339,-2.6075691567048014,0.0,24.458406829154477,8.789055539845151,0.26094557380849426,0.539290202913461,28.456455572170817,39.519589472802636,-4.288884957365259
-11.738251689527754,1.1540480510804085,-5.430584885167768,-22.524476173717883,1.7970297115588876,0.0,-0.1332200422761736,-12.148023281294895,0.8295704998179967,-2.867290966263661,-21.594043181250356,-9.439671008128377,1.230515356794488
-18.33220495611916,0.3964789617264634,-6.632461904415249,-12.818182414946657,-0.46065197744475145,0.0,0.003099567529471197,-17.824072843473278,0.28916371332201857,0.08651673805517256,23.62099094193849,-20.64339698656121,-2.236223668539355
35.201972995201174,-0.4615732103581348,9.703769910361604,40.64159951444501,3.242641862639896,0.0,6.69530848194095,26.877578867293522,0.2843675087563686,0.523624818912968,18.19925614756907,26.275788204929924,-6.251772650725186
-12.139094289406655,0.15914791485250804,-5.0890384856825035,-12.59492777247783,-0.5509492185370453,0.0,0.00513894542863076,-7.655572305726302,0.8629265217497013,-2.5121910757333406,-20.45735891953587,-8.927976965114178,-2.402398604812382
53.33276302920364,3.7601638392852292,7.620518398783895,37.543722693197324,-1.217038050062244,0.0,-6.545453498338107,-14.235525419763922,0.38089457082961614,1.3304342795336654,18.037467820982858,-67.17007536459613,1.199431202120845
86.6332289906253,-10.029223552313674,38.37491445355342,54.3144586878452,2.8772404601709756,0.0,3.162629714158923,-21.510027080162967,0.39341918773626056,1.0633329198002262,20.25496878432044,-8.431970455716991,-7.539299279494299
43.835089884636325,-1.4687411809399225,22.44274906277483,12.27574513796718,-3.854098234101304,0.0,14.549711447522759,-14.524017456121681,0.2545778046671637,0.8296727637420479,27.51236676860009,20.678507855139905,-7.25086457576732
-25.58594243808645,-0.46318774717202504,-7.744286502842511,-16.870731881459218,-1.0392709961353714,0.0,0.3564236005299578,16.209235817889763,0.3640142278097087,0.13567770832009782,26.933034343092185,19.0142552387655,-3.699550128081084
-19.47611178351952,-1.487394702979047,-8.954924274594443,22.202461060984046,-4.096913413749371,0.0,1.9364463552821622,-22.10441476373692,0.2400910266023221,0.2635828242022475,23.86845257684246,-0.27475084101321706,-3.7316288539756086
122.23652117084325,9.88369708807967,82.62929424988079,55.99298589249651,7.711428650217626,0.0,8.101109126072902,-11.500444871703898,0.4736110607142908,0.7517740765422798,34.326248089000224,27.473485892832503,4.443601149873237
73.33517539932588,2.2678739674179145,-24.23384787352806,93.54393956368327,-5.838796649014393,0.0,3.492036201160633,1.8333636688435018,0.5869347081155633,0.6854897633785766,18.606358279276034,36.908949814063895,0.9023611679386928
-11.716509595810546,0.6400451628641776,-4.755936386955173,-12.89342839797516,-0.7157758689690519,0.0,1.4868538364017452,-9.854392354160375,0.6581561791856194,-2.4336843124134684,-21.03099545202759,-22.948529010697317,-1.7193902149707672
-25.205927365548543,1.3937318399231429,-8.00002915399165,-17.225750043769683,0.32457425717957716,0.0,-0.008517884353929053,26.76235272413957,0.37018760924082084,-0.18159886816118412,27.383871819795107,13.285335154724482,-4.08370604957245
-14.857681816356342,0.800039183561562,6.195194423176463,-10.372018430918041,0.18027120101785443,0.0,0.3494727516323962,-14.439661668087435,0.7103933095185166,-2.590504546437114,-28.181986033225513,-26.86950542152637,1.1147025506098582
-11.900303760937751,0.40513019525971417,-4.697327775595429,-20.73031337457276,-1.7691165568013585,0.0,0.2517541464218077,-10.164182669209216,0.6569039446209095,-2.5084689591659752,-21.093348941039938,-18.389330829140906,-1.423418070156864
39.6112617296722,5.232136294138856,12.761144060103002,24.81344924379204,-1.85237163697864,0.0,-3.135134632938429,9.550900300479697,0.5460069619949112,-6.55357748150314,-29.762864247070922,40.119251394871995,14.6738918704029
-11.64665567298854,1.2552545095816117,-5.114906927763897,-12.783419657446537,-1.0490952267557798,0.0,0.3008019665677046,-8.665690449188759,0.8799313542837633,-2.859292115635897,-20.550674186311568,-13.308105197710434,1.5636781284921606
-12.43730011431355,0.9150796559855141,-6.090891340293753,-14.211456236707647,-1.772184074032398,0.0,-0.36467071704037113,-5.369173023045262,0.7218543885117521,-3.0147846852864673,-23.025115028827052,-13.674173154641231,2.1348437668373137
-9.431405623474385,0.8190686112334212,-7.082034475270278,-14.615204630398647,1.4287384244272214,0.0,-0.7742087019083843,-8.297636287867377,0.38516971094087926,0.6860095537994103,27.92505631286795,-5.887475042395254,-3.215556968543594
-12.488579086636419,0.37821033067367593,-5.926146052864967,-13.390245400766476,-0.4501762327428336,0.0,-1.1153306238788867,-9.625295982275375,0.8414647242597773,-2.9928012666152375,-20.946939670353316,-5.430220756246121,1.9499457080566727
-16.18876383245421,-1.8157531832615053,8.191093605114622,-22.898533978291688,-1.9954731993697306,0.0,1.3855067904952305,-14.528607162389685,1.1636176462734926,-2.881075921368104,-27.869013537378226,-9.835539346797427,0.6186509108335124
-11.562154651279092,6.22730908902401,51.25833019571902,-15.34465718636128,-2.5688005424972498,0.0,1.977696212950457,35.048877138023116,0.4895053976977903,0.7711197406454625,51.508816981672226,26.935422146045383,8.909766207730245
-15.291174115018084,0.21790663048566172,5.608933107772085,-12.286036572363773,-0.5425802116991897,0.0,1.7684999483978425,-12.084873125590613,0.6685477765733633,-2.4850436838174046,-27.20807204418712,-17.259448004845282,-2.213198891106458
-12.1779207693835,0.037294885801562525,-4.769207350304997,-21.49344739970636,-1.1620193570298996,0.0,-0.15926853757967704,-9.268109826033253,0.6629725909505204,-2.5056672570302667,-21.898858981301398,-16.281530580093676,-1.5289532581771377
68.98775881405828,7.160049435658368,37.68668650033731,56.815593204908176,5.284190894376413,0.0,-2.9128574618080116,-23.288235939853283,0.6169648430958371,1.0594831426767934,19.412302641493056,-61.41082343164328,5.527121345809393
-10.860750938791398,-0.18122720685671895,-7.481759749954683,-15.881208147672982,0.6112749981519996,0.0,-1.078486784832445,16.08094143625596,0.37911992407271505,0.5819148277268652,31.64305310397819,21.59046036190575,-4.439119376035849
-14.664284007897006,-0.14446708765524557,-19.373328719848384,-26.64047044107764,-3.633301477055606,0.0,-3.883096560795851,0.02722070832375772,0.7247662361557532,-2.55035986275863,-24.849096751696614,17.74582719796936,-3.037037475555188
32.83559142295391,-2.5142070533896455,-27.12478765816281,-29.545791649878815,-5.235426335860518,0.0,3.1586367597699225,15.884274577186027,0.4969472304813998,-8.929999943841922,-22.40808017302634,61.599506411256016,-3.2977109443203605
25.11890640865026,-2.3934236444994355,-22.754334570958967,-22.16982814816396,5.775562761554361,0.0,0.5926236972528006,22.422539749506523,0.3541460848300032,0.5781091020307174,22.261131177675935,21.33193150191265,-3.088619907956135
-14.908960325845573,1.003803393602936,-4.991846302136028,-26.14386226486707,23.350746241125982,0.0,-2.779573487472147,-9.002580655081378,-12.28770448437063,0.26714468566068555,-28.20541841839114,-2.3783434299474098,-1.9502920378032034
-21.433170890636074,1.2525070524820048,-8.672706313345287,-15.246023177783774,0.07905144374465317,0.0,-0.050253669801330676,-17.477436716585988,0.42150210385233866,-0.1846401114766504,22.42682440285533,-7.53496006353796,2.3333467663498344
-11.673886494090457,0.6970146574613264,-11.518251084629984,-18.66285522653482,-4.043085346369164,0.0,2.562593595586171,35.705434197496885,0.34852062767975767,0.10767981371451534,33.84570104318336,40.18768885621794,-2.8357706368316715
-11.426650973007213,0.9007080925474138,-5.3810722566216125,-26.283858824377074,-1.2584030233809098,0.0,-1.6559880623042083,-16.977244333606375,0.7326058374339861,-2.94203690748898,-24.267623239888753,-6.358277687312627,0.4898610155115027
27.693717239962787,-2.1626498066307227,15.006116309221433,34.967610146640226,5.089959482786322,0.0,-6.394365245311566,-20.922239850787918,0.5075819587932343,0.5842732370907018,17.61105747884857,-42.7943237307154,-1.7786660095000069
30.392468780262053,-5.4995893467120345,-27.79402409024724,25.869981432449467,11.500504642550165,0.0,-5.144919233976819,33.32544706090263,0.5227575131732632,0.6310944119894266,18.166580960880903,41.54034609652803,-4.334959119828171
-12.345719087421989,1.9848246537635665,-7.68210925993319,-11.55512087884803,-1.1225333773697923,0.0,-3.466398249202855,-7.028911169795843,0.22338443355724596,0.5920645299266517,45.72574949064455,16.786923493461774,31.508278274501354
56.18654155274658,13.952617172303633,9.20097238567506,56.61635620578022,0.27950768179982494,0.0,-1.3895854059130905,-5.218764225635331,0.3571598210953011,0.7369441135854001,22.774037123608828,31.169536654883345,20.68044488798537
-16.316443266538798,0.6815853543599074,-5.036536919939668,-24.195339790439057,18.807265498678106,0.0,0.19351518628289746,-5.54083393297812,0.8899581331640696,1.106484527425641,-25.149122203005653,-31.209117080269433,8.998194046173507
-17.783231898405848,2.4715645359142338,-12.784771803438854,19.62926159520854,-3.557937776522818,0.0,-1.4256479386826022,29.135698314318386,0.27970925027357413,-0.08317699863480477,29.627332388478603,11.9480355780378,-3.144135983502546
24.57233847457589,-1.2949953120757052,-17.815004432820007,9.773774998833723,0.4201888558697468,0.0,1.28765590695811,-18.848231187750933,0.2358512388393365,1.071219502229823,16.707351265054164,-38.508353870272416,-2.6933310258145298
-15.060926883772362,0.7655207899348356,7.618778879819052,-23.134022992170987,-0.7239506223743457,0.0,-3.048977023295857,-8.397124443327591,0.8671671603983595,-2.8952502904194217,-33.67962402725946,-5.820465787331567,-2.7342115152728517
-12.086098910039128,0.6251496655347805,-5.448817791849516,-14.022218172926934,-2.149076576019753,0.0,2.963846985710966,-6.218965942013849,0.8728204045008252,-4.260855586036104,-27.5192027189875,2.0088671408946586,-1.9302834180290858
-14.749033239638731,1.5130746632710248,-5.634542720299178,-16.472574616407158,-1.8356962361503537,0.0,-0.6229729392841955,17.00598220445635,0.6270088081950662,-2.390796060882968,-26.977442916430196,19.00262866400956,0.9500189665316979
-16.885588242513965,1.1057781826984598,-5.050926226144478,-18.775916624191858,16.553549410835007,0.0,69.1163859130731,24.33769429999234,0.7847645471178598,-4.196950510256759,-27.31319358606878,97.9774901275954,5.207542244611846
-12.382950882864675,0.785097880943905,-5.638686488038089,-12.2286225897281,1.3695570486778612,0.0,1.2549137417092409,-8.765811567444796,0.7251453776010296,-2.5702038157857725,-22.26205919585848,-19.66442421582263,2.1196475856711445
-15.186544307415994,1.966776244657013,-5.609942220195742,-13.407382897830066,-0.7851693373214526,0.0,-1.9124330378656544,-15.876152391208896,0.8104166383521241,-2.227277266348887,-17.991290816066787,4.255311159626434,2.6833229873364304
31.474114544855414,2.792954165538855,20.56132466169394,-8.082955737797827,-1.3105119623676553,0.0,-4.2792727040233585,-18.82451014746257,0.3355340150074005,0.6411307619391564,24.23636608473214,-36.281384511841104,-3.517611629622769
28.707875570251073,-1.196556124185894,12.685998520439263,14.360713127095147,0.12884232463568285,0.0,-1.3897721515373629,-8.890265558856456,0.20569063417206807,0.9772755433422209,23.16019203250316,-2.2340832602982674,-5.396734332787542
-15.201554825921095,1.822941842252863,-7.932276247740271,-16.844318478241973,-6.13470930432042,0.0,12.173479026195118,13.788130238174613,0.6697170723447271,-0.3750390198967657,-28.969701079434152,47.9822314881436,-5.2049230995350735
-12.139337599434272,0.7865730902492882,-9.045214843230891,-14.203498161980896,1.5127234702517347,0.0,8.2370685916196,-8.251460902946183,0.475114485858924,0.5426398799703561,26.7888302139554,-3.4459241066086,5.026326964906021
-15.600616294387676,1.0083529121752757,-4.95324078324678,-16.56551195031914,0.4223171267246971,0.0,-1.3673176016110384,25.54808881798214,0.6090487747456061,-2.095491211265034,-26.73071322982428,31.004534172080827,-2.4803179967904105
52.44078060949372,1.8255776674210378,54.337743877991706,13.651915209718778,0.6647642350291691,0.0,6.897968750929106,-22.010491556504594,0.1387724270207418,0.708643015557278,27.55377409771508,4.2990706892444,24.40498304398675
-19.634093105159305,0.669196858690036,-6.754411263714102,-13.73811657411755,-1.171558631807057,0.0,1.5947790601739784,-17.77924802468198,0.36407401493954883,0.11819837874039645,21.768189019101104,-14.800985936653799,-2.9090872063917605
-12.104136365905418,0.5550358651972029,-4.791439677300969,-12.120137775355284,-0.1821519999373075,0.0,1.5666829416915813,-8.602731581204843,0.6586904651385129,-2.2497287884919257,-21.02460295167865,-22.636311018363116,-1.8567320827826865
76.56313598807665,6.771067987864693,7.70655440680392,64.76710508928721,-7.621233558329526,0.0,5.799996305176807,-27.955775934836392,0.3413926603932793,0.7845150730170927,18.03785091042163,5.4146541373009205,-12.543925789178378
-11.577192521638928,0.7970647987525682,-4.790049303829395,-11.234327032364561,-0.6059977023863935,0.0,-3.8091871970370597,-11.027970493539762,0.6577423476100999,-2.435351925378711,-20.764324607292632,-27.2390171899144,-1.5927713100111562
-12.043124967303177,0.2817418812585422,-5.50385236263908,-23.93671983026467,-0.23820489304302286,0.0,0.2157884612967813,-5.769718820354449,0.8715185393546997,-4.3451587716839315,-26.870250750431943,6.349352732530555,-1.9402431783498155
-15.043024972687972,1.800674983252966,-4.332447852811978,-14.4703603777752,2.013611688663346,0.0,-1.3677484105367663,15.515383919799307,0.6140288899806077,-0.49121295434659096,-24.4820003658312,7.39549148282479,-3.404158824912519
-11.000735344348206,-0.09337451164715224,-6.9915044923271985,-12.797634689439194,1.661706604699647,0.0,0.6711257594137734,-7.095271753938555,0.37207866800185646,0.2916085587468157,26.87487272352445,0.754592989398969,-3.414225071250841
23.03600335912546,-8.19907797298036,16.131273770855575,36.670863766773635,0.3870771040101857,0.0,-9.302808332384082,3.003654598512583,0.3521137576536526,0.43379343490988603,23.97295705153042,28.341499590835213,25.913167010660658
-12.326441939049449,-0.8399205330124759,-9.786815422249205,-17.30779500536851,2.963802892599859,0.0,1.4101371166392425,36.64014508423374,0.41156927535759563,0.15504953388993514,33.11889825685168,19.81074331909557,-3.940570257130299
-12.892032393260022,2.1861864611626656,-4.896637840927929,-13.318612918053903,-0.5259498545136867,0.0,-1.3789260134984596,-7.7968055391521665,0.7607439483713838,-2.538964304291066,-23.576699566633845,-13.77860224945938,11.072826608873575
-11.801395645877427,0.6751234071880973,-4.678001853400093,-12.615955696388598,-1.2401098127386985,0.0,1.0309461015730412,-6.661713471088361,0.7584614536084296,-2.4538980496151495,-21.24811299897408,-18.776353861994412,-1.9660486033789384
-12.409735609240753,0.8773288747715254,-6.263802584438746,-13.744693881371324,0.5419403873491239,0.0,-1.0994976605312718,-0.9947194592861485,0.8785002560962134,-2.6334648349175027,-23.081777332215072,5.889914546195912,3.9545480571395206
-12.055081872710344,-1.1660656627809254,-4.962134450848235,-13.664753973217252,0.7789591436712244,0.0,0.20871781740503478,-9.861657566826333,0.6606101569187991,-2.42127668181036,-20.68213107760204,-23.069878970995376,-1.599358237139562
62.058022486448586,-7.101293988446824,-28.724246848228727,58.005160978016086,0.6587006036172706,0.0,2.632483725816093,-17.916441731962113,0.5194231839096322,1.623963658541746,15.117570713970093,-19.273223875549654,2.4429339149183193
-14.983726221112407,-0.14416876737377174,-5.092377263281279,-29.395517862422068,0.27277714496313615,0.0,0.5152814745412478,12.0036801187655,0.7774877579448971,-2.1634173698759978,-29.084938184071163,19.122431820922483,-2.966116645661181
-14.972106047583273,-0.013346795876736907,-5.230805930475281,-14.28248564512795,1.3185139533474146,0.0,-0.3285729575952409,0.04611116298136723,0.7610353498798592,-2.980504567459409,-24.567968650869005,20.86485977577609,-2.664075221585672
-16.544565230745853,3.157173840463154,17.70405922806254,10.158026637658294,-2.3372923364724314,0.0,1.5033614088725875,-26.560483881592326,0.3125538782263619,0.2687167450682748,29.711800482412674,-35.32336074867449,3.319666081366375
29.433248220062584,5.627304584975585,41.386856834775536,20.960219249169885,-4.4670800827126405,0.0,2.677455310041518,33.17525288994265,0.2869386965084105,0.4578300204068651,28.422572175067263,48.57729989273642,-5.533205471696877
-17.928086136536354,2.4187547194188004,-6.980937674738391,-12.916443451022731,-1.7865999985030596,0.0,1.9508351563204556,-15.149256418493819,0.3060559209500546,0.036721569563211764,22.96979607063794,-27.07861816562127,-2.166235927631389
-12.09447635892362,1.070698359827767,-5.639006035148234,-13.57947300882454,-0.27794276078361685,0.0,-0.3106909747733302,-7.928038715250975,0.8673575484987399,-2.5486737868123197,-21.24680319426776,-2.897754320454579,-2.6414674373687257
73.85432717681826,9.252883933917222,15.694589453042981,67.47468476812934,-7.274618607019376,0.0,8.521332978730038,37.101254891223334,0.5638619992774515,0.4730661824821282,21.738910323283484,66.67755994378358,-5.175471132301051
-10.38539339947066,0.09125653979229552,-8.178112957071633,-14.149184410519611,0.6171729583469494,0.0,-0.04006073830413355,-8.349468388295994,0.3995517474189251,2.4144016814168485,31.422797752046748,12.829477777369554,-2.9219356158869254
-11.279334301478691,1.1649459815076972,-5.3981519688691675,-12.797407091432529,-2.5397412692446277,0.0,0.8677719002053383,-8.811741935581875,0.9044058959553923,-2.927106025818282,-20.075251056561576,-13.84006143338664,1.6146576121852898
61.625486371533725,8.249247627414325,10.41363499814364,19.36922304558488,3.169061442432621,0.0,3.187782319240969,8.154314131572995,0.2260616103460441,1.843187198365215,27.04879383536657,43.168056368905795,15.541341244001849
27.03501896452425,1.065321634536611,-17.58278515041628,10.424007029026034,-0.024869911592356807,0.0,2.2260985583475015,-14.05403578688823,0.2469435498538145,1.0610789512724954,17.784673765998164,-34.83026438481822,-2.6174891894373316
-11.865051386767371,0.8709963018834436,-4.73998843428376,-12.849952637335077,-1.0946437912559475,0.0,0.7616462442671453,-8.434518600697352,0.6702368811764804,-2.4453240783728862,-21.81283141726663,-20.07147545796018,-2.1092904617534307
-20.38861568740141,0.7504088858437102,-8.27321574774487,-14.96523114345146,-0.7975362461858968,0.0,0.18755372923432218,-17.364238301448623,0.3636181640654147,0.21165349092241031,22.752117985111443,0.4946543420523076,-2.948540676670558
30.90714795825255,-14.020044008843017,25.89759266992275,22.733533337247426,5.708205246355847,0.0,18.112534387417025,24.794246594295178,0.7041707154007755,1.0936607067099637,24.45213992907308,28.98714861648836,-7.2389135048513396
86.11334568116857,14.774478010697074,15.60362242716106,66.61241904886283,0.05351292552889464,0.0,1.3504425977060706,-24.762395689536238,0.3646331912484125,1.3165720434555535,27.28881387369543,-43.696129978859716,16.650834285580473
-12.253441832843016,1.106095945221142,-5.1289512958682,-12.556063202662118,0.6284696301341873,0.0,0.8533078198693895,-8.831644903359113,0.8670658166626317,-2.611997191485965,-20.837292807938173,-8.775374490128995,-2.3863114469562325
-19.913917560569548,1.7949823786406864,10.690211468703529,-18.611614973083277,-0.07153320391931664,0.0,-3.1392121671894366,5.698503920171309,0.7025147955251955,-1.7195187099623708,-37.51427193083849,15.292951901214328,-2.4941273168221403
-11.678926333096996,0.06325440714488804,-5.078262149879178,-23.086691458129092,7.872417214027177,0.0,-0.13394001783225948,-8.001563130705968,0.6963255136248014,-2.437086470253084,-20.57089471514974,-25.449261686726658,-2.5698021506063218
-14.143507776046572,-0.5337252624016214,-5.854999147406244,-13.288984552299272,0.11645865692164419,0.0,7.687177176348207,-5.49383378918056,0.8937209718206796,-2.6832327048411746,-23.154709732263097,-8.945709076579941,-2.597016155354216
-23.96343447778222,-1.195479238198055,-7.780372283517337,-17.74399085358542,-2.0406954342709205,0.0,0.4531316544520765,13.216497276082505,0.3597417416741748,0.1946723251482674,27.10586729326082,19.649541899837498,-5.401351261770089
-12.599108332862182,0.12357512930799375,-5.467398833125607,-14.250518047325345,0.09513061923414746,0.0,0.048402610475538316,-5.856862055511383,0.8702680004058208,-4.1152542541572865,-26.230745990375635,5.7985395462136085,-2.238702547007534
-16.69960074125457,-2.7177306748911843,-4.265135839272671,-6.817513174606596,-1.6970889621080538,0.0,-4.97530466260432,-10.024669166362418,-14.463323220229462,0.32130820986301684,-24.971558626448715,-8.691561094989313,-2.231340048502625
-13.539748587392578,1.011128053587691,-7.286545721439793,9.711946502341855,-0.35417408074490514,0.0,-2.559683342421449,-20.704321214020148,0.27170505073235346,0.25214601420555116,23.39459998347026,-29.64504821645714,-2.546867466615797
33.86875987424482,6.174091927103322,21.68656865440487,17.713309924582273,-3.0411892406306977,0.0,10.575693339927179,4.02734675420343,0.27154320557967504,0.5410654691871035,31.516622245932485,39.99070165396714,21.093224971643874
-11.136078623138463,3.6273885532463166,-10.871536013547177,-23.505071696574174,-0.3823663035880933,0.0,-2.719944794243247,25.090978149872463,0.33997671513004973,-0.4270687384209124,35.01646648076532,40.80153106751905,19.987974629566807
34.47943699078142,7.618062909956818,30.447078392459648,19.656613620797142,-4.761715680694733,0.0,1.29420575756612,7.165501221127009,0.2991555110832548,0.5467990156985694,27.414918290588286,28.583933003021556,6.600051816336994
32.21298442604137,2.8976290584350153,-22.51022430598139,17.15210611085294,1.1859292755194313,0.0,1.5293073918942108,10.871299357721965,0.2261045722423476,0.5361044720425215,19.584073130537504,17.468802350948494,-4.491764092889056
-12.513049877228203,-2.201810972093104,-4.794766147735366,-7.745355422631045,-0.29165386597671866,0.0,0.523693781757936,-12.921978736801474,0.7669777077524879,-2.382222650953335,-20.681732787047608,-11.425260786707323,-1.992808776573249
27.143222076098404,-4.168651646868672,13.808189584508666,48.048320502382055,-1.7936749930119182,0.0,1.3687779578443986,-20.267494313718778,0.687721786651678,0.727839528557236,18.144368730991438,-20.871972088861234,-6.540519530216675
-15.949776510847599,2.901227117465955,-4.0479733441079295,-9.417234631793647,1.571643025594298,0.0,0.12115540601818703,-1.6596381640707967,0.6636450514748559,-1.891293915821152,-24.293562544923336,15.578024948833257,-3.2542756810005784
-11.172686243864309,0.7731919947336005,-9.452817640367266,-17.996697952088553,1.5134528730219516,0.0,-1.1954869928063834,40.37129334517778,0.3466685168642354,0.1955324106948251,34.204212730110214,39.38729275390115,-3.2595030950341544
-14.57976051826219,1.441328308726001,-7.1277113115544575,11.039839504557177,-0.6846054518696473,0.0,-1.733068817265855,-20.81945035362166,0.2984180179807208,0.26735867690852255,23.712727482800908,-20.80635341893581,-2.954670905030319
38.41370331946404,-1.2617530003493076,-21.0442397496037,13.756772302296529,0.07385546413883078,0.0,1.0752607439656041,0.8891246437402767,0.1955745956744971,1.025891408195144,19.059607772856975,31.82990934300461,-3.844442383849082
-8.73455089505696,0.28840403623442584,-7.089071151687285,-19.2366651862576,8.442266981743348,0.0,0.6126035279048221,0.31278228307667066,0.3701559624478278,0.18500409112192714,28.311699819498717,-6.197080832000071,-3.1218634546673507
-14.636340899357243,-0.7990627033613343,-5.634896379944192,-30.08244121062831,-0.6214633050596674,0.0,-0.2530618635347253,8.483960757629664,0.7913359534218763,-1.9345582089885198,-27.398222163561293,23.580781431502317,-2.05147238902065
-22.49090424467877,0.6290126352347115,-8.93089541352291,-16.15656082568938,-5.118834328538181,0.0,-2.009238827304104,-9.751799795643159,0.3936074262415051,2.0425444168875426,26.605883613659824,10.349358728906317,-2.739870643050316
-12.886354124890506,1.7091225905466791,-5.453155282971005,-13.123487471645884,0.6643540843863028,0.0,3.15914109074569,-10.29462991540082,0.5409665395333192,-2.090192585495374,-23.18354685302298,-27.538581996968045,11.415175710496351
-15.918293868872937,1.6277238558880986,-5.572129454258125,-18.77436427277992,1.0029397286906903,0.0,0.9117493280303792,22.526091319571705,0.7054792124459569,-1.4979550634438943,-28.874889980949224,22.546311235900294,-3.5328137629766574
-11.456213956222557,0.05251585236543871,-5.954475234423153,-18.18551615605303,16.906673373942528,0.0,3.6945531379591556,-1.421931078057176,0.8391880683398374,-3.0608165176166837,-21.524858246771377,-1.1976171147637575,4.841759901997085
-21.149616821557558,0.393476949282388,-7.913345240723764,-13.556622781233399,3.1189413685704386,0.0,-0.18352954148079237,-8.07539265496606,0.3659047097881047,-0.2662807259889491,25.601503549484708,-2.776982401006823,-6.418595473907916
-11.926543423999185,0.8288612102657553,-4.778417766131685,-11.624793069590861,-0.533113568905723,0.0,-2.2540371885609924,-11.139456639186458,0.657676554689641,-2.373412476931005,-20.94510563339085,-20.5345951893691,-1.7266017122015767
-16.16728730738271,0.10261845129255519,8.692134083923614,-24.270673706605454,-0.03077458004942035,0.0,-1.218316806975873,-22.28544775579848,0.7635216381325493,-3.0070535694955605,-31.084521168926408,-4.090206409775392,-2.043164390324226
27.265181891102937,4.70689072390762,-16.107974520775233,39.644048288407255,2.8937338982076963,0.0,-6.933348410107649,-9.78784334365412,0.4005787986793516,0.9682425362612161,13.931502749471784,-29.717886380801417,-4.380474076105205
-36.89103166917845,3.113589065039054,33.4817568324129,-3.7695508658156354,-12.219414153676242,0.0,1.0194223460766343,25.76828560060802,0.806693680023184,-1.9308444204206092,-48.13367364131645,27.671507711887852,4.406396422448995
-13.265972918426147,-0.1962220934879028,-4.41548553069524,-18.77159143343893,-1.3764946409228689,0.0,12.680813346624893,-11.878671485592912,0.7690579034032814,-2.895307350805602,-25.42373098167137,-7.040479038141271,0.49611951209861005
-10.909294647742051,1.4517962653340024,-4.754879308298518,-17.191361955585123,-0.9810764317136013,0.0,-4.469985439349847,0.7193973495195978,0.7644015170996814,-2.8467926342671763,-28.327503149344647,-0.5047901342354109,17.72567545497396
-11.58171868934919,1.3539761114126285,-5.039997785378711,-13.188051024591356,-0.6295148661985733,0.0,-1.0655984107417498,-9.047694917784224,0.8319018659354406,-2.5357193545269356,-20.42248235868201,-16.36869340441519,1.8740764001865642
68.54924672022709,13.938617123219725,19.327448332576232,61.92159312616808,0.032684262068324,0.0,1.0945886248156806,6.439498599367956,0.2960479547732311,1.7156626156333254,22.022479365287214,59.68387345124287,-1.3862058513545472
-17.03903670599785,-1.840445551682302,-12.576105168660208,20.933065715902032,0.587897203965989,0.0,-0.2216086481465648,-18.04444612419448,0.5445898647578974,0.2628143735033303,22.19862359736944,-19.418037899793443,2.6103856220212975
73.58912885493191,-3.713743111577579,19.16953684185853,55.07936111570554,-1.1588193128825683,0.0,-4.679776045278843,-12.228555610058292,0.49314600291903016,1.3753069427874156,19.297457955799025,-3.513332696170663,6.90748497601901
-10.517323524637414,-0.2881858508406465,-7.3784745184390506,-17.187961197830788,-0.8300504888146032,0.0,-0.20826899827288037,7.252295646172287,0.3668968246910512,0.2056005294139046,28.745937703109327,13.87274367137949,-3.2840043125669993
30.943626973596487,2.1415802312473913,18.03117374572402,15.535930370898415,-1.7011964128345392,0.0,1.769325735674456,-21.37918356145563,0.3601215051058583,0.7463214692823072,21.659520209156753,-33.08836158510784,-4.707462672208596
-11.492428245750359,1.4037859328544022,-4.578093108232177,-22.34628888941721,-0.7157744250444729,0.0,-0.1673271576413389,-14.629976637724887,0.680644212142713,-2.7261957125754948,-22.76769283488323,-8.188568726925542,-1.67021529373987
32.060279302708196,-6.074272666236277,-23.799228492649476,27.117483099369025,1.4441091223530917,0.0,4.925222985527607,-2.9294196374490533,0.47358887067387484,0.037394049763204915,19.517552794495312,53.949138050751024,2.9908240466579294
-12.275481900257892,0.935713855110544,-4.728652290391699,-11.879991482948576,0.2950847312985896,0.0,-2.399475323554951,-9.651275390071913,0.671051359147839,-2.3800723983729983,-21.808870192017356,-17.21602120370692,-1.9567313402133633
-15.001482017110638,0.8425681436992842,-5.0331879523115965,-7.937776913224252,0.7748523548791993,0.0,1.537066592437281,-8.981657244451261,0.7441599699843177,-2.3394687602614885,-20.73254698610755,-21.68588617523514,-1.7584782673556876
-16.271095049047037,2.7169114844633,-4.382565429894991,-6.576170978440293,-1.484053574480409,0.0,-4.702766953093762,-13.558100345403552,-8.926609015312119,0.28979349118328585,-26.376011586111655,-3.7469720548145484,-1.9507990625942337
115.32850464891264,6.123041544206414,104.87536197786739,113.65061514269516,32.23345176344822,0.0,-3.5402681859185434,11.65056658133344,0.524079536453753,0.48181639888359745,38.19989983745301,90.17657448050578,-4.595227822273504
-12.40930630523878,0.3960379949227009,-4.839943902339107,-20.94229734996477,1.2816601257516986,0.0,0.39151855626486315,-9.815404480778595,0.6795212301407366,-2.499532082831753,-22.454810469479956,-14.93510751817073,-1.6587001830715915
-17.29828506348763,0.9081096849945463,-9.236018169420277,15.999838796715222,0.25141978238313883,0.0,-0.6858564187683548,27.92629261819457,0.21055646407533468,0.2083738848101324,24.98576535805093,19.25738400661649,-3.726766324549937
-12.073231229918308,0.6448392226397686,-4.794293214114469,-12.488476709909543,-0.41363588622189795,0.0,0.36174255585174736,-8.744627856544744,0.6669723487814917,-2.382861943253187,-22.44813332530375,-20.272285214178734,-1.758091493378261
23.674247573889126,-9.410024719464932,8.970278754354656,33.489698965686095,-2.1623189131699045,0.0,-7.750245698565874,-26.69803777457205,0.6087308095843136,0.761890513300183,20.260101189548838,-43.955044627173585,11.930881496663975
-11.911488165180975,0.7007372909239532,-4.883202674204445,-12.759090120078868,-1.4616707835498772,0.0,0.08649644173029661,-8.888912666120786,0.6617879807759941,-2.4393538374495463,-21.552647384000824,-21.643067090141205,-1.4298814113435698
28.153178396635376,1.1417255278416498,-20.025534062178664,16.0239569637026,0.32387452380248893,0.0,2.257032509084077,-9.60291957900947,0.2993320564660224,2.880698479733083,20.777070368760132,13.849262840140723,-3.2552790931151416
-12.071726604164397,1.1991834049478611,-5.80402249128043,-14.037750846223055,1.0330160785865126,0.0,1.1384097573165042,-8.192952562752602,0.9081936915285059,-2.8937794350902633,-21.881635486915375,-6.248932965749062,3.928234934777254
-16.798348329220346,0.8942831842136189,-12.94135220454626,18.008719632443086,-0.5759763426514796,0.0,1.1139088376681052,11.15034998825166,0.29775359203979224,0.16468365303704355,26.179905279684196,14.051221201863996,4.236980459088641
53.02992202101083,-1.0568457356711733,54.28125154208871,16.61956646901967,-1.5786857384094868,0.0,-3.643844636383011,-23.62577602786375,0.2700115220698368,0.6656067663285,26.828569398508264,4.476897718430583,10.294706481362395
-22.340868071220694,-0.5865793884172678,-8.30909588100997,-19.039904015003543,-0.6459661565983452,0.0,0.46778727464838576,5.821732842102842,0.3620450068767193,0.07041428951873621,24.996863710243357,11.028635840138659,-3.2450504472940493
-11.747404304255108,0.738941611771076,-5.1868863502711,-22.353122665724854,-1.2065211657645916,0.0,0.13588080756890836,-9.200538667562654,0.8520599742800833,-2.849896042418452,-21.408498414104347,-5.9108423746234875,-1.8366836362879446
-10.151147638249686,1.3094748436377177,-7.365129690723322,-23.139748642439518,-3.4662498221618954,0.0,-1.9290625099736796,6.146319688609186,0.42689153358527815,0.05287188902017353,33.7795696856102,8.792107420078572,-5.215155157826195
27.32535431039183,2.009154197809393,-21.025581611620137,25.318107744393902,-0.3740452304613948,0.0,1.8978456721023091,-12.6610255172451,0.3065573514987263,1.3052640042785366,16.73312716542031,-6.667745038313898,-3.891093709178878
23.37957748326513,0.014468214362223127,-19.163244610626318,44.125769391310676,-1.4478811121464394,0.0,3.5826999348578017,25.158175439805955,0.2903572292758512,0.7352930926142789,16.567068981399814,28.88331696516376,-6.5720480899510605
68.36074110823552,-9.981468610384546,-30.9906789205011,60.40211537658371,3.1092476654917913,0.0,4.576248303861406,-15.846585094213001,0.27623503776145086,1.768148241404681,17.261301206810003,-6.395616809248243,4.398412899220066
-11.752177386905547,1.4251467086825684,-8.911348708557599,-7.976458293899911,1.2072548478416527,0.0,1.5296614635289743,8.194219777509126,0.2781173204750812,0.09371477870218071,31.726002408887304,8.711821217467218,-5.477764254210956
-14.655616663902371,1.8009636966671418,-5.952003516549509,-33.41457091743399,-0.20324978802655708,0.0,1.6230180733057156,24.097746084787715,0.6271711214800326,-1.7738020308513913,-30.77310318710268,22.553024108642102,-2.292842392208584
-14.672746899526937,1.5392576262196658,-6.06436833775291,10.312711380941161,-0.9336118316719921,0.0,0.8560303491070164,-13.21653086343225,0.720547657492451,-2.904188646256884,-20.188959705698988,-41.007300015684535,0.7389629777778265
-11.915640276558829,0.8839124483167895,-5.377415162206582,-27.913978907930172,-0.9031708079574847,0.0,0.7819726242282801,-7.622644525190496,0.8342910248772109,-2.927767898682194,-23.39233351202714,-5.274240702646118,0.7789713617096299
-11.721794809754902,0.09061122612409993,-8.94581042328319,-7.336621249870085,-1.1036114035066713,0.0,8.288320168100313,7.814232231364292,0.3541547459136818,0.16527812437607098,30.929616544591465,12.491279735638102,-1.8220640617794874
-17.99292262133177,0.35525327811616375,10.207381306086287,-13.326244483118185,-1.6868675589319562,0.0,4.799180962283904,-7.733416663932416,0.9664495183823528,-2.8081387329751717,-28.83483867556496,-9.348067727807322,-2.407578199844719
-11.130535854344336,0.895503540711205,-5.100042184981369,-24.97075455941013,1.1119014199909252,0.0,-3.508521077618352,0.8460101254240612,0.7906730944839403,-2.78697970744131,-27.856094566318003,-3.5153461311533043,-2.1349495865255403
-10.884930141862531,1.304511236080177,-7.329867800813193,-16.138798136978718,-2.182757561572628,0.0,1.1184050047405347,6.961709502356617,0.41850612222229827,0.19759680480972544,30.710460940975278,11.903123927598752,-3.7880157921140074
-15.578789666201375,1.0333703211115366,-5.858870764697823,10.142104711222435,-0.3462934967140782,0.0,1.4182551516255457,-17.3408905727997,0.6196036877658475,-2.640182377084978,-21.00503459788306,-38.053396348494914,-1.662285040006364
-14.53595363711902,1.7342279516292805,-7.477217771474008,11.799472351928681,-0.1160441855225068,0.0,-0.8307785125162254,-21.589317661826037,0.29951673081165897,0.25346215478475237,22.85612860017359,-21.176887329745412,-2.5698268885052893
28.46041524897062,6.309657520384546,16.31976778009733,48.96979485777344,-5.651728217354557,0.0,-6.0317979456260735,-18.610518726305482,0.3011666226865839,0.8346678709718729,21.987715401167744,-12.682933467165515,15.72827076659646
-19.72702983752173,1.0514139399371563,19.61039137399477,-11.007882091799,-0.15743957660703858,0.0,0.877756972128874,-24.30755787615336,0.7714339883639585,-3.6460429318075698,-29.74609773497469,-38.13418947321267,1.7660217042110888
-14.969620860337352,0.8106901872668317,-5.803788290199117,-32.34784422711004,0.2696389573946448,0.0,0.4889842430264127,5.228257140037148,0.8658350048372535,-1.7795472167575155,-29.01497096080862,12.415619199452667,1.3416817234905403
31.229283536178414,0.7600265087092509,-20.940956919544114,13.112427458071547,0.08069255187034956,0.0,2.8817881299514476,-13.227510359341402,0.3342453483127936,1.3616995006863903,18.499832623554543,-14.927288336480208,4.471670713381172
38.58032949446348,-6.8662591066930245,-33.14007716094789,42.8053820845017,78.7227891606949,0.0,17.09959826846912,27.76034224753904,0.4855241978330161,-0.0036470770944120015,18.913301246363996,109.74622468340291,0.0797121503822195
79.57837674103756,-5.7042232047809,-24.03518171687615,58.478677341669574,3.8731149288732194,0.0,2.8488615905029366,1.7713469239892512,0.3021655924089131,0.7817792176669445,17.288020182069918,28.806937637059573,5.409152393598
-25.003621622065562,1.9563461093995398,-9.794320367818212,-15.624847430470536,-11.308082821566954,0.0,3.938932195391476,29.86174658995422,0.3809414970344665,-0.24946627245524727,27.996220373413724,-2.2861261704173397,-3.5321479113267493
-9.535748018287562,1.1287838275644146,-8.325789345617643,-26.657472881638192,52.12213572904566,0.0,6.254797072167706,1.1996981773414819,0.669256021902529,0.24416562982546156,33.40958831535379,10.616980654626854,-2.7654000082579846
-12.869069289311664,0.4462684233787879,-4.731286527021331,-12.671874740983933,-1.2884555244663036,0.0,0.6668413059959752,-7.707707203209021,0.7604013550865422,-2.4571418232860003,-21.234341793154073,-12.517450919593944,-2.0581907317928048
20.086033349649473,0.38831697043343055,29.199835543148748,37.554915481078346,1.2610347459047726,0.0,-7.633684876591737,36.40511276666575,0.3880154965688887,0.42590062486069696,20.04351529169817,27.254401950817286,-7.125564280217003
-23.515685080224273,3.0548567615221858,-12.069028498178511,-4.7297546883349355,-5.81110302628762,0.0,-2.029690928285239,22.875397470132203,0.23423617338519967,-0.2791478430872728,28.35829841589241,6.1540997734426215,-3.2348410014581916
-10.905775965338513,-0.1660092240356956,-8.267687878185217,-14.123694033425869,0.5658911623815593,0.0,0.14949426371490723,-8.31475063658324,0.39725786879203795,2.4236620514774736,31.224159191851356,14.069677714813473,-2.9435375788096243
-16.970234778752264,0.43690927564164656,-9.024048552513907,12.063163189367552,-0.09264020634341046,0.0,0.9513527952037636,-21.25992864679781,0.3223800155332337,0.29332205825772695,23.681124408214394,-4.8580287099179635,-3.242431209344372
60.88261634223298,3.491702698607894,-27.119978966465876,54.21571517943607,1.7215326883353494,0.0,0.5969989090752734,-1.3833552261384294,0.2749630363817186,1.7415181611738113,16.73584833602205,-3.06589998963378,8.82869368900531
-15.39608063174667,0.5837796488662175,-6.0097937129908425,-33.77902256112372,-1.2418200842828109,0.0,-1.3418796466633518,28.97913397390625,0.6188127029567235,-2.2965066394856315,-29.24963056980257,23.97372183399524,-1.8624607125309622
-16.69317653117876,1.3613984726638222,8.990246327275218,-12.800451163896264,-1.4352464535034584,0.0,5.406507776907473,-9.84642555293607,0.774227763078995,-2.6563870484146643,-28.974193063267023,-24.14819191237247,-1.8109555712682024
-10.388526211960016,-0.2545592781398829,-8.198366764691146,-13.893461836853582,-0.5297257052758065,0.0,1.5791885986687362,-9.488907554894617,0.39805943921998754,2.432111271439645,31.399386261358767,14.05582179557928,-2.9836576731930173
-11.44158028047558,3.151805008308672,-14.589118097239014,-25.193392392156497,1.1017329646610747,0.0,4.238854058307615,24.07647996883869,0.3261820594358136,0.12131729196869928,39.41890996646632,54.95457293604739,31.829482805546576
49.27069841077001,6.298649030097229,52.17706597032576,18.753138870087085,-4.552205255232895,0.0,3.205792318035293,-23.693488607629497,0.34346932962759774,0.9343783260503927,24.76329712421135,-6.198047349390915,-4.698495195622539
-11.123137342469017,1.1094755182122746,-8.200431240865786,-8.049644937727942,1.1366187116531499,0.0,-1.3920779663779201,15.610521650257581,0.23958877009420676,0.2274793474450477,32.31070762185042,11.361172506026499,-3.6358547921090496
-20.548775606384297,0.19480322757950722,7.764195436477944,-20.13422233981921,-1.3609112835930903,0.0,2.609252891829427,-11.932868946610007,0.9304815432025317,-3.901557943839589,-27.842669618595004,-11.058879935318336,11.027029271374845
-15.536853954127452,1.5992170144383342,-6.5402635670789975,-18.901567233983815,-0.2822131869055217,0.0,-2.8946512888921814,27.021270144186264,0.6634668703401856,-1.7789593764729115,-28.676815223729314,45.851030270881104,-4.043813346110182
-16.28036643740712,0.937753650820062,8.665477957863033,-12.694161374652232,-0.36810741830308075,0.0,-0.22190938130985885,-13.68614796595785,0.7774745843455271,-2.4841277965127655,-28.99711647897717,-21.80176250257917,1.200880226339504
56.29128973556815,12.064189583344234,-21.519425936460745,62.5149531053345,-0.8796015688500476,0.0,5.033546335579177,-7.718880811689775,0.8212644436993527,-22.917343270150777,-16.36679419085224,10.507060688215654,-2.116960846684975
-13.3523906332598,0.4710644015038328,-6.623357856974358,-27.460316986079974,10.66902789431129,0.0,3.7906507414615533,10.69014071464501,0.620936440710247,-2.0218987336509024,-30.23883333059162,3.8990330852800037,-4.754030257124676
-21.708483308104718,-0.6171931066546434,-8.396559963113843,-7.701980052442381,3.1876699830705064,0.0,0.07647873401889431,12.371377430312576,0.3050317270899244,0.2265723142903785,28.485760728177873,22.026106549753727,-4.2587860800574
-10.110334586753117,0.6578048545842001,-6.284887039460098,-13.328610520518128,-2.795132127943351,0.0,-0.10190403536037931,-15.337175736474443,0.313283614540073,0.24733487015102362,25.565548199809175,-21.158220723460666,-2.468641895286306
-20.528354326724568,1.1155836210851624,-7.4022093980148735,-13.056121630476776,4.021894638089703,0.0,-1.6653769288175746,-15.768444029915706,0.36611206699863075,0.03418061744695732,23.807824829203543,-0.20387558527403565,-2.6201566188157286
-18.73798589452376,-1.078858528594109,7.391002790700577,-30.4014972799739,-0.8079861588184307,0.0,0.2935846051217201,11.701165560306883,0.7930119421085755,-3.0892817701651336,-39.25726803674883,23.80560642222174,-3.316051057168754
-14.139783998214408,0.9102467372804238,6.094006341844729,-12.474234748236018,-1.1326192978153682,0.0,-1.3976051621968513,-12.075070290507552,0.6564467033232847,-2.572185737303784,-27.083197728004045,-22.242181281196444,-1.8232122346201203
-11.02817783542021,1.095335275867991,-5.072291707920857,-10.761944683968574,-0.5084438926979398,0.0,-2.7353849682904405,-20.356314905250464,0.7108636118230761,-2.566046441490217,-21.17984786974153,-29.34478391991484,0.945359497198652
-10.574625485013017,1.150226970196282,-7.5235782396408135,-7.92632456701329,0.5590142140123596,0.0,-0.14702835330100913,-10.910652902891723,0.3479492391035067,0.27119794582025647,26.423459735873383,-2.20900058246932,-3.936453858527578
-10.74809716029098,0.3573993855386561,30.71601337653852,-17.223262106887592,-1.2658955530622273,0.0,2.8757125843948175,36.30154696927828,0.4014738013168648,0.16460761926650735,47.38931419066075,32.333336011166075,-2.4556677883490785
-11.252923932998597,0.8832772205651405,-10.027541515763035,-19.426550605289695,-7.005429211983802,0.0,-2.7453814921253117,35.25300048666609,0.34166253878541497,0.12369547997138534,33.69772599008623,37.68983079072281,-2.767000815694736
-12.49076297433008,1.228224441222201,-7.116475577939396,-17.232521810678932,4.293055054686196,0.0,0.1973149225129088,41.60425631719086,0.3749143491085598,0.18946645371956475,34.37747503415945,28.694021786430632,-2.0922835448938435
-16.135446244981154,2.3370221533392104,27.893635787841845,15.785459751979735,-3.19063576045905,0.0,-1.6121995041708856,33.342940982942906,0.23768913909048936,0.13598174289195664,38.02485033240809,32.83619036494736,-6.172629117458221
-18.78130333781424,1.1119808976795136,-6.86303944845421,-15.511325553429979,0.9723347664743317,0.0,1.0628324378139518,-16.508396867626715,0.26279708829090004,-0.7401263028183724,22.303832263073787,-16.446398307365044,3.0120064054683073
-13.658827857597151,1.4088499775458745,-11.202197132053222,-8.492039466552583,-4.220964650666069,0.0,-1.1956172356055688,38.59034173219223,0.1984947061851441,0.19391360778263586,35.14750576264359,36.49064005137085,-2.9991649210876696
-17.657011861684527,1.476352705366463,7.174692529610087,-15.282672819683071,2.523326247756298,0.0,0.5432954327285243,-9.33994050489086,0.8765409884722941,-2.240008798418556,-35.77895268833898,10.43728079472986,4.465356701885746
-14.287661382041422,0.8722703022820796,-8.244606427926641,20.06830036733385,0.013326369067596558,0.0,10.864139972255918,-10.517204311167951,0.3198682371527674,1.5196687445735717,26.320993443006635,11.963777947984312,-3.314526270871009
-11.746949386313082,1.252653693277586,-4.892214150732116,-12.778596456258182,-0.2535993615235899,0.0,-1.2975952475945451,-12.75296294943281,0.7286238237946346,-2.362036911999127,-21.41445088713508,-16.44801419501188,0.4313588024795834
-17.554657820167815,3.368384530634768,-9.294661316734523,15.107351222682365,-2.4204859746588174,0.0,11.143858515587663,-14.761679116627707,0.24978383847747626,0.24913999556009667,26.898192274187153,-5.113830352019524,-2.4005955933362855
-10.645326870768283,-0.46051338236901385,-7.040129391729406,-13.541071940755863,-1.7857445945019317,0.0,-2.117816758609777,-26.01535116643943,0.3166117625678103,0.2839863862100756,27.42061348642889,-3.92400891817119,-2.378343954496406
-11.843721943415737,0.11913010868971949,-5.614986315512516,-15.026995322395814,-1.5168056118274207,0.0,2.7270936903251575,-17.80445073556003,0.730945532825176,-2.9715469040631612,-23.70059898664276,-3.598143658578568,0.9114943388518253
-11.886400687404738,0.2608383622971822,-4.917117161861338,-20.74740390779947,-0.587357901029175,0.0,1.7512614773087933,-9.040076259924149,0.6573695548093557,-2.469196679751604,-21.53225478059912,-21.16273802572873,-1.3973173106333494
-10.108401586502469,0.42348397422702566,-6.183831278851323,-11.86707551072061,0.197971188128902,0.0,-1.1443987900351547,-18.478903727054988,0.2996484247585949,0.22721137805581967,25.532838101060616,-23.82993362311482,-2.0336016095938985
-10.640068423425904,0.8535379353944405,-6.334548072189975,-7.395568851962749,-0.4094757248267264,0.0,2.292031024522438,-17.272833181462044,0.29850274087113093,0.2554720202825948,26.488954566120537,-22.273805307007272,-2.48641763631272
-10.93394742561399,0.5518697359444634,-5.026055264476574,-15.701073497895935,-1.1513231258984908,0.0,-1.4029574965903933,0.581104813424207,0.7765696301276783,-2.679466313691896,-26.014347632614825,-2.311760546736142,-2.600682530059161
-17.660430351459333,2.31643886951922,-8.658793841988793,-23.15695849293108,-5.2934548288713,0.0,-4.747395927004291,17.39959504829749,0.36831120622323654,0.011556786489906308,33.90598110708636,44.1889893264359,32.83638256361596
-25.27559484864363,0.2507851934207482,-9.90808669978461,-19.009244727463475,0.002290360662588659,0.0,-3.3722794979036337,17.755892351254825,0.3502672305221767,-0.26569415210141495,26.70708343553754,21.019894554825346,-3.6630523559755037
25.086495658131984,2.8248245447314697,-17.770502470513083,9.277984097319427,-0.8055681200294276,0.0,-2.8888968218426103,-12.26879439319767,0.2661910363574973,1.0708934243401242,16.152287401316638,-43.278881892108316,-2.740060346629277
-14.970934811387123,1.1586662123720022,6.066651849492985,-11.751025347901491,1.079050882004237,0.0,-0.8544247432919538,-7.899859679181634,0.8198808594147983,-2.736207406988236,-29.099054369190885,-19.955200999540708,2.843000749992564
-10.203166538946503,0.8997056517844056,-6.608976032603904,-11.464652013714915,0.05983036902433618,0.0,1.634875832903266,-16.65001947689565,0.3021088144150521,0.2631700936184403,25.508749537346304,-27.939174986089217,-2.309464238891527
-14.208042123648319,1.0921663119177634,-10.825996236129644,14.289417979126721,0.8771590966303475,0.0,-0.333421073185597,3.9722216338147494,0.2849365858579713,0.2946229197925807,30.107478979277573,-0.19036779442296414,2.23769220083258
-10.791135636724617,0.8606933607478492,-6.464913801622614,-5.65357413548227,3.153216996054863,0.0,1.3925071392628234,5.136279012548043,0.21280131884958886,0.18200493918791555,29.341718348995457,9.99780840177136,-3.000367141601378
-10.329193915336567,-0.08538140639630615,-8.068561234714286,-13.788905804921496,0.42505438038266413,0.0,-0.2869844595404943,-9.19729063581327,0.396394066640159,2.4158815658814308,31.288534256448294,14.39143955903369,-3.052299435011169
127.12314176692982,1.6144809099234216,83.58062999059476,86.49235901043001,6.954946585260505,0.0,-10.182192980276112,-18.466851136689694,0.3508754537504765,0.9080193697651678,31.257864728238133,-38.82577764633629,0.023294048474680387
-10.300435995741866,0.7077604732191588,-7.013476320262437,-16.133904180270786,3.210741077071595,0.0,0.9190709703234301,-18.488731830729627,0.384723908142268,0.25955627092383865,24.23168126356077,-8.473866009280624,-3.200895732934324
34.10379991547079,-0.5678828705604647,11.150125752764778,-15.903530141517125,-1.1726391993668042,0.0,-2.150412772260974,-14.704846154654277,0.3864368159480044,1.0838978670895876,24.133496056625848,-20.10458473669191,4.419617111632725
-14.418820394797118,0.7490568276001114,5.618354385819393,-21.35430821083433,-0.7360038071874546,0.0,0.9413352294169043,-11.188326056584872,0.6596841164355949,-2.636646521284714,-27.87586525280789,-20.365626027457335,-1.5900700096438467
32.69936916387097,3.443176314218206,26.76982337177245,21.337972172024116,-1.4301035081622488,0.0,-2.5217875979930655,-5.515564583496391,0.24942583927303186,0.8515628991012925,25.5501556861834,22.166499087084727,-3.310599932425723
-9.95601552724693,1.3868697836159565,-6.73857712307366,-6.176748883967625,0.2663624402756769,0.0,-2.965096522908929,-8.705246565757331,0.34809463633123006,0.2680970722473455,28.17026050037884,-11.968871512950018,-2.950737878061326
-16.865365276721402,3.093294990674238,-4.420086142692117,-29.72429628617134,-4.692917125647916,0.0,-5.331214604368683,4.0644033244625355,-14.835300855522163,0.19344554314436374,-32.07165296944194,18.25113326865443,-1.9653176556761411
20.32463700525662,-2.032765372494836,-16.038977057870735,-23.810197005138615,-5.276275752678317,0.0,-1.0165673800698705,-5.530850893465778,0.5084927705651233,-17.07583019555311,-17.755846037043572,-22.920287462974827,-2.16818947223152
-10.14651828265728,-0.6141317043625428,-8.02884652481977,-12.8492283165143,-0.19127867237380375,0.0,-2.941387216834093,-7.5387335417599655,0.4051889574209637,2.425382679045516,31.14642746411291,10.964356493776666,-2.8692787200861227
-14.456738889871312,4.098010432446912,-9.323833647121429,13.735424730813712,-1.4621648845871398,0.0,-2.730419344476639,-22.700336277037586,0.0789068874624114,0.2885565365350194,28.28735914100357,-8.014695623903647,16.56500175277011
25.47951003936335,-0.9275757495980766,-19.549603522475888,13.295841383084577,-0.5881104753558334,0.0,0.834379584622856,-13.089395066421917,0.2843862135191123,1.3813700558712807,18.44135070713973,-11.142589955567116,-2.7566712527211865
-22.409416163099273,1.712736369590317,15.601117719854999,-12.009611924990773,1.0092929747727517,0.0,1.229996264418641,-11.81830565861215,0.8932403470565413,-3.366484993284715,-29.879717727851222,-18.191748670284245,10.87063097965977
36.078195906315564,7.351801193683512,30.08792272452371,-16.484746530671917,6.339567851670918,0.0,-5.080055505538197,18.461170085920106,0.41675177502958877,0.3130882201018544,30.475967027382175,25.955742116780026,-4.9919123742088605
48.48277825673138,1.0789150020304847,49.08754545185307,12.723687606641915,-3.019055454676766,0.0,-0.9523201105341652,-24.067586539229982,0.3646673962539314,0.8524281923892544,22.502761095397002,-32.230844664560166,-4.134190171743853
-12.06461567960453,1.913482430429567,-5.906659878231776,-7.491167702867437,-1.3511245210103364,0.0,-6.931750064182847,4.722879879149033,0.2583102446659919,0.18787029871786617,28.489102732052334,21.535686928240878,-2.556757432340764
-12.707144228155464,0.2287076472911544,-4.647952410016317,-12.781207365305994,2.92063319963728,0.0,7.087651173018072,-9.6176124517073,0.6952027575312654,-2.372187975455094,-23.35977300524314,-17.61639131972022,-1.641968233887082
-30.238525695416286,1.219472284751427,-14.10305574984228,20.067535701716974,1.7631710865136558,0.0,-0.9379525251613755,44.46941574876832,0.18498190969353423,-0.08465450159698618,23.413474824162833,44.65683011472468,-3.741779269926418
-11.991002259827464,1.2042380955449983,-5.324461138370775,-13.489493961990128,-0.9443241793515713,0.0,1.3016492385576373,-7.089074142047743,0.916620662307022,-2.943807647727639,-21.409058371769653,-7.038441134229118,2.2734090371756728
-16.691745193189014,0.05973248055648193,-11.62732372532842,16.433709185270157,2.4192005883882763,0.0,-0.8026053667019691,7.832806879260342,0.22981292431477554,0.3806272021841284,26.583240215143125,17.993597576963037,-3.5318776739275686
-18.356015286152612,3.3557457335889316,-7.954381029389431,28.005833368373242,-2.82294767261977,0.0,-3.305878354513721,28.319411135742225,0.3613540182103514,-2.192123194853125,-27.095476453923517,52.804515853381744,29.04492001498814
-14.32011502513551,-0.3724201465675075,-5.17100805707514,-16.412757080861994,-0.20662650745247876,0.0,1.0064922838558843,8.186163350275123,0.7775103642960391,-2.393674106295214,-24.188861911839144,17.174732204636776,-2.362093939778577
-12.290118243511182,0.5547302901413153,-4.922166458210019,-12.596928072925627,0.047956021608138784,0.0,2.1835915061837547,-6.4537176765102355,0.7631947113781391,-2.2607567300233016,-21.276278196550578,-19.956015746072676,-2.1314798274366242
-11.076900633735645,0.20736981771059335,-6.918256125553363,-7.021472211912028,0.34520489858466546,0.0,-3.4122946449200806,-18.06937915407206,0.35247274286232355,0.27517771690495035,25.225364029731736,-10.340951288688643,-2.8882200446716686
-21.537556951505056,1.0965704983072813,-8.495563557046912,-16.022110520770653,3.1489138039041675,0.0,-2.7793569700106575,25.378757973413713,0.35581737138486175,0.2583491437173066,27.421611916093028,24.381559263467942,-4.235244977214446
-9.001461315676005,2.378220373242272,-7.681291035146644,-21.78299434470269,-1.8847039784947768,0.0,-2.72053194428704,6.461020493774043,0.3104910908585878,0.23210695921257551,35.06603231083801,16.051302613999326,18.899589626975757
-11.536299981820681,-0.09797345867464281,-6.7399088407640395,-13.683181792526563,0.02354320222253831,0.0,0.5457933801828851,-18.358999599009067,0.370646254438083,0.2791730482262876,24.579296198546537,-7.145049351474509,-2.373627826621691
35.653857498986824,-1.4909279928097376,13.53154120521524,47.74658842782421,-10.48234919314209,0.0,-1.3692716469638264,-7.058086127023863,0.3868630158568192,0.5204145158716389,17.055217954930196,47.2921388230019,-11.00626511235554
-12.611394210417595,2.126946621271709,-5.0698654593678905,-8.117802941561564,-0.24663275964360507,0.0,2.8269587959307647,-8.72727983978678,0.7670182592573367,-2.6006494819961197,-22.00994435167493,-22.526179850365608,1.4621246278648607
-14.457851729128784,-0.02176935837199708,-5.297701059679458,-28.554869644863047,-1.369084808950614,0.0,4.217160239478915,9.96449336588942,0.7353382577216143,-2.126406653128727,-29.556573186283615,12.578204821462311,-2.4433556310596805
-12.775384036703176,0.6437946132415463,-5.60256302273678,-13.246192051597168,0.34933212933845004,0.0,-0.13006241035537577,-8.266169810125591,0.856566600595268,-2.587995456026166,-21.342942337725795,-6.74662286131788,-2.451146047894509
-11.195609876802743,0.2022401934834676,-5.7289802711448665,-26.740017882891117,24.27393286397077,0.0,-0.5440234234161554,-7.268870829260137,0.7091437422340509,-2.8429840891673672,-26.046977693378345,-2.917475053370335,-2.6423673608640064
-10.458314638337027,1.1561512488239984,-8.698803858855095,-7.962576756579277,0.6216465794083168,0.0,-1.5098544089069033,-17.297382349984844,0.34388073946161757,0.370156165233311,25.708488090373148,-2.325164236074313,-3.6874613171906185
-19.521925632441683,-2.5585705077901877,-7.82623174310532,34.25313866688983,-0.8878916960390074,0.0,1.6611117715601265,-25.667125130939848,0.4207156372347634,0.24653770695993166,21.264150996398136,-15.261359294299485,-3.2160480569322987
-18.09165183576312,0.8575706827363098,-9.929703320173022,22.843007899238415,-0.1615330680698852,0.0,-2.9905170746722507,23.58027551458101,0.24927528763387463,0.12735339394887996,23.565047348936258,46.04736068771215,-3.581772866542744
-11.823986355715432,0.336805157146731,-4.7886017526915845,-20.361245863385633,-0.22741332804376627,0.0,0.1713267567411034,-10.380489909121588,0.6576890280919822,-2.39087719406431,-21.64562690909442,-18.241262389990293,-1.5165869258603926
-13.281760309034631,0.10670456993111187,-8.232873464951451,15.345679937714698,-0.6485848492997704,0.0,-3.1320476680008618,-12.478099499513863,0.3412721439280692,0.6874366863837239,26.065575879036437,-4.510353916645216,-3.4142863227853684
-12.00978240381444,1.4795836964331077,-5.7699128227296415,-25.82324102820264,1.2086219481104554,0.0,-2.3125352282119245,-6.475081928304823,0.9510723017842764,-2.9466915770659448,-24.56450403930898,3.033719476975678,1.6714290898127955
49.059880849819216,4.528572454476626,-23.467557378698338,44.76706807196053,-1.5927125936131104,0.0,1.4483341641487297,-10.34119914358875,0.4996530815563358,1.476948837100141,15.704035070097618,-52.20469289499752,3.353473573888262
-10.308546937056922,-0.5354758326521746,-7.726111918579644,-14.951356093564996,1.1405743933331896,0.0,-1.947415038186467,16.283102989465014,0.36779437267124643,0.4880701032663987,32.48083716351667,19.41111663152073,-3.3267861855300307
27.320643312738937,-1.060937918537279,-21.459137210020106,13.26938210695244,-1.3291742711506014,0.0,-0.6209644245684559,-11.27984141526518,0.23232755849090217,1.4626534743547446,19.684171460304437,-10.063846362460959,5.059896071578441
-15.25602968388639,1.9288415169148048,-4.4852826167819675,-22.489145842576125,-1.1123447195242284,0.0,-2.447754269438299,-8.547683082478994,-13.732472987446156,0.2996569196495321,-24.46977634782044,-5.388137026064102,-1.998134443454066
-16.42265417988584,-2.8675173769267683,-7.4230122155715055,10.915593210812604,-2.6403156969413417,0.0,-1.3925989722802408,-24.16454571908974,0.3165011307777423,0.22581041471307356,22.435624479281433,-15.137212384034715,-2.6670288078629114
-27.640692011157523,1.623824977383001,-9.95756867081873,13.649127597609695,-2.5720937085843496,0.0,1.939660565611017,-21.761171337804,0.19700823162757497,-0.05141371123356086,23.73147636937592,-0.3656652908942518,-2.1383005926439256
-12.87018787227713,0.2402247596404427,-4.713887760020804,-12.572840545575545,-2.2145434111238007,0.0,0.9837934747002695,-7.675885286609437,0.7607918515640529,-2.3604434666930683,-20.69446538868152,-14.498067506419375,-2.018762359712218
-14.834555883844555,0.37668763601200195,-5.483265546581898,-28.30332907711525,-1.2460988285561037,0.0,-0.2530192472724,0.0323036092663147,0.7790645399833017,-2.4953914229064647,-25.68868610585407,16.88575682930823,-2.588195129390486
-11.559579142207719,1.0025232320387005,-5.239075731401,-13.431091882087888,-1.5840113349077032,0.0,-2.738291433085341,-9.097729948433152,0.8553771576377287,-2.6676137549666326,-19.903830443619743,-4.781979777712464,-3.0064634966109804
-13.678871160671234,1.2677897229947304,-7.502901142967153,-6.2929413978285815,-4.415596296849315,0.0,3.2492915176575212,24.003844428498734,0.2420913699499883,0.19504105377670547,30.37286315514322,18.02963294912224,-1.7686279766879485
-19.79449282172735,9.977451898478343,-4.956992503919613,-16.943462171055764,9.229602882421203,0.0,1.7797879957260019,17.80563412294829,-13.417811083799899,-0.02073656741998159,-28.61048582619591,27.85387033141773,-2.820087678990597
-11.586006479155044,2.894661399552579,-6.57010470623404,-6.606266655459672,0.6276632417305169,0.0,-0.9476639761266639,-8.03451715621042,0.22887742296428532,0.23833068479958905,28.190676834046,10.181247285666183,-2.663321490177843
-10.644919115420107,0.9990183620132828,-6.117818512329484,-7.524277625113683,0.41740208960904057,0.0,-1.9389236913536907,-16.87105308252998,0.2947196375090395,0.2501404342366141,26.29683825466097,-21.044045854834437,-2.6554855165592137
24.089233290730327,-1.5364035221195105,-17.274773625462267,21.369979261989453,0.8556658662585903,0.0,-1.6697540871323457,-9.564385756408452,0.2774257770929897,1.0401768709447674,16.38895220953963,-39.629828032159445,-2.666570321944289
30.89688808597761,1.915864596935699,49.25252342744098,24.849625432318728,7.067674439865903,0.0,2.9353128228152956,61.695401705068434,0.321699007378789,1.0554149046898624,24.956708225881258,46.97508326595132,-4.864345697221479
75.23311584904663,-15.329174487615465,8.96162663704078,61.66178406265186,0.8764702189059129,0.0,-0.13190736300999922,-25.953894002923104,0.46971342588672743,1.5484887230178541,21.84763204598013,-6.667315128724067,2.962850321663442
-15.049025465764766,-1.5046210571763958,-5.748739334681927,-17.1509814242825,-0.9586693697108427,0.0,-0.659833713681017,7.483220457432262,0.7836766887627624,-2.0126743978722237,-26.943513294859954,22.599100358520285,-6.432380983178875
-22.2852542333233,-0.38393115928843136,-7.283290664916227,-14.327002278827853,-0.8193531584356839,0.0,0.9197959418912417,-23.65117229459248,0.3119622745581705,-0.03729915205975486,24.74044505493661,-1.9924072176486396,-2.4051792945038946
-24.2842388228154,-3.2188990951569436,-4.701632961291383,38.76138203480033,-18.38061705619698,0.0,1.441151820584131,14.035586530822671,1.1258500452067308,1.1819411843045617,-19.256798791080083,-6.701401105716524,6.168045552456677
-14.399396789199285,0.4281541829941023,-5.7558130313608284,-26.04932146920479,0.44017482856757584,0.0,7.989554751705008,14.773995474745105,0.8440345042740612,-2.1035178469931832,-31.6805180575638,25.639155770347173,53.35391631704289
-12.2281311802449,0.8739480696631373,-4.7395637808539535,-12.051062194570683,0.027122459881443958,0.0,-1.9067228970632333,-9.299001129176311,0.6594860411866976,-2.265616575917284,-20.913426467450282,-21.706143159187643,-2.039576547108829
-10.271142206120347,-0.044740136564808256,-9.37082737898693,-17.733790305833384,-2.6798757978260324,0.0,0.5472954531862212,34.74677985034359,0.40342514858916356,0.2064376782420922,33.153497729596985,16.903079430499698,-3.6898170295316897
53.48380482485328,6.962581670074142,15.721913070104065,64.71522375938223,0.48644589372063035,0.0,-2.9175624608256174,-22.80536992879844,0.604444933708729,1.2175481354960338,20.005842119852915,-51.42826298702974,2.546877644764321
32.07572484587801,3.8879654691291177,22.41857175396455,19.168643588778114,-0.24221225915476846,0.0,-7.630783987347491,7.550195841459292,0.26156390240706295,0.7658824855618949,24.713895424391623,20.949584582808278,-5.174180115837649
-11.305120614674587,0.6035088770160645,-6.801626576854819,-12.804428252466886,0.2541230497659086,0.0,0.04589183551690126,-19.012689744846433,0.370888955314765,0.2912646111454354,24.65077419216276,-8.632041534638148,-2.847656018071549
-15.477002139524485,1.705870661684831,-6.875016695149124,-18.645444160444033,-1.056577667302326,0.0,2.6765580484659566,24.789156881706322,0.6814927941546586,-1.9322726851065788,-28.189981028561785,22.37966664327493,-3.472332965645726
91.97179066563123,-6.770524206123586,44.41565491873439,48.89544480847003,11.626301650287363,0.0,-0.17255834501601075,21.172126725201064,0.6793015427198227,0.5794095254283385,21.57053597792022,29.229150071354617,5.4902609527916075
-12.327014938697141,0.40919271192202444,-4.770321908117108,-12.952152892936768,-0.9595793514638832,0.0,0.8394231462979754,-7.691539562230283,0.7634550977133397,-2.447724413178263,-21.293677098846274,-14.528916956445912,-2.091250202159246
-11.563416428652472,0.7144340222558675,-4.794394771299197,-19.11428170800517,-2.11915191431393,0.0,-0.38469110547042507,-9.14956217738205,0.659641577132083,-2.484268141232927,-20.994473511132124,-26.82975467181025,-1.4340629062927228
30.626689949898317,6.2072194854328835,-21.391164264751936,19.381684731556707,7.369570064812349,0.0,4.193111951219119,12.763051400420585,0.32516805882126054,0.4991894059337389,16.267108110665955,30.65070384560162,-3.669142147697079
68.83963160615446,8.515549996489264,4.622544058803119,52.331231150900166,3.2639172765213136,0.0,-8.318687301499272,23.144374357369475,0.3119664637316724,1.075932386238626,19.834125140148505,48.92537436112366,-7.663543939121641
-11.02111075525373,1.062433282285892,-6.628727279248317,-12.767995365187442,-0.2954583947552277,0.0,-0.2682543055772854,-18.767154502912923,0.3747420974617051,0.2820029621754636,24.66532231371312,-10.615901541858149,-2.860020522728579
-12.369021602663466,0.7277027808020909,-5.377853255445436,-12.838430444099124,0.19169035650370342,0.0,-2.1594464015167283,-6.918341666532191,0.862866218916187,-2.505442789187854,-23.656078170110348,-6.236984106519627,-4.44122330703622
-11.639367408840409,0.4241405670711193,-7.665692864422814,-7.052203991924536,0.1032327943343062,0.0,-0.38714169448024505,11.41639865066725,0.2365647208683064,0.1874151053127453,32.99823541578688,20.15284549912979,-4.189456419831541
-15.214385382922753,0.625276875642652,-8.880681568946416,12.590150376454401,-0.628223544296523,0.0,-1.8611062717501778,-12.431186583626316,0.3176273813719911,0.2385865559431668,26.875915077300224,-6.000181465636454,-2.7801168704126678
-15.671704876575056,1.446972424665013,-5.209748668195926,-15.70289813041474,-2.308934118294876,0.0,-0.5152192748231346,-10.61508627984724,0.8076958455936764,-2.5725129367823865,-20.180601310066233,6.719398469965295,4.216383913803352
-12.329747727483994,0.6379843191905369,-4.884205888162116,-12.32617205476929,-0.4388037151619133,0.0,-0.32819784460885476,-9.34157503684879,0.6701549195876191,-2.3840898218152264,-21.847972154394,-17.712574909147552,-2.021944119620092
-11.518679713002566,0.7957275888235892,-4.74548084011454,-18.97665872443335,-0.9923884336022901,0.0,-0.10175269965675453,-10.289967469456332,0.6559271949704214,-2.466832916516452,-21.594951682111628,-26.629272556353914,-1.3985849104966819
-12.54574429372572,1.243201615468427,-5.130671399491911,-19.036798633805887,34.91105248336153,0.0,-7.742480407071029,0.9902154014706873,0.9278914074724466,-3.4770986010993905,-27.8805062306183,3.3606662263556144,0.6309046192936568
-10.746815011895153,0.8624225308192717,-4.828592970314474,-10.486725503339171,-0.838088617322452,0.0,-2.78530165105014,-12.85360250793484,0.6523267821569222,-2.433683711063868,-21.438801875963982,-32.38600457593523,-1.5371125405472315
-15.5993562380459,3.427499159842882,-27.167469098501645,-19.345950027255242,10.139328629330555,0.0,0.5325583718754885,20.831353962987507,0.4258314783725796,-1.457526760829743,-33.09813939278112,35.99685860042361,22.03952017868104
-11.718162079519322,0.8621756600752948,-5.4260979882927955,-13.826440330653476,-1.4478702578502698,0.0,0.6894799178732236,-7.954825784571919,0.8626921560639537,-2.762828866875464,-21.24725081485127,-1.013319880341235,-2.8892632873598787
-12.031133360488342,0.4660888350598002,-4.744393292642266,-22.21660725979589,-0.784380230352101,0.0,0.37140018001678127,-9.629945963618226,0.6710435888711429,-2.556125794854329,-22.497923449538767,-15.306681518342238,-1.704645850113495
35.396689984063215,1.6488772776493261,17.185851764753163,-19.031328897888105,-1.9341729533581802,0.0,-5.2791464987354875,-4.817101214414366,0.3678444947587487,0.9806891505672092,30.082312162151002,21.424268467169505,4.179734011174787
-12.142475145574656,0.10727115669566836,-4.021560918850389,-23.29816960016491,-1.75686753408613,0.0,4.9390414658184145,-6.16765488067805,0.6851338974513748,-2.3328576038308926,-23.229200518552513,-24.541450588698023,-2.2873733570095927
-14.060764754178912,0.9851583010005427,-4.68787856850837,-25.73236998426747,1.7271036005940779,0.0,3.5375012226053735,-8.957782743482404,0.8208061568056858,-2.123235659174607,-24.127094405619882,9.372672620712342,-2.7790322960922036
27.713947807675943,4.558103173602218,16.494022853739853,21.775834731169606,3.8531554335019798,0.0,-0.266448528654119,-17.598453716607526,0.39382312175218437,0.6508188658000059,21.421629215465995,-46.28287070302342,-4.804707142808145
-16.266953915478833,1.5836206265089907,8.867913301952413,-13.047583872596594,-1.4331060586095916,0.0,-0.051894646335815905,-9.20428259688886,0.855004116136387,-2.828029061315217,-29.048171927562784,-18.021253481549525,2.118305869593292
-11.871331877225268,-1.0720608252502437,-4.925804089117091,-21.798933209524147,1.4021803750660187,0.0,0.21612939427715375,-8.094919531441562,0.5624007504184655,-2.4202718427246324,-24.12759678848368,-20.609066619817842,-1.381144256184591
-11.36299795222609,0.7069930284074589,-5.12590947648198,-23.878842396264346,-0.18527494427337313,0.0,0.7170373943379602,-4.933359947585394,0.8673267127839438,-3.1481409688877493,-23.956764399737743,-4.066484066480597,-2.1708043743757557
-16.136736447300454,-1.628704247224184,-4.744701774635594,-27.157802813927265,24.305187706576902,0.0,4.9494829221685395,-2.6655896666584886,-13.413883309145994,-0.08524906176935326,-30.055809971102978,-3.280077284258265,-15.905453401675814
-24.380324909719118,2.2884484041453907,-8.845255108717692,-21.72158705071323,-4.011583240255275,0.0,-5.391533992848846,29.099466461537652,0.34216133477322724,-0.07346206525896168,29.483150735753515,30.72828920722318,-2.726694300345282
-16.209719260335092,1.1190483391615358,-4.853930045853345,-12.952280953392634,-0.1964460141298033,0.0,1.0059395211791597,-8.315301226726728,-14.996835385239079,0.2772467035397292,-26.96918894220942,-4.265886918706336,-2.6062532102678966
-12.486979441227508,0.6333845223061425,-5.323901423171786,-13.566336075751764,0.2657187480162456,0.0,-2.0561415529754443,-5.123947537870939,0.8742564523459251,-4.0076110760462305,-26.29795117930092,3.2781583026142966,-2.4386762091599157
107.92905029750875,-14.992728561622398,50.52682312444411,159.52376246171977,10.860015381277105,0.0,-17.96143706061456,-7.333675003332453,0.5937409694830886,1.3715672809096768,39.58395840375094,-51.74513269076909,23.40567403483571
-12.283871314831526,1.1240991257009307,-4.889198505601302,-13.184416545013235,-0.5905819658727081,0.0,-3.0547906552837434,-6.996605828358209,0.8532332781990593,-2.4704522411082004,-21.487324178286997,-2.66010765964757,-2.347304378599125
28.782655818708488,-10.892382841589395,-17.440335075368292,79.98113932262204,43.96782533199871,0.0,48.54817024190409,8.74777848848689,0.6188080102642904,1.6463325231137667,23.531839485986787,-0.12488249207336431,-3.735337172080852
-11.745847760085606,0.6138810090442948,-4.986399116336948,-12.696108697983084,-1.623415009845308,0.0,1.2190071982749773,-9.191608394938225,0.6563202462137158,-2.3945062511150916,-20.650120130203028,-23.56072705528204,-1.7625793720934126
-16.28546017576156,1.2423852279139427,-4.948401113698901,-21.568832284120404,3.726795808581719,0.0,14.461083225867686,-2.369131589051857,0.5964209174988748,8.075717568548505,-31.940796147422336,53.67025253144356,3.1588430032964663
-12.087963237704315,0.4604761665718167,-4.59395384792983,-21.661400525949574,-1.0106829503623331,0.0,-1.7848551825262324,-6.292134061149078,0.7620951291343036,-2.166193145318924,-21.885388892129573,-13.704430426181007,-2.043556050373737
-10.8313726249354,1.1561425097962215,-7.291448000441685,-15.29066024777938,1.239937801152673,0.0,-1.3405961384720837,15.355413233644768,0.3750610636643472,0.5374186597230252,31.50207440388272,20.459536338941565,-3.6459229303355656
-9.781314536816382,0.2668410434669963,-7.997946714794816,-14.057834904391715,0.6831823981567376,0.0,-3.636011880215993,-8.430817645020213,0.400995315355527,2.4166474822919133,31.389006872291336,12.38196319927487,-2.9279287606410795
-26.694431710911765,1.7137895113050512,-9.53145561596961,-19.52220057523179,-1.420924162243909,0.0,-2.4448851261934292,31.30086145530167,0.3737435077747182,0.16382141196293026,29.703078935014055,40.04600051648126,-3.442808331970133
-11.123899631781628,-0.05905434116589742,-5.028627258078644,-15.545665538075868,17.064724303356975,0.0,-2.257382357838692,-4.0805564671442855,0.6889680402849656,-2.389531304184155,-19.917179553746593,-29.32681821561106,-1.4862977177021102
-13.307413936294372,-0.20755002999223604,19.946792805951933,-13.879896099618858,-1.821450511457438,0.0,1.3498686447791375,-16.741023870648398,0.3841398549462511,0.2943508603439431,35.54610132659156,-6.813702332362181,-3.743717690982292
-19.87148684999638,0.7879436789005787,-7.015331170400269,-13.995390354365458,-0.486025303517484,0.0,1.1113575094086745,-20.795577886794035,0.3264370183362334,0.013939445057856938,21.79467990579272,-14.402385808404746,-2.8245700063923596
-9.262621516809503,0.7976658940148285,-7.089025715601288,-15.11804314594063,-2.934994896079749,0.0,-0.5660830750525448,-8.438691898927601,0.3843883975909931,0.6980309248101408,27.37935768136549,-6.401792860420149,-3.3074715719648196
-14.92135593088565,0.9832977782074753,-5.797258350141373,-21.6909015592887,4.7200738239709,0.0,3.296010017317621,10.58591988289512,0.8662689498126935,-2.2400908445004797,-27.290520919099908,22.184141853836067,3.2578144555618223
-8.612417851341169,2.0347603136657977,-9.910049883189094,-20.917680049005007,15.370469444051643,0.0,-10.918830757396911,20.89215970936394,0.4591669319743076,0.11975457476150969,30.15224594465302,19.54082952351972,-2.417979064745269
-21.653200687205345,4.866629224527792,-8.193068177446763,34.89085388946171,9.907407953935328,0.0,-29.96431054889454,34.49103032845936,0.5700461466301341,-0.24964568206578686,-29.223693594308173,87.18319101100614,4.673146392464387
30.337299750295145,-0.9358070829217494,-21.583718415195307,15.297725463372284,-0.40204890039029617,0.0,-0.8427777208771069,14.02304654248007,0.1618987429966875,0.45556503462541925,19.47152435891647,37.84782334013739,-4.908614942339989
-15.554982062142276,1.7458113822651868,-5.541196456706245,-29.40507429643937,0.3197258485485607,0.0,-0.8001605848678233,16.753488521028693,0.6507327133662678,-1.9297678920327224,-29.273465851967746,18.987414780328237,1.113057038861257
-17.897294032055306,2.605904522971669,-7.751354587582855,38.50735653070565,0.06629779602701305,0.0,-3.1307339283820252,27.713071206665504,0.3117965553195912,-0.002365323897988765,24.90914297043616,45.851321002964355,-3.9799576520581548
49.581328507248685,-4.182153147487164,66.89571021025391,37.19212103588843,-1.3930139116360767,0.0,-0.7174383425981256,-20.245061581978778,0.5332426982619728,0.9708314253930614,18.956097093473442,-19.739704916853547,-8.534109249478732
31.586698438725048,10.740302753264308,26.07456794822765,36.94368874744034,0.7361036532154802,0.0,4.142736111931758,-13.68753938332985,0.3456292053249806,0.9129983547257144,26.474179182549864,-3.3604145498619737,12.299405013626645
-24.977147311845247,0.7914126413466203,-9.503935646350003,-17.987770773854102,-0.841701763162289,0.0,-4.63914871649136,20.255332247997465,0.3517525401234548,0.18309012059199237,27.779200630552204,15.798790830435967,-3.8407861014184195
-14.205466462128376,1.6133431328960086,-6.37214945235313,-15.06868061770978,-0.7381164418263303,0.0,1.5562030813585523,22.501809918857173,0.5850397206938615,-1.8221124013736352,-26.728755015262305,17.32737024437059,-1.9108790530245685
-13.13647829946586,-0.581727320475524,-5.140753807225395,-14.612905197479854,-2.4947573853949905,0.0,8.235171153844757,-13.588471010736896,0.7157066665606825,-2.7904924358936425,-25.183694711668657,-6.595052639593569,-1.3445658925803268
-12.629005321147382,1.1382365263991738,-4.907606281267176,-19.669548940273778,-0.701137659630964,0.0,-3.4349719549902806,-15.052990161070877,0.5203176856093616,-2.2154174739523977,-23.493688152417505,-26.96750157448831,8.75609221823372
-15.785018869856472,0.6398101453331602,7.393808384484798,-12.83742457479996,-1.3342212182223099,0.0,0.7773725005482439,-10.204073188489037,0.850312523495294,-4.656516487480183,-28.512929344055,0.9485727306740739,-2.337643497247896
-11.94037981968018,1.4991631206295633,-5.401746892091699,-12.483042500886373,-0.5619652074809479,0.0,-3.257600555973839,-9.007641788787708,0.9121988899186404,-2.9144581208193814,-21.071900952320945,-8.764666384830528,1.9818881634401564
-12.072172692777938,0.6842011919540126,-5.091626719322987,-13.731718019003406,-1.0024704573315457,0.0,0.9612029263511395,-6.193143356359459,0.8118441504943764,-2.6200931887788594,-21.332345426752326,-19.74465983803313,1.657033004138796
-12.121683793748083,1.0486315372205177,-5.165847411615065,-11.753865739447336,1.5401478058066984,0.0,-3.7855075416090322,-6.635526706315123,0.8684494172701568,-2.6600526568589067,-23.245984950156632,-6.557084720764979,-1.9000830044088566
-12.15370524460226,3.1306951515812282,-5.510637999408372,-11.462609446964112,1.7883866597664435,0.0,-2.123437126262175,-11.968345131488297,0.7540668689086152,-2.9831155043766113,-26.15995037346756,-2.1633461809504433,0.8477619321590405
-10.78999184163864,1.3503308022820535,-7.835613472794496,-6.126747971066996,1.2608124194764152,0.0,-4.488523433857759,7.229054736288005,0.28027665007238,0.07632217294278985,31.16583942549844,7.652488179801273,-4.936247935978064
-12.393257306352288,0.5216857067594803,-4.94556615001718,-11.422909510031376,1.8450959759404069,0.0,1.9266740305330587,-10.860124780529429,0.6569157138215034,-2.3630142666330447,-21.076623080852542,-22.408697806344076,-1.4796817743136685
-13.344316507429664,-0.08057473952575923,-6.290336534472691,-6.419457857037399,2.3882764048295266,0.0,15.948299604342086,-9.059872852552363,0.25671679617719767,0.25143275441396684,29.346581236779183,7.408378813562243,-5.134838127441835
53.08886808300094,2.1424216600508736,86.64385172092824,22.294639409164834,-4.025780037290209,0.0,-2.0107189675179944,29.569503958737588,0.30200306991688997,0.4785596627881683,31.221900668135902,33.256783396213194,4.161619216677102
-12.233189542273918,0.5201602398161751,-5.03051468099216,-12.169046822288387,-0.2678496901063112,0.0,0.5081222968953056,-8.527136315720435,0.8724955928520037,-2.6017272542853243,-21.864187649963718,2.053106808967789,-2.8697249681426107
-12.028356100502721,0.40274485431115914,-4.720148856276746,-13.018001364099693,-0.7238185613181592,0.0,0.23088766795821075,-9.894436520048934,0.6698649685460942,-2.4569079033830143,-21.832923575896622,-16.622838382549162,-2.1162329652590763
29.891141051845945,2.9176839548947733,-21.965165707830547,24.799753428710456,-1.2977319664241636,0.0,-2.600802490870032,-14.85478753957163,0.2502478398973037,1.4701570440360614,19.27519675789533,-1.6324702468139942,5.4420789436204915
-11.474815631762162,1.606939870221123,-5.471025766655435,-17.032981086391107,33.662796147982505,0.0,-19.079523109953545,-1.238256592597125,0.902489128757513,-3.247583542194213,-26.453935791576086,3.71690736752978,0.4930032746656247
-10.647510964505972,0.4544154332102693,-7.4525064637423695,-9.732768916672176,-0.5228233608836115,0.0,-4.353076018919178,-25.92792226067035,0.20937207166696045,0.27483263390521295,27.428518346039382,-3.668125398964884,-2.212404006764602
-16.240971665000355,1.038992511241365,10.554046524399178,-24.33596933169207,-0.2778518223255835,0.0,-4.4535119672946735,-7.461708398888136,0.9629785988479915,-5.572467180224586,-36.26621318513282,7.039752366813299,-2.2001511896134867
3.453663505346361,-0.9705524000140598,14.172089230501248,65.59882705589558,-4.159397725682139,0.0,-4.069825479855195,-9.614117670048397,0.702265100099871,0.7162344953750343,20.69345376136387,-5.79783560497223,-12.651142153784392
-15.313604796623736,1.7548258666712675,-5.237241216330725,-30.37530161097316,-0.16337917622392334,0.0,-2.823600131847666,15.542571525967082,0.6162105282035091,-1.9047455641593667,-28.51662229878366,18.309431773011685,-2.696410045892818
-15.069962260575922,-0.07051108813875251,6.45636731960374,-16.3317155611227,5.00082059163962,0.0,-0.20404315280314955,-7.733922111989481,0.9098500639067276,-4.22316780492254,-32.63524936382156,2.2163313257931754,-2.565807545210424
-15.873142961715647,1.6493072852408264,-5.118689517359068,-17.805829520117804,0.20637316661097893,0.0,1.4015667949423585,21.373654532807876,0.6114009909495273,-1.7450916092558844,-27.919186240783095,20.995187653155078,-3.6040483399876293
-15.741967967969389,1.0434957988301958,-12.480690928399808,12.892091045961706,4.428070906661637,0.0,-1.0870957647683988,3.9655828921488836,0.22569723869308117,-0.18767644463806618,24.880120465897576,7.981052436094154,-11.861138825705238
-22.013671896091584,0.3030526176367338,-7.488726262861635,-11.129237593074395,-2.3576921170888663,0.0,0.8765611404610649,-24.228942546561402,0.20138721306176455,-0.02360171449443356,24.659637962204133,-2.5357649471713892,-2.5132173253359844
-12.233820391940654,0.3130298151728208,-5.4309639880522935,-24.059358740844413,-0.09815404792558831,0.0,1.0123373961971815,-5.628193538347928,0.8728097208435285,-4.235702775157725,-27.081748638243276,5.870732324916691,-1.918424441319162
-17.852707526646245,1.1911460964035707,-8.433574455341732,7.955978118848408,-1.3687189814931229,0.0,-1.7441496452543306,-13.013449029695856,0.10789870443857656,0.23187465133660826,25.114447639789887,-2.0972979290675795,20.90254422075526
154.89368381685446,15.58708481845903,136.6261468873367,91.22375750938203,34.35103663570198,0.0,-8.387169409252275,-10.902340923195913,0.4850358800836884,0.7791635898620832,32.51147584235761,-20.03679423971373,6.381590142799172
-15.653069073023486,1.5762205309182775,-5.425966422978316,-16.076792894736116,-9.979810013808102,0.0,-1.5617260473447971,13.32423582141728,0.5850416350098596,-1.8751809896815597,-25.19643821056444,7.3015928606083,1.1394086260336902
-20.52231355926034,0.8578478419329638,-7.074277923297592,-13.81313804178758,-0.4397007973697091,0.0,-1.4508450637801575,-17.309297418573916,0.37438565461756607,-0.0030270789776680337,22.144205394350216,-6.874169879014058,-3.1725399990496563
-18.93299963184927,0.5153386042058294,-10.223448705274516,13.342177724613189,0.3152165328444692,0.0,-0.14319878531186533,-2.912604363341212,0.2302684863765867,0.41900571358409844,23.187626388243494,19.51250497531575,-3.76271222727185
-17.500114926162095,0.07093494888009398,-9.81452539572418,15.301608561436042,0.8929209965736238,0.0,-1.1814396366796565,20.574885232418854,0.23332739386824805,0.49994864651760684,28.313701959236283,18.350997509266335,-3.886118339918828
-16.770658194866776,1.2279353359904968,-5.45187625100901,-17.771416345889392,-5.1958908341231425,0.0,-2.3655333946449946,15.162859872792662,0.591842976745711,6.6864663089565965,-27.792952010645916,33.43869315334748,-3.0932140153927485
26.781332999949743,2.4048449260000084,-22.912002567269255,13.296282987369265,-1.6994141901397488,0.0,3.345518559117095,20.842456560248582,0.10297374135145516,0.5654840553427373,22.347845076422978,51.32534614032746,28.69322998882253
-21.61486903019264,2.2534776678598836,-12.467787389166853,29.20144888827306,-3.8766870586580082,0.0,0.5436572045722498,45.61802999601481,0.1946803817065224,0.21142503275077554,26.160101787690433,49.559354531995936,-4.710047212812698
98.34833696028895,-1.0579203921289344,82.88891999432194,85.62986602645853,3.2231913012766213,0.0,-11.039453562839533,-29.030599248533854,0.46532467785458587,1.2551582468122053,30.968378684187662,-48.08072849697375,4.724663499867034
-12.90954102910438,-0.9951659288918321,22.475086347198804,-15.466792268578269,-0.4531079989256539,0.0,-1.9955835097752077,17.061245398435233,0.36805657235145484,0.5788008427171764,40.98488709671861,22.190283327663682,-4.709435781191083
-11.543974937062425,0.7642459733691801,-5.696153087355776,-15.298123246369695,-1.998819762162879,0.0,-0.013606307894931466,-17.47242392892312,0.7055302965344048,-2.987959776599251,-23.830419131843257,-4.457937509357892,1.1563185821571298
-17.658941521712414,-0.03384454533567541,9.05366201536516,-16.32523067478462,-0.33368301990319027,0.0,-1.22129881650457,-0.05317180295801589,0.8145279452996098,-2.5567302960637495,-35.214560949719825,12.98788982607977,-3.0535777260874215
-11.834867081147724,0.6640437713282209,-4.70398047575401,-12.84124463874416,-0.8666763220413176,0.0,-0.6024904515860602,-7.904851201063404,0.7618058200981497,-2.5189243092841185,-21.25986690131455,-16.260755401741424,-2.0697066645591136
20.87966139585803,-0.14112606186944252,-18.14166130239192,15.732159499340241,-0.20900219855473642,0.0,-6.290113631822942,-14.055508573546488,0.2673337959693439,1.0656789130386577,14.920998533684863,-52.92009642842059,-3.222529306403985
35.01278572059951,1.9803817641332784,19.23906403585628,25.999132451946515,-0.008537445845123344,0.0,-3.258969147199785,-20.01358146908622,0.2971970992147975,0.7645136241649183,21.764876524793028,8.28238643510226,-11.894668756015461
27.986942672849985,2.6456275227550274,-18.354276594532532,23.389879664840958,-2.1663647952954226,0.0,-0.49208147740718466,-13.809732488935216,0.2948964539898319,1.3447903334213422,16.06780396966496,-15.247538350587053,-2.801494701773183
-11.038097842902138,1.2040249757543537,-7.191411100718475,-13.148559889138156,-2.796450258955042,0.0,-1.3159422225003814,-17.465831368226826,0.38729956171722757,0.2680395250626874,24.072024584226316,-6.676322521087064,-2.869457008537404
-16.860365254256905,1.2722449503684594,6.172448615222895,11.147140908872633,-0.4630114144868232,0.0,1.9414979744300476,-15.493318321203196,0.6770084634378063,-2.8452680756477213,-28.466313032080894,-40.64778424638962,1.068424382973304
25.829864653470242,3.5097042254402253,-18.112783096395813,38.52413375363333,-1.3678777953556183,0.0,5.4289546772635875,-15.429238245358487,0.36541388012169645,1.2140682267430494,14.050335259861981,-7.669530818325025,-3.4708236326970545
-33.65127352834887,1.0384979272354542,-10.295425474794746,14.754788876306444,-0.6758175351721387,0.0,0.9151932744525588,35.489615295850946,0.2167323966117349,-0.3160088117295292,22.66055458507853,18.58781417306735,-2.5630423826112163
-16.79050750118605,1.9850250306957677,-13.320488095887088,16.48609216269443,-2.7167505303136834,0.0,-4.2656949244706714,30.321677775663368,0.2519930999040616,0.1954498528881655,26.263581957541714,21.255389473404065,-4.814524733592269
-15.378274909505432,1.5912440909403374,-8.175224884208392,11.703842579334946,-0.09050454996868536,0.0,-1.9837781700785746,-18.99736552176061,0.31987820156372426,0.29716879166321386,23.68240241065992,-12.142838525147171,-3.3504619406860727
-11.418547108899505,0.6167227804473231,-4.780183894818723,-18.38786079462243,-0.2741875564161414,0.0,-2.472368063625339,-9.155432404606257,0.6590559142197928,-2.375273496337452,-21.06772273240249,-26.388457979715678,-1.4260752149118243
-10.51416640751288,1.9964857106557092,-7.389933422365799,-16.849985322842084,0.706525513537111,0.0,1.463677806005768,19.877165205944255,0.3317035578997653,0.19684651599653788,30.58591137756619,8.915605493177283,-3.851767023410112
-12.17473781186667,0.8765398226829476,-4.953888938385284,-11.052291159054233,1.1057632077064425,0.0,-2.28324719898722,-11.339037257245662,0.657340873793945,-2.368874745345386,-21.067340520053666,-20.380779618953753,-1.67349931937433
85.4338078492301,1.000994514370049,51.143268782348414,29.66656160178153,16.142875721221948,0.0,4.20154429315201,20.474821440151963,0.2733278002542451,0.5628856679226377,26.457979807913123,30.690650533180712,6.967544377742335
-21.216886790387807,0.07523200996228772,-7.094966609544204,-14.651367575651319,-0.40412124827637363,0.0,0.4795360202471947,-6.071896711227704,0.3637314632626656,0.13650812099069487,25.39991282979791,-1.2639399250992875,-3.8570136474142087
25.749077415020448,2.1103079707647323,-17.986572872839105,9.481518767145573,-1.0410697678077387,0.0,1.546043473019237,-13.146619095171243,0.2406307162129341,1.055734287791801,16.675688389382852,-43.292381040708115,-2.4891598352649056
-12.750826479692746,0.6915686183808386,-9.606512118845645,-7.309708629878372,-3.1720953760921557,0.0,-5.3588995548496365,34.94067695902951,0.31993766738532203,0.21131274393538693,33.16596091222799,18.169781654842936,-4.3866229955209635
-18.93415739535831,1.7064285249281008,-6.41314246859079,-9.7270592451862,-0.9527356798187059,0.0,6.59522385750599,36.727373460317494,0.5476226399108538,-1.867039119564226,-28.79988601916877,21.94811830349407,-2.8922941678117224
-11.652531794309128,1.0918256758437528,-5.111135765637551,-13.7003247049134,-1.3357661869691464,0.0,0.30337515018845373,-7.702206024769698,0.8522580399950179,-2.674724127096552,-21.49871405971404,-2.465495963151303,-2.3094305277952882
-12.241690292135523,0.8325501605674351,-5.173590576487714,-8.546043243764492,-1.158158993876706,0.0,-2.6738346583969803,-10.282738671603965,0.820708177843715,-2.621333821931056,-20.413920903021854,-14.008417262616902,1.0924170203819328
31.036918221681553,-5.716523515993885,19.80523287215299,25.698503880594412,-8.942295359973569,0.0,19.85103099389443,-21.423520519857423,0.4773417279899899,1.4316897733791958,27.91886943989405,-17.678058181688634,11.679258699282299
-12.869594172489213,-1.951525206699864,-5.093900208356709,-22.286795344131562,1.9313528295798428,0.0,5.973490111801221,-7.577506029742744,0.6876107400010106,-2.695257060900877,-23.895205690270345,-22.817648672737725,-1.281243630793716
-17.681150704074412,2.3229417532048515,-5.04617644706144,-13.522984798574466,-1.3739623871757072,0.0,0.6996222178320921,13.521538933347331,0.5268075528570977,-1.8981488115854332,-26.64803217117984,23.490771414324485,2.9311881396711077
-11.44603606055107,0.5489946373159728,-4.311388404117783,-12.109448045941425,-2.25158531649398,0.0,-1.0585368599807086,-10.77156367953729,0.7081663470105996,-2.6459217072514716,-19.78253789119627,-22.628384780115553,8.18899860064606
114.85970577046754,7.673229026875688,94.5907359872085,106.22059421787279,12.57221002261079,0.0,6.1762421172666535,15.126081097768184,0.559723354316571,0.5243138570799621,41.66786150978969,67.33566787783496,7.147046496482846
-12.286424439850895,0.715115904747522,-5.0579946759268966,-23.58465540594693,-1.1398544790000902,0.0,0.7113532497482965,-9.93745342986475,0.7838430371242968,-2.808691328272772,-21.65745367919172,-4.780099239286417,-1.7893377402659962
-11.850455813117616,1.3478514336722374,-8.568892066119341,-15.197144888716583,-0.5631920629559598,0.0,-0.8541343639159092,-15.914680439456507,0.3948948727433319,0.30584554170757877,25.709524198706493,-12.195092701996826,1.6792679483904327
-11.52453770949739,1.6393152064507923,-11.056808395312267,-17.74872951217041,-4.129060585810993,0.0,-7.707192399627046,36.10946027848391,0.350234500522061,0.15988111669346625,34.156394343671856,35.89613940435176,-3.299890977310503
-23.940153500026216,0.1626762876239337,-8.028291106814057,-12.96369995810924,5.468364337542296,0.0,1.7298416044310418,-18.909448858202477,0.31940546599355296,-0.41286067285260586,19.834911680224852,2.1031745971310287,-10.171764317948428
-14.6386763698351,1.4605079548195155,-4.3424742312602,-19.258425005931723,-1.6662471554868292,0.0,-2.326508429278912,-7.502820726478959,-10.226848875284789,0.22675317905504982,-24.896367490577983,-18.587053269572454,-1.369147306142309
-11.805374002186701,0.9899378956349575,-5.509591123487779,-12.647153333101825,1.6659815303006662,0.0,-0.26690418009190986,-12.760980545736176,0.8269530077992898,-2.7692035751794544,-20.613831588978616,-11.422551296597122,1.6988553130414843
32.129028075451885,0.2883810185601219,-22.862496086209557,11.96643324818866,1.7216334434647482,0.0,1.4495090826119628,-17.91415771119461,0.2517250050788635,1.5054270822489102,19.05781031243789,-6.569785629235587,5.531716736639148
-12.146243740516406,1.8670226931592735,-4.853591443340112,-14.00379987871343,-0.5065104781992544,0.0,1.6561080861353947,-11.722183740820466,0.7375235175631982,-2.6110971075510214,-22.224864153744313,-11.699699250724715,2.153548169536481
-16.159846956492153,1.0021748671734743,-3.748944972890009,-32.317408464651145,-0.5640465574034944,0.0,-2.173679348722618,23.014823907390003,0.6299778906142217,-1.5356127689587047,-30.32681624603216,20.332756454295353,-3.1433129062095397
27.816167234631585,5.516705765778378,-23.754123661991173,15.514664591665097,-1.3615766510628535,0.0,4.235000903216424,6.9333723070982565,0.21134295941373238,0.56968355730758,19.737763617742285,14.632126496592592,-5.205604819564849
-12.386055759648414,0.1858165570015983,26.282587822427775,-16.442331225236494,0.2783328100883189,0.0,0.7739932221667455,-0.5419269613472972,0.3802430803561562,0.28304963325882215,40.96917209828488,13.68332110271829,-5.311169648835625
-14.64227915013485,1.6842788911594393,-4.9655581287581345,-32.36988427570083,1.6237497021719942,0.0,-1.366760452723525,8.721395784102116,0.832916407030205,-1.9503840231548246,-27.933610766250116,17.141032973620806,-2.084553256785549
-9.053758607083441,1.2271596119535755,-6.52763703049903,-20.78085219007494,1.4218599730108523,0.0,-2.254194677593338,10.171050717848406,0.3262862472813242,0.07739427567810987,35.88050188863957,14.325509579324311,17.925082415123725
-10.838889967274119,0.8525492557841098,-5.494824990831028,-16.92970997106648,52.11935646385043,0.0,2.7870720817338532,5.045202685356017,1.0212989351081316,-2.9606431883129476,-27.461634240320624,9.541407374741492,1.1867156362190403
-15.872214371677105,1.0731628748306072,-8.268515756074516,11.829275722593295,-0.470542487495145,0.0,1.1261278136568371,-21.27668253596358,0.3194769942144446,0.2633518574902614,22.93275749905221,-10.115248100045044,-3.1440741684239533
-17.082789671217295,2.848517310309158,-7.99340210343517,18.586276211111276,3.613919600773705,0.0,1.1838616607241261,-4.910661024383819,0.23907821962381104,0.21483663191484004,21.105157979842573,19.177231644464634,-2.899218011722886
-17.695302680822106,1.138997293200899,10.671419977749279,-14.01896596549191,0.9227607910857776,0.0,-0.07624222712397193,-10.647624477900596,0.9538195566914672,-2.861164102600912,-28.35434957353549,-2.2927303785038182,-2.9027326625045338
-12.01790664985249,1.4065976191734035,-7.491877573169877,-6.082796333793172,-1.0580078044880739,0.0,-1.0344669835108917,22.63257221332732,0.19870360019996416,0.184708015446565,31.600277282852677,15.285006632265265,-3.1359809648327617
-15.320099872167411,1.6602575764133995,-5.1747244732984745,-18.033999661115796,-0.647508592104052,0.0,-0.40597636743740617,17.77906582629155,0.6488126753602664,-1.730538416829323,-26.797011946960122,36.72840810938525,-3.025999266914707
-10.633803920578295,-1.0507610377710066,-8.556886187095083,-17.58331473990718,-0.7855744779796868,0.0,0.2896367919681101,8.920216621674006,0.36767759549195794,0.20572045127069738,28.551494891819157,12.980519062450822,-3.8998046513526825
-11.895399708167915,0.9225596077119728,-4.6287567749998875,-8.837092348471504,-0.6475210514399707,0.0,0.17597967515240334,-11.366013470704264,0.6457748593539719,-2.47369014984609,-21.23757771536543,-23.464421616232794,-1.7325490876233924
28.660143386220145,4.824129972307807,-27.508038169207126,58.12644572888502,4.873290129435204,0.0,4.472305662040975,25.337352205016813,0.20972141636734914,0.4564118844269568,16.325444410657983,64.82621802137568,-5.733198827044913
-11.115608792152836,1.2326196275806012,-6.811280195740912,-19.60548116818959,-0.8648589926263136,0.0,-2.2362045656917626,35.476479501818524,0.36940107021301827,0.1426141423795318,33.387060166222504,12.815074577024754,1.0649604451727297
-11.51188599249546,2.427449754227284,-7.300075056476017,-10.083736329792474,-2.3272983161796312,0.0,-1.4441601499021672,-25.115018099011074,0.21331342397153705,0.2686653303090114,27.277841326565024,-5.204275858485381,-2.2532480917219773
-8.770864874029531,0.15297318759703438,-6.989112033074051,-16.171149435010516,-0.9640973059822261,0.0,0.5031040518861221,1.561310530041637,0.3656576598174773,0.20717370995151985,30.919694024328805,-2.7908763183429617,-3.2233502298833265
30.79194537358111,3.4335693231786446,14.765521501673504,28.39746271123731,1.0481987356182294,0.0,21.458337892359033,-13.957921471627909,0.05351268741328001,2.304516202758752,22.450833621639827,-75.25115985847928,24.573087377979384
-12.87373176052385,-0.26149045370319973,-5.109788112972633,-25.041657112847382,-2.3784785645713193,0.0,8.022652988759477,-14.813945626704138,0.7161680515498913,-2.958651907738129,-25.937866709238076,-6.343394715081129,-1.330129782779374
-23.584837332205723,3.8239838112156623,-9.053085801097552,-18.687801180459374,-2.019579025118213,0.0,3.14158047807853,39.255030075996075,0.4075429685243318,-0.19390189458120796,29.174646702361457,18.039016286517242,-3.828553717953617
-10.96928756844317,-0.6368099507434789,-6.960327463851553,-13.401150772426258,-1.090010674043119,0.0,2.0348486853905237,-23.28660622806871,0.3176768827384731,0.28215217325995845,27.432739504087607,-3.319029282361998,-2.4059528196240136
-18.293614589309016,18.609307009815012,-7.523347644686596,92.1924081522038,59.37669757272465,0.0,2.275144877854127,-23.911054892131,0.5094205806324711,0.27430961513792285,24.058634137726372,-29.156646648481793,-7.135471034621844
-24.169750724887844,-12.293581872017254,-8.654427867303198,36.003773701820776,-3.7628249815301777,0.0,-1.515206440875151,-20.555307327569324,0.34797713750966514,0.28602715085481634,18.315652118716823,1.2099474850838337,-6.712595624813586
-12.649976067067241,0.2556123172598141,-4.766748719583535,-22.153073310863448,-0.2750362920892401,0.0,0.8225406811066254,-7.574433287268,0.7630697960816987,-2.421092699794115,-21.98479035946542,-11.283649729099706,-1.7383481619044134
-12.794595355188786,0.939800135828212,-4.92334225977619,-12.802529016743792,-0.829364259535732,0.0,0.3738467747552546,-14.157393142868097,0.7278556690015926,-2.570728787358172,-22.338578011331652,-17.875639923442563,0.10253948065518873
72.43920332429322,2.5732963976551537,19.204448962382855,59.16292603301211,1.4326544628361941,0.0,1.3307289344975315,-14.872326507302322,0.609601052777485,1.3542179389550535,19.177272053122586,-6.73340583900676,1.7824442132151024
-16.284144202373955,0.9351123497314846,-5.780755950885029,-9.584833951748116,-0.9122040570623645,0.0,-1.2886065649642207,10.58184652798231,0.7220423205658575,-2.175212436181413,-27.375921324430927,12.168458220392967,1.342176802703261
-14.585121832539947,0.19883129569233554,-5.343010705658932,-14.357723144072752,0.24528756040413746,0.0,1.9318693176881323,1.0498522911964938,0.7605525314759657,-2.5627062584117017,-25.125627710417337,21.89100522419938,-2.8082154356226137
-13.82458584816201,0.29712829159121695,6.292615236563284,-12.616150485782873,7.276653282828554,0.0,0.7419482404729729,-10.751710413735717,0.6900559345156776,-2.5375170570924155,-27.57765553502624,-35.94199001246717,-1.7469381948070124
-16.308515604663548,2.4140650725792767,-12.247112446660847,14.805901135086655,-1.184305318923935,0.0,0.8136115088948489,-22.797040145269182,0.2606338138446924,0.3009259508956543,26.354977455570097,-0.6720027817259667,3.0887189418123393
-11.886832272659072,-0.1606422304299441,-4.504351489890605,-13.498968429851658,-1.4431642350889986,0.0,-1.2049125044429176,-19.19980579958493,0.743882347987615,-2.7619735766466698,-21.96569156662539,-8.300000879072376,3.006766384177367
-17.150731146929353,1.2258370822705553,-8.82234722329471,-20.45105206152229,-3.141991610646456,0.0,0.4687530748839935,25.318545709359704,0.6100324595130939,-2.0162421957859094,-28.213404745187376,40.57292765334137,-2.953780440130388
-10.601754332315611,-0.40376693462861113,-7.530691805216618,-14.127250763793269,-3.508621700637474,0.0,-0.5983188868493134,-8.84995465609401,0.3825400339407642,0.2840560459238651,27.450154044703016,-4.242984930054252,-3.2255228533549443
-10.494114111328921,1.6008967373245175,-7.129754233131642,-13.72969265349966,6.152106267248456,0.0,0.6203072394566252,-15.728744866929105,0.3237251186008713,0.1532981983355707,23.83437612738999,-33.17190865736878,-2.145500821062746
-12.47414573507847,2.195275218495396,-5.992419978563171,-8.475822817101164,-0.06528094712363529,0.0,-0.023641890736848917,-7.409327711500172,0.8897299263922649,-3.1166648418428426,-24.998539796572782,-6.891197655011208,1.9963935327758262
-11.902068082732146,0.6137500431070441,-5.030828162295327,-18.09487230014983,0.6948964885211687,0.0,0.7069499818512701,-10.843309650978618,0.6557027243093597,-2.5400362405441843,-21.549733252603268,-25.657389757891018,-1.3122007467989651
-12.997453514170576,0.17916977676364854,-5.770242791866517,-13.406707744536934,0.7660931808792154,0.0,0.5649429416022731,-5.896813651728303,0.8710155362147103,-4.232822962838591,-26.463667484019627,6.677998656137211,-2.0991783549234495
51.85269640157894,2.402324833474164,11.942331421939096,52.45570185162479,-12.916176587833794,0.0,0.9342255972863335,-18.74898595988707,0.4906441837121397,1.1335732416511741,17.708347292112386,-61.588374265675846,-4.238163423168845
27.508921319528724,1.611883699266212,-17.79506702774592,12.64278274812241,-0.4616217701107379,0.0,0.9497070890142999,-15.312571434272392,0.26453045669436276,1.1460076788690612,16.744973004990207,-26.664314236734374,-2.9425700671535635
-16.881016491423807,1.2608058287455748,-9.358470816575732,12.529061691129929,-0.04135539076900842,0.0,1.892497383840153,-21.212033456773987,0.3235820465279506,0.3062640354173904,23.699215186861096,-6.217360932232258,-3.2589283298692258
-11.761311371786501,1.0981952068763712,-4.964068559146608,-13.504801353982891,-2.00374847776364,0.0,-1.5321253471515979,-7.36659329514058,0.8557742557222178,-2.654649218448452,-21.18198503451857,-1.7218178211525936,-2.2617201025294222
-14.043367391031985,0.9764092817275142,-7.3739769161026185,9.600686238314497,-0.28842260781178747,0.0,-1.9110300856283273,-19.95824814090002,0.20706931643489623,0.23712206470968444,23.37710183254669,-30.599492097197846,-2.5154413482566356
26.30323557104889,1.6615029032699669,-17.758331452623548,13.820565681516017,-1.064102252212708,0.0,0.7562894313938542,-10.842582428574113,0.29705481216673474,1.345703434233919,18.189547066990357,-10.033340832998293,-3.2354301152306744
-10.423096364970046,0.29527297978169015,-7.248391586792484,-12.35813531453951,-1.5245703682175937,0.0,1.2828782837971808,-16.56854840106363,0.30074340946120603,0.23193966504388364,25.034881978089018,-28.0727579067662,-2.0677316712769906
-12.356667769588272,0.6372509717969037,-5.330967487366422,-24.43357119872203,-0.4244886083340944,0.0,-0.4105604025711809,-7.408045481186252,0.9203015835503509,-3.130169091710901,-24.697335819382374,-2.267329560724207,0.5899999344336184
-11.960048864236809,1.0480140885060134,-6.855606622312159,-13.48012522954569,0.3867395849925171,0.0,4.239178782428824,-9.456001631796122,0.35681275180179245,1.6398342994586728,27.929357744891956,18.517223376784436,-7.011790551075388
86.7436596072919,-14.560390108171916,48.68438955829683,56.16306900471141,9.31020991559165,0.0,9.37013624946409,-13.258590092043523,0.5186976540685622,3.7374268639833716,24.984309057092087,19.934251154720368,7.333093703963233
-23.57183143537212,0.178278356039869,-8.422555699459643,-16.126450871140083,-4.4406359887843365,0.0,-1.0317812533035364,-5.063406109717941,0.3557913855913223,0.3141660828740557,23.36959048742468,15.310542636154747,-4.016435033198527
-21.56073916766633,1.9318693425023468,22.33745111204728,-22.341582563929965,3.4383726136925903,0.0,-5.860417051358086,-11.094646603967961,0.8057639131645051,-3.8202531815309513,-33.30283039264535,-23.438042080195235,3.585306785066888
-12.43901645589208,0.2386153849429849,-5.254885501015652,-22.940939510789804,-0.6141743090797452,0.0,1.6519042903782515,-6.140976396785858,0.8666135571421147,-2.9078519033563848,-24.182339201737985,-2.0191212879592477,-2.0332456140759496
-15.03754829939519,2.0895408089870386,-6.386575033030637,-16.664066381878236,1.0104756936932193,0.0,-2.0314477947984266,3.419034831596941,0.8787659173786062,-1.8249839439806865,-27.299143802659923,14.617031754300124,3.828315967301314
-12.184988464354873,0.7919371745716127,-5.442191552660959,-24.578156821941366,-0.788326069050967,0.0,-1.9832466330926435,-9.66722946950569,0.9070721474193705,-3.1309449778676837,-22.197516619303858,-5.051857590853712,0.5599781092591464
-12.103134397083227,0.01400798515135537,-5.536230485394422,-16.499114281454904,-2.1335149056288207,0.0,-0.8840667340076058,-5.390355980477798,0.8285630367401439,-4.192083258469814,-28.029818886130467,-0.3702314832912532,14.507794749584114
26.307115152214816,1.6008968738198543,-16.282854899426237,-16.48735615150482,6.519427918497382,0.0,0.6841251394276894,-1.1320949298881648,0.5669213966192519,-12.371888867392634,-17.533835267484832,-29.845613652518935,-1.622543695099372
-10.345012944696213,0.4053513651349849,-7.60529956980788,-9.973824286719934,0.5485008978619217,0.0,-3.061299960896694,-18.03603505876598,0.21746207524961553,0.27282504927969603,25.84612836338137,-28.27799022972338,1.4093107169058938
38.86957316582249,4.1706747832559286,21.871217753368878,16.212198104797373,2.2472669652804154,0.0,-1.5824927939447169,-16.388032415563927,0.26787460661549245,0.7030578004320882,23.38453788534031,18.75695935894283,-10.10446413167112
26.39126524162552,2.800434482507699,-18.14081924733655,10.702240072213106,-1.1908717888064324,0.0,-3.1117246788783355,-12.707887363985988,0.263943818552445,1.0539086622239187,16.746281552802987,-33.848167309057196,-2.8780232760135296
-16.14012632967643,0.3541889394472162,-5.934432054733961,-32.47993974399728,-2.00904931089914,0.0,-0.9441893743605908,24.3275337447693,0.5957895389090477,-2.123713943717232,-27.857371727734566,23.10727237284725,-1.501594273758305
88.19684497083404,-4.27055671296573,76.51699232039768,63.55413279527013,6.62556108521407,0.0,8.65108607564607,-25.467284994420446,0.4047085057690195,1.2103158987293563,22.249832763718228,0.18931681616198795,12.013462745750461
25.23113046853639,1.7783171759378764,15.067132427997658,37.609344346089685,-4.455563643532223,0.0,-5.602010355508214,-12.700671681696802,0.42284348852569437,0.7571545222757281,18.714540192724655,-4.214261738228293,-8.88456613719347
-10.47667394834814,0.8008607889332787,-6.130911746661422,-12.414273149984975,-0.6904660424673065,0.0,0.2964675722140962,-16.692276121200738,0.3147914762423115,0.24194365533482406,26.15876205083495,-19.757012456225375,-2.3464915678445664
-12.215555357156921,4.784809288350288,-10.648247887467887,-6.183366259690689,-0.6082568819258278,0.0,-5.846959975362932,37.360322952496595,0.19317688376771577,-0.058566007757106416,38.37863932057599,55.59520432212992,26.176066955021255
-11.7585966614012,0.005327169189612561,-7.8566380512046505,-7.555660866151618,0.9238445837393408,0.0,-1.1135386591980252,16.858607479668596,0.25282126605095095,0.5470263089494077,33.08613001055149,21.115654494551592,-4.084132677015069
-14.188120731273607,4.2703527250432884,-11.584406882142034,23.7351386620103,20.632486342261686,0.0,25.220390637491633,31.319010681305997,0.20284649887149253,0.07781313806559251,30.892851837658654,84.39015055508204,94.19301036033865
-14.968614980969205,0.7983527659635079,6.765344533578672,-11.945012663577307,-0.8834229229173047,0.0,3.478044080325555,-11.090481505727109,0.6651084892490511,-0.7450750984524305,-27.104698103293302,-16.50926749021167,-2.055056877671315
-13.677745606225884,1.4993844633111846,7.1226749017144275,-25.344896111689565,32.98606471770063,0.0,1.1972739544849915,-9.837532240042702,0.9900338900635463,-2.7231138194057474,-34.50910655117936,-31.08339512185875,0.9255038109839889
-12.433106597948061,0.6230960836146658,-5.455830387491997,-3.239703974753089,0.029514363610038584,0.0,2.525774603646844,-9.6792743192707,0.8931578682335999,-2.6218530521055383,-20.710165236514772,0.6011919261778617,1.3094533405209874
-20.5828746426224,0.36573187182090694,-7.593456215617238,-16.19899512692425,-3.5623611280473906,0.0,0.7770986374287405,13.418219532092966,0.36505323699167225,-0.27105914250482105,26.295326240466288,18.707824339157234,-3.5195344062787695
-15.09729218676721,1.8547436299838924,-5.527844097301263,-16.28702425622786,-0.41876596005599814,0.0,3.8298628600450204,14.376899219676481,0.608287470624526,-1.930585398107322,-26.502417740210667,21.228423980646834,-2.903632366487603
-12.024652016985534,-1.1167805009111618,-6.437335926950745,-13.976241407818229,2.4141549307577117,0.0,0.29803583426314256,-13.005064758330887,0.35116427153681246,0.20510654137416195,27.296309659566333,7.798361677411657,-4.074610318185426
-10.78181252435337,0.8678958672069129,-6.010691525945242,-12.030043199346386,-0.15012917834644635,0.0,6.199949582708848,-16.03248733578842,0.385221526269132,0.3226296165091921,24.9668924637182,-22.22466177997244,-3.062389570214797
-10.395537438793108,0.6668783029943345,-6.465476140940397,-11.845992704170296,0.2118503898976323,0.0,-0.058902676424303635,-17.113848022968362,0.30145999842711724,0.22159654167109252,25.55473517852501,-25.057463342323818,-2.016322863441882
-21.27058954785548,0.2834839218389119,16.309153623898,-14.413544785310492,-2.304745827530926,0.0,0.3726710791172595,-7.771048132648483,0.9605180891672089,-3.819978508642936,-35.10866114664841,-7.169598436243525,3.885598413940949
-18.87700882787574,-4.68326246588334,8.481855140217267,15.958360731685351,-1.5599806134969705,0.0,-2.9904040683830204,-19.795635792297084,0.9829841125527353,-3.2569143007204087,-37.725789265929855,-4.28823186683876,1.9635289320753453
30.245033390308354,3.2848438848435975,-19.91637024667132,12.96724953414485,-1.8940557725758322,0.0,-0.12237268330145516,-18.165662199931493,0.14295815627414568,1.488092472610258,16.827396468763457,-14.229167602844537,-0.424983937098952
25.598673486904282,2.7734651577029235,14.723474095843327,18.24307626429977,1.3686726256350803,0.0,4.794595901196144,-1.181286192576049,0.19800743316079084,1.0583692947649177,24.92525339576001,-3.8136653872763935,-3.201690115065085
-16.820428531335796,1.952699918631298,-8.147916476293608,12.777169835392426,-2.1000882512745704,0.0,1.5387855905657708,-21.192497551260935,0.20850896505554625,0.227041944122128,21.786473554964804,-3.458335827356611,-4.0455188525826715
-15.622922208198718,1.622125398878367,-8.739380196836134,15.765886308924205,-1.8884329150389227,0.0,0.25348727525028036,-22.175219550585588,0.203224947795392,0.2674139987989798,25.278731716027618,-0.41639484793166875,-2.568233526094186
74.6259347101674,2.24472252312409,15.743815475004544,76.03056672069928,-0.6135753709418628,0.0,2.916794311058815,19.102998781172523,0.7106573835770353,0.6220368613409218,22.84392878815549,41.236242101234566,4.73062624136458
-10.492625325216325,0.589814810602142,-6.710851634878454,-6.4723416672337315,0.21492926731628215,0.0,-3.8123048218959483,-6.003133122998693,0.26482131050518104,0.2793555512297114,28.844177302885722,-4.440479816047374,-3.7414317303773617
-11.704289617502242,1.009519656025656,-4.66764257628095,-20.384565447417874,-0.9660381072521734,0.0,-2.265977977266432,-9.671387176827265,0.6578946487151298,-2.479346058624378,-21.611534074445522,-19.023749860004756,-1.6155838737837525
-18.870684292955545,1.4367968888985576,6.9026483874310225,-30.50853333319369,1.0165132917436965,0.0,1.7622169764769835,12.897778832310685,0.6466285460432967,-2.6059066596351657,-43.665416126210545,23.404406664237555,1.7563801765201135
-16.828869819573974,0.828697006425954,-6.508959025035806,-17.65582839278236,2.8703014749025098,0.0,-0.4140684413235072,31.221803378779644,0.6743709617883188,-2.1105494573316186,-28.11474161259547,19.599115319243065,-3.3833787887004387
-14.372364198815937,0.6967009912582595,6.092095649401719,-12.920165289922533,-0.2921839020333685,0.0,1.6479695668414784,-11.62797961642532,0.6570263545234508,-2.571655296846627,-27.36180263504289,-25.072592927085303,-1.6524296033530865
-16.56977718643968,1.0890607142229876,-9.027903929399997,15.21182384073378,0.49415115731399445,0.0,-3.870339532446503,20.012826212659398,0.24456727986193308,0.5543271424696132,25.911128896248428,20.044618228092446,-5.552516471850804
-16.207568861555405,1.4104376304576525,-6.608122702845133,-39.77971528912787,-0.15257157914559533,0.0,0.38898115278410633,25.3205958327867,0.6562281469410041,-1.7564860679049403,-31.18840941002827,36.871753046324294,-2.7529528984047844
-15.201906630064398,0.7281325277205087,5.410858837790192,-23.776982405486404,-1.2164105687470357,0.0,0.6999684435747189,-11.093610758894043,0.7838164487604704,-2.884387857252878,-27.31317740193849,-5.449988581092813,-1.963548932684873
-9.25259514092169,1.7565886197466292,-8.45306235954258,-18.457809426124886,-2.378881937111951,0.0,2.0240228333756614,34.6987013273516,0.38981259689727965,0.19893617731683352,33.150674583228266,22.253962269191312,-2.817319596894281
-26.151008170143704,1.7504719483843278,-9.61896880590962,-19.688235044336025,-2.248570328445721,0.0,-5.657217067950134,31.111012271786457,0.37887883033795156,0.11002711671127496,29.699942748972088,38.99999884226858,-3.443560821472326
-16.22166129393937,2.356852737657086,-6.3566729996050135,14.545316130912212,1.143211059084257,0.0,-1.3274811807740168,-11.354020581345262,0.6757737070786566,-3.264856157842736,-27.452275061282943,-1.6100448455447547,1.075111850172675
-11.53972688855625,1.3513802613683468,-11.06407177696323,-10.441344280676764,6.338071864556543,0.0,-0.8277576672455698,-16.013196135867723,0.33764731796698955,0.30444196069056195,31.730978620123338,-1.0947901465415708,2.3151967190075506
-28.87267268612958,-15.494053874685862,6.467167249821582,38.20932162114107,-1.6712519277396067,0.0,-1.9469112650096854,-12.87131697454453,-27.297995450047754,0.15040767968098037,-31.537138324615466,-9.01737724706728,-4.963328013927824
-12.408330566341597,0.9094482549277216,-8.625664281381745,-7.042498977814616,-1.299748279583168,0.0,5.976677849846676,-1.817374319931424,0.2863695074207062,0.31918078937840605,29.222506784359133,18.887978069226655,-2.3423590285247333
-11.935812940525352,1.1751025570545073,-5.301638075482804,-24.925756585409736,-1.2438802879250102,0.0,1.2141511176064739,-7.5476068978342115,0.8413510752516771,-2.9068401579583525,-21.868011157516936,-8.941000956259401,0.4588602651177224
-20.542790320038243,1.321142233763343,-11.322146174609015,32.86933866892333,-2.2715092590704278,0.0,2.7039809694920787,26.96016867185623,0.4451294070981769,-1.8237607709792865,-22.433921757080526,60.01729895648681,-2.1158384649972546
104.38240740366274,16.76484889720121,82.08955228791383,49.250537677858404,8.044759673903059,0.0,3.868461370971927,-13.622347921663138,0.6224511523568892,0.8240725400866175,23.411638308845333,31.382935676634073,12.862619662780157
-21.837231065814244,-2.224298646104903,-8.441750969743639,29.985780865892796,-5.120171318746465,0.0,0.1151479761873655,39.60362715420551,-4.24305116336553,0.1806426324665363,-28.436656875075244,23.468871190017563,15.24728410358387
-22.566330343527017,1.1107349343823345,-7.614744763952125,8.989061728173091,-0.5893631420347313,0.0,0.15309737973641324,-21.0699646818057,0.2431769929615496,-0.2668632231169314,21.66379148774412,-28.006231070363302,-2.3344233510735046
-11.709015909864176,0.7343748732523285,-5.409218535411439,-25.189940368664782,2.2981893395724047,0.0,-3.5968829817147783,-5.635056452594971,0.8768825848859556,-4.1016036157466,-24.861395572479015,1.7309954046569145,-2.284473688621796
107.90120722732713,9.775290154444653,85.72262098395214,50.41280753645726,-11.815527339815178,0.0,1.6191219456296362,22.358704610563645,0.30320563743261714,-0.09980599194570584,32.01013423766826,150.82393139184015,22.067277048576106
-15.485030373171325,0.7603333492216139,-4.485258424905363,-21.294025308605168,-1.7178975075653624,0.0,0.1639830854742926,-7.527062168219063,-13.27913114237508,0.23978718843864907,-24.623758126254074,-13.379817741959782,-1.7239206192378147
23.80369595557109,-2.0502137795681943,3.8065635544026053,56.371184091845265,-7.1662326095190565,0.0,-3.4084958961664658,9.182088808749155,0.1599119978113264,-0.2239493074316,22.777786051057404,75.27613156327608,33.80824394812271
91.22661446045518,-2.4109636294542867,67.5271399198362,66.50510899507012,-6.959865853299582,0.0,-25.06950686975669,-21.28559261620994,0.20056634735786755,0.8026425386573951,22.762382319881457,-30.882597081076245,-8.583584809037644
-11.923170042650453,1.1253811351996985,-4.738812844329719,-22.409217306702246,-0.9749353028546179,0.0,-0.5935085961504464,-14.919097856716611,0.7300143887014915,-2.5996441958864005,-23.138196911913088,-19.361596625232416,0.059662440687182364
28.837489070594298,-6.028586400485195,-22.14660090261026,49.59420205361523,-4.94110076287887,0.0,-6.021050704449109,18.7604602466426,0.5158346499124954,0.4545708018084225,15.138574844968112,52.609051114371184,-5.824597329385437
34.55790539781555,1.2829008649252729,18.216704865000658,16.53764953717026,-2.6065345978712173,0.0,-15.756499260958478,-18.321216740100155,0.37536729035365507,0.9352814102876057,22.021473397326893,-8.706683561710632,-4.836642365400526
-11.621296775730915,0.5814043005936175,-5.066942380697062,-13.031636629182477,-0.24131920579170604,0.0,-0.29395571782730545,-10.291849179958264,0.6994702155708508,-2.4320410252896805,-23.529259362765664,-20.406958903408942,0.6505976140295413
-14.86674922769046,0.9037976568797635,-7.149414699665332,10.542593482063003,-0.9616866488573261,0.0,0.8733965171334709,-19.263889994855923,0.29672166809446643,0.2444937063531878,23.75231966522572,-20.036297586809432,-2.605068055052541
-12.858521887061514,0.7159081243062103,-5.1613382820922125,-16.29541040183771,-0.9570681689153051,0.0,1.7084146112193752,-21.14416120525578,0.5175978758910132,-2.613315788357475,-25.910374517019214,-6.726765473500212,9.713719065132176
-10.453168455733033,0.8065494878740769,-6.7976003190870715,-8.423812160495125,-1.777271789372854,0.0,2.217266486581626,-18.758625543116334,0.28775891136804715,0.23134148351126246,25.150993703707766,-29.383758421365847,-2.09603884016744
-12.310483567638826,0.2071221930847798,-5.427569248590783,-23.7926408890418,-0.3685519463441247,0.0,0.9659711171843731,-6.040740880911369,0.8709125270027723,-4.317348856405223,-26.92745666766456,6.471782240517505,-1.9291564231098695
-12.875829419738562,-0.5943415363223482,-4.657389351526725,-14.019934710596687,-1.3607478933581922,0.0,5.845341555251898,-15.812683601308265,0.7137264271553332,-2.813313368507105,-23.731626802837432,-3.1699025085063406,-1.7385395933515695
-8.05649481962327,3.091020208672602,-8.405978340575238,-8.372926578998486,-0.7923919833315848,0.0,-5.202410209503554,13.23399715634486,0.263191999443563,0.17831510023083402,30.948351511838116,-6.33856911426791,-3.034118151919044
-14.617846692789954,0.2619889739161231,-5.095532943433381,-30.189278405022275,-3.8742428672811124,0.0,5.543401434038122,9.517823773783418,0.8319635060979106,-1.9408550378276084,-27.934606512350253,17.106084725651282,-2.3392307822670775
56.14987949575118,-1.0811995823313902,17.69160746483007,46.2639562031834,3.677965617287693,0.0,-6.825710600478811,-29.586241980742997,0.4490483243683623,1.1737022358757756,20.066868854171982,-83.35736325619038,1.26906793143482
-11.92473295205935,-0.0248936147306164,-5.004176925853176,-13.70388539086266,1.622354613675635,0.0,-1.694686054767582,-11.156862932583026,0.7002379715540289,-2.85273322224382,-25.41949852794545,-1.897912487368402,-1.857929406963385
-16.46417668021119,0.3504858356875034,10.549357168230669,-27.84693674692326,-0.14663183253259482,0.0,-0.5186676278198881,-6.282592290938451,0.8815019143793069,-5.407923425562178,-39.357518764354644,5.586131815861448,14.608303823039828
-11.922323802432944,0.6701426051272463,-5.55711124999292,-23.14570577166668,-0.8721660370012471,0.0,-0.0019537652456173083,-4.9292079544346254,0.8643163693648103,-2.9923673332059098,-24.72795324286422,-3.7332665170412898,-2.351000378221287
-22.532041467559125,0.47904775897358265,-7.932950629685872,-10.523431266466858,-1.5470787163835995,0.0,2.711069525950663,-25.804874943645938,0.2023059599656365,9.564516110391815e-05,24.70663258955817,-2.096383406632774,-2.4314429371569886
-12.011942892762635,0.30126649789675536,-5.590247727369641,-13.930868415034992,-1.1869589274404069,0.0,-1.5975115515315672,-18.60360756838262,0.7300265501682598,-2.9777214048142984,-23.7353305071832,-3.7008663104984247,1.1809690208221832
-12.131530275522923,0.8714806652787587,-4.972426022345394,-14.286405489476156,-1.0649208801215988,0.0,1.573771633248141,-7.087451973980964,0.7831623587530717,-2.643573949444195,-20.7921870917073,-8.649937750861692,-2.144113565838822
-16.05722053458186,0.7195571051409081,7.992890400689178,-9.173422616248638,0.1618053762173909,0.0,-0.009787143692376345,-13.653305805544234,0.868137412785629,-2.4704488937153184,-28.145942203044928,-25.31595379520657,-2.04255652347462
-14.460097536174919,0.8702799386643353,-8.441375004692025,17.143748811219975,-0.06029414822333833,0.0,3.0582333526779175,-11.099911711626604,0.31913573040445725,0.6988960459969367,26.382985038136145,2.992834883980775,-3.6576036809022834
-16.03859245844086,0.35243845044091204,8.768749915357299,-23.129182900896332,-0.5144228947185177,0.0,5.11716553242224,-9.223586086758342,0.7723914863451596,-2.6648343653209947,-29.75583364843418,-23.597802569040933,-1.6509303794460255
-10.598287814297404,0.9195803873327139,-6.484793653361033,-11.71960116687656,3.69376699722088,0.0,-0.07446932639494135,-8.986916968040067,0.2924560834452084,0.18999031913926873,28.51643287686451,-24.589201507079157,-1.980046083773428
-26.57782206239938,1.9658727989042748,-8.620887215859142,-18.854991498470685,-3.7113005960254544,0.0,-0.44718816406264045,30.936173121358213,0.3945445399202086,0.02542580902304214,29.054237349719813,24.556665674954424,-3.0135248252575693
37.317705980865135,-0.6366466576343461,-22.152456087260788,29.46385845851337,-1.3832227899746246,0.0,12.052846233279812,3.777388503357382,0.23579890849646415,1.829283489920752,19.02595262905865,35.373508765627754,-3.005872029260982
76.46309382308003,9.452026561666468,7.7955654177956974,84.19315829385627,-5.651205542918545,0.0,-3.3700672717427276,32.18937021322525,0.5047248199310231,0.4177027978159736,20.397220790887022,64.94821170771183,-3.0572530585947346
-11.821001222955779,0.9100655444347855,-4.793136020302466,-21.903877390341627,-0.34754269101217744,0.0,-0.29169735980702366,-9.170108458240522,0.6714136634160134,-2.503992503062202,-22.52619684387966,-16.62255029392347,-1.7616578348386485
-9.319304315469479,0.6470997888748864,-6.954474206642372,-14.712235373564525,-1.023571889474347,0.0,0.5444315926895886,-8.86451802397045,0.38192899515525414,0.7066183401869723,27.919872704514873,-5.281791600412606,-3.157562770464213
-15.4418125071177,0.71481813925045,-8.945221653156356,11.402016221783565,1.4070398831422093,0.0,1.0420852351213077,-6.920246141888248,0.24356119995350364,0.27196504700049556,26.783601849515886,-0.2649921434163094,-3.73076513933119
-26.33724141134105,1.694197924429715,17.15240132495225,-13.691886062390404,-1.3254646184581098,0.0,0.47914433581945576,-22.61766102700058,-15.651455864766698,0.3378706941043822,-36.83067025718184,-3.4391621365509506,0.8647095692848604
-23.756417850910324,-0.8867709242927794,-8.060509492950779,-18.30540624252405,-2.9692508466238903,0.0,-1.2740132986625843,5.1947263157527095,0.36115252226430183,0.009199134932083644,24.389740354995073,11.897896166052481,-3.6877866061692957
-10.213920014585476,-0.18832925777422277,-9.49465019955599,-18.493397647902228,-0.7995166037954444,0.0,1.5087072300749067,35.604239467071515,0.4066532137079849,0.19459078946861016,33.19883511400704,17.57721555948838,-3.7370585257473867
29.042056210114374,1.375484766817995,30.159494379106697,19.655547995621312,0.30262596207445774,0.0,1.795497910081596,-12.308170711040855,0.41125606600165493,4.601604868579111,28.39802305800676,21.792914889368358,-5.2813053536449965
-19.474134090202806,2.317387752722235,9.88098947684489,-18.67030110865848,-2.1738200663454483,0.0,0.747701801379947,2.792589620299326,0.9346791150204848,-1.8962095774656873,-39.387954840619905,15.265584614092171,3.9954397800227293
20.882576691318132,-3.1169658712942674,-20.928275750539196,36.86297748707671,1.8691217341171642,0.0,-2.735845860219766,-14.968423600290706,0.5483813952777061,1.2614677873000157,16.075586681378542,-17.80606055056998,4.821464506393696
-14.310118545486326,7.07404082412307,-13.343162379343887,34.117742229033496,79.20424883966332,0.0,8.814735197028305,-1.1541270912689647,0.5735052222818061,0.20724309383843545,29.08777048843656,9.995365839805505,-1.4169506441801225
-23.32171322036249,-0.7013389880895584,-8.07743009088475,-18.14533652535988,-2.4891473296685693,0.0,0.5268441817905575,6.051346617136271,0.35445752159944033,0.05595833166414411,23.9172839919861,13.655819715474294,-3.2419131581828307
-11.683106297745796,1.447160785119586,-7.4035603017676035,-7.121518822001611,-0.5986936597075749,0.0,-2.080115005694131,-16.46058203216539,0.21813002918672086,0.2334950119377348,27.966919026699085,3.5365569529664733,-3.4171544313598163
-10.921871828992376,0.6261840627133081,-6.331306677236301,-6.988232463907814,-0.18082405491319253,0.0,-0.6248951599040614,-16.592301786165166,0.31494403794580633,0.25374583141040963,25.83707969134112,-20.60234631428451,-2.4105279377714766
-17.84495304817425,1.5367908202721687,-10.71892952232872,17.921999303880632,4.870839691938927,0.0,1.333795742630238,26.537689188787144,0.23748958826699637,0.11135526831038298,25.094898268036967,34.150116362481015,-4.460914241692333
-12.766897274322583,-0.064647425949715,-5.369374148899341,-14.469328422285654,-1.0142161176320494,0.0,1.206308071446617,-5.9760758094420146,0.8700390901407543,-4.343018126477615,-26.24479655807592,5.948296639888545,-2.239004292672149
-12.788659399282645,0.6726399872622701,-5.6178045758525625,-12.419762006089432,0.8675208531843631,0.0,-0.8358682522130114,-5.380128721426486,0.864381967560406,-2.77067272803227,-23.95857402156157,-5.087870780349901,-2.4440959531471416
29.390234494080147,-0.21922678956410357,-20.544032612825998,7.83514501241534,-3.7758925285366725,0.0,-2.401422998265119,-17.39270649979572,0.1964461464601831,0.002914566392622926,17.542369008082854,15.241887538943073,-14.728538526745025
-12.324777509313758,0.6187886903782703,-4.969342311481237,-12.114897227072625,2.8310495845430728,0.0,1.5919000873729658,-9.64492788991574,0.673397948932311,-2.3951905587748645,-22.96864952649391,-18.59954146658443,-1.7484579384547247
-14.366994393088802,0.6171985110426833,5.93741172769481,-11.927355114831185,-0.3409454651691308,0.0,1.4921921711965367,-9.099166058173026,0.7499470218997925,-2.4771632125108245,-26.38743710367294,-23.580136125064975,-1.9656882848115251
-12.271985769460628,0.10492722721717841,-6.280089989833194,-24.141692583495672,6.126714658464476,0.0,0.33411688469295303,-19.223319415028794,0.7332127697130999,-3.0686335836723244,-24.627433720429515,-0.8808068211203927,2.8598040982661277
-10.124582614946686,0.6698915796725602,-6.684641582738703,-18.437621989240817,-0.5213664517698905,0.0,2.002158608550975,-16.53907256723472,0.30126646328731965,0.08523377284118945,26.173394207049423,-24.359770529735634,-7.725871031950821
-13.59992424333865,0.9590709443521908,-4.731922762319438,-14.175451099451982,1.1342703912555445,0.0,-0.8220837570060444,-10.521020033450414,0.8214696803656731,-2.112085869159544,-22.850774335162658,7.373520796266875,-3.3234138028364733
-11.471600743936126,2.3780948322775184,-7.428273614219963,-14.795380221701214,0.7626780680880174,0.0,1.023844268289581,23.53777869309028,0.3367952971735659,0.20853421066250794,30.982544023480138,15.255041706671205,-3.0879991743311
-15.45230426229564,0.33759204704088075,-10.137168857122779,15.389418291484825,0.550291801484113,0.0,1.1844613088650022,-10.614347495329103,0.34299606267723964,1.8147996682423662,29.485070688939448,16.77193707092583,-3.0609157339579207
-15.33357361055759,0.022236836599625467,-4.8357500897656465,-28.09812658894365,8.174740730855543,0.0,-4.3322295818298295,-4.8727162750342305,0.8595204554484511,-2.1201904532419236,-25.258415457255374,10.074274564167503,-4.252586717284579
-16.06481579984904,1.288102049431802,-5.148772341373644,-29.388467247177424,0.3366486226158118,0.0,1.0859520053021672,18.823881971786903,0.6059481888031402,-2.0110686934326782,-28.578458968388865,17.339529300463273,-1.939066417453444
-13.439739164633057,0.16170396340696586,-8.855817108682128,15.32637508209032,0.3238726427239705,0.0,-3.82043126109213,4.599555087156491,0.23621069391180394,0.2597122535387623,29.4029223562954,-3.8083652702777195,-3.822425344531751
31.92673274107947,4.802372554399738,20.4493284641913,17.52107068584923,-2.159739218165329,0.0,2.6821056432472385,-19.932271494428687,0.16344772480670533,0.9586674896895732,27.864629564031866,-11.604243099053257,10.699373895227751
-15.87867502823623,-0.05931021616794917,-5.435179575094746,-16.356623932219815,0.01741094555259078,0.0,0.17897057522870655,7.231121029435964,0.7772192886000738,-1.7446092868459395,-27.753248817526337,19.609531962143087,-2.9342444081403616
25.162896061164748,-1.5955024315363397,-20.942352001711633,46.96448002087558,-6.680156437640788,0.0,1.695491319266871,14.653530713299773,0.38297591859387736,0.6461653765709537,16.818373728672984,32.74966109045882,-6.0851774241357806
-13.958605920835703,0.3933791169596352,-4.892013032240967,-15.516716652158234,0.08300596181138391,0.0,-0.3307384372603629,0.7286263248363172,0.7577378361291534,-1.9815461943870214,-26.446860538547487,11.835884942376742,-2.890195762172461
-17.076306405982628,2.5412034108145587,-6.624906210361973,-16.239183876994502,0.3578985210546745,0.0,4.732113666830417,14.270341578749079,0.6996888527912822,-2.015879621278519,-27.114243720896184,21.519086345634783,1.6461997328156155
-8.457789826455027,-0.17390926274198407,-7.855562782654413,-16.75130980631103,0.6032243420720598,0.0,1.4704221479197133,14.045773290390583,0.3852103449836941,0.2717215318557731,29.652850800364583,-2.781220217059772,-3.1700708580327923
24.888468351952326,1.316899893166709,-23.25274274407594,44.88101456529745,0.873145660504342,0.0,-1.3379896480487148,-13.137369926602176,0.40717846881073294,2.176076850879648,17.533854392360862,18.001835147586235,-2.949738642457988
-14.892533202836761,0.9606607542731744,-4.971870843402596,-29.168118721280518,0.26523179211505493,0.0,-0.805789263961219,12.647591690431364,0.7844399354390764,-1.7448009095796706,-28.700404478804867,17.311833633621916,-2.146847415206779
-9.988383209698688,0.7870539907829336,-7.377720463677329,-16.189521490458997,-3.4667475645205084,0.0,-0.8148130031814822,1.0931018488612416,0.3483201535073688,0.1950778865062557,28.324259244936577,9.796406388176246,-3.114488860105122
-15.206966987886469,0.7214540779711974,-3.818571405998707,-19.623037372883786,0.5517699732570638,0.0,-0.9309482269012684,19.175085039266573,0.6106513838892587,-2.4298745430734003,-27.269886907807404,23.74573917096687,0.5168537782584434
60.34373103499072,-3.038456864706651,-21.46168642072145,74.97890695882226,-1.3968436698512903,0.0,7.005263931952781,-5.906658427492573,0.8364708033019514,-24.94985186021619,-17.223616853839882,5.881852779982872,-3.0378942174545656
27.839824689113392,1.2885772524130814,-20.086276053757476,47.882679615866266,4.636585164464218,0.0,-1.9249298682885414,21.83849516576458,0.30820681011095025,0.9494117119576926,15.690431806528897,44.97243129123083,-7.179667484950954
-11.912346415353165,0.9299471291813403,-4.674493380906638,-13.27767174092318,-0.7980472600729737,0.0,-1.196852921433794,-8.794393760544923,0.6807136806913086,-2.4576265347263684,-21.706696902929014,-17.92250526454735,-2.035848761714414
-14.946112647021312,0.3643256548835546,-4.990758174001783,-16.861082763995192,-1.2323631664570804,0.0,0.7116006923402458,11.321020581186414,0.780936039197696,-1.835433350522965,-26.9939833760407,19.573466167818612,-2.3280773909126533
-11.96361376200227,0.8396829515408433,-4.808861526386558,-12.071368292370087,-1.7735132583151105,0.0,-3.131674639418479,-8.96121990779465,0.6594916101739009,-2.4150492214546784,-21.00742808948759,-23.388242885013398,-1.57960134367488
-16.07873125793678,0.6377103873736357,-7.823536984044314,-38.78249141612804,-5.130531049436961,0.0,-2.8980445272822073,21.844276583884188,0.5415400336714012,-2.228446834107704,-31.137264169032758,33.84950145918483,-2.108217191569765
-11.870202083427333,0.25063691411347366,-4.92759683084733,-12.739777515111605,-0.6471844959255414,0.0,1.708401902452312,-9.463311441292591,0.6568081914609508,-2.4267147734502417,-20.70970483412707,-22.636578194047203,-1.7383904779718171
-11.426427608074123,1.364525325401516,-5.262599901320343,-14.413740199510615,-0.5463670613697017,0.0,1.1986218366318888,-11.123079966352106,0.5264518918599231,-2.5420007275769514,-23.527660509939633,-24.758640372095797,10.740950203823953
-15.902143064317713,-0.0965436014278911,-5.4040707414033236,-16.35183991633945,0.002144997020630505,0.0,0.3814079207951811,7.0462382743585446,0.7771247897606117,-1.7434941588638062,-27.748318593886854,19.70679846541875,-3.014941834385593
-16.568826130631322,0.7462232914587505,-9.806132062700733,16.301082493490267,0.36652110852485803,0.0,-1.0824676149639363,17.80701767824728,0.2330056636965083,0.1941070435173667,28.455576559722747,18.22924558083857,-5.298079483425112
29.511593666771752,-1.277847060175273,12.749932500810242,35.030339907550015,-1.1079641734945511,0.0,-3.9357886341441435,-18.195918212212582,0.5257244048875407,0.6989388950011773,17.006904690198283,-19.52210970253155,-7.337437754466854
30.831301024791053,5.5871347318107745,-18.797878288566015,-15.214484092550306,-2.3040757275223935,0.0,-1.9355176759025332,-16.279631135736206,0.27368730867221513,1.4653635382098191,22.22160834626207,-11.408616453261706,2.4620641966900205
-11.446176816918356,2.6196529480819333,-5.18537218076613,-8.780982782745676,1.4921808109148007,0.0,3.4103559814207802,-8.158460315622648,0.6767158476092373,-2.9491070718645602,-24.20497365979654,-9.603473979406852,14.612442487319534
-15.171692566099429,0.8612961114829848,-5.206376177081135,11.905744551887542,-1.9036308556441097,0.0,-3.5396798326088974,-10.419620001051936,0.6956728836267703,-2.8568768513584133,-19.43145385944331,-30.876428596713122,-1.8453122851642103
-10.9364160785555,1.3964747039013445,-7.079583326956087,-17.32483803808523,-2.6095459781434616,0.0,-2.4195826073692537,21.47082999920387,0.408551273036144,0.007884297889386813,32.46331302469939,28.67058038853356,-2.485260507470122
-16.146530038318417,-0.0704631791959332,-6.726397720931588,-17.838385368830238,0.9923810872768186,0.0,0.9789927017677758,14.834044017801556,0.5965059951606986,-1.740052874333775,-26.14929754618684,35.53167180513952,-2.333584925628936
-14.850376892717147,0.7185592887027981,5.595130224410023,-12.927877318388001,0.019562449159506085,0.0,0.19961579916443756,-9.820647606882606,0.673351825302536,-2.3352957855531367,-27.07150488108123,-20.590726094534126,-2.3429519993776884
65.85123877548322,-7.10541876924284,20.64711636489645,25.789100444725815,4.312770703154258,0.0,4.265268844215331,-17.44016566651778,0.38882801443543996,1.2709537623593625,22.335581368844764,-43.933020467805704,7.165559029657846
-12.78431483950066,0.5713300074359481,-5.50857270198449,-13.92211309803054,-1.7527482809911998,0.0,0.8323531340506686,-9.280593573390682,0.807117259435013,-2.938711902229962,-21.258670388576526,-3.888634491195475,1.6274765787678418
-18.722116326687516,-0.32427012872756117,6.5308355625243335,-17.447777826576562,4.170999439695612,0.0,7.919815180279418,3.6806390227450754,0.77870459802567,-1.9464947973270805,-36.56667844600427,28.01675868146055,-2.9070716885917074
-26.056385961947505,2.352404707379187,-8.25200333548943,-12.469646132435349,0.08160679399965703,0.0,-0.3417202143881938,6.360647431020029,0.14655501266066057,-1.1416488859666793,31.168553323168755,2.213851849601911,13.16428569101625
50.530250408300354,8.073515700449427,-20.374589222147332,56.36879124196585,-1.2423871663940824,0.0,2.6757843852450183,-14.82265129929746,0.4630828910547853,1.2773077620024493,15.643604355402363,-57.643958730135516,-2.0011648258695938
-12.535301992933006,0.9260830812486336,-4.746254053849411,-11.710305023410143,-1.1417577335756899,0.0,-2.1676201624670144,-11.84189400735659,0.7796041784789143,-2.460892450785773,-20.6246611490155,-13.136449940461727,-2.187652537523057
-11.385166988214243,0.6271194180026558,-4.8119182868667165,-18.92171912093648,-1.0686060395922228,0.0,1.2401254484263318,-10.186352126691318,0.6535086309599842,-2.4801942731262354,-21.650187393285375,-27.135160518846888,-1.3712328692443658
-12.123831056153518,0.6197054457072806,-4.735426407270913,-12.386369682993234,-0.5185524173018586,0.0,1.3113428102756832,-8.875614964648843,0.6693164596633296,-2.385362096710932,-21.81713834330059,-18.705518475421698,-2.0871027578499484
-12.19037773725505,1.9538178269084487,-5.473312065706789,-12.74134286896685,1.4076407285503003,0.0,-0.16062835374477805,-13.17010443780523,0.7358343122116213,-2.8075042188966832,-22.430807055117665,-9.638821188433667,2.277774240208254
-15.149656513400497,1.2238163950078953,-4.5959706441114605,-19.459357859818144,-0.10601320224199468,0.0,0.2596908989509926,20.842297698874184,0.5927027615364323,-2.052612947629047,-26.750047338233664,39.243209332457475,-2.818303049258234
-13.137327207198782,1.3021125178905195,-7.30148915177579,-5.864541176518741,-1.8828129279538617,0.0,0.5761526331907149,-8.41520419553487,0.2408530802322745,0.22153430301182317,28.753634257054916,9.136227981654324,-4.795275091935583
-17.439032417645553,1.1391180310701168,9.512048265611554,-12.92861014786748,0.6811631146028766,0.0,1.0317623728029428,-10.263343243502778,0.9743738658148132,-3.037543944956082,-29.566805452778105,-7.068664505374195,3.2612272432217777
82.91028971060966,6.039883366309873,39.405403471848686,58.77204115893306,8.154737735350217,0.0,-0.21107436918071945,-18.76250794454013,0.3733704993390309,0.6579140449370279,21.41024636241732,51.674568968904865,6.326679691579655
-15.896718823030053,0.7895774216461616,-5.821536879089264,-18.37734097267546,-0.3120045951084381,0.0,-1.9706761330664324,30.099053474063474,0.6152381933224552,-1.760154987737785,-26.57745265697726,23.028753598378294,-2.1688644620898687
-16.35657928827273,0.7537885362994747,7.762362592566301,-8.69624656807662,0.25383596539935077,0.0,-0.06221778647326197,-12.062694844767687,0.8733395037038939,-2.4881978865935803,-28.526459991737546,-22.759839031933158,-2.28814346634203
-31.267291642824567,1.6402516288709015,-7.698453897767195,-17.265750720077452,2.56259975779708,0.0,9.910467244876541,-5.425048453389279,0.4227538433926071,-0.5371086469932033,29.633168840177245,21.331085300069276,-2.229574045625167
-23.182245991405868,-2.9913326886609224,-9.866680779400914,48.44790388744686,0.7596755775479619,0.0,0.9759583499976046,-24.011389790790926,0.6278776231015413,0.20598135510779697,21.598823814456715,-6.59575894637926,-3.03383938878544
-16.365347642459287,0.16945242402699115,-10.370336154323219,15.981619414819722,-1.0379055110508706,0.0,1.7019131045983977,14.727204461277116,0.23388558870937162,0.27126339177823405,25.898581411182644,22.11411971346111,-8.956156399577857
85.04349335040928,0.2865848097021275,67.6902712527652,69.15275861465577,-10.258256091023169,0.0,0.3164181537645402,-14.596619167460613,0.49457113264282265,1.2428638782253727,20.705103084669023,-9.88584363141066,8.51523838527314
-16.88553579630198,0.5718966151156428,-8.978362613019936,17.9304469116228,-0.40160725394885244,0.0,-1.483860242134362,16.715401382173045,0.2409940290485464,0.12472680799726898,25.61551033036586,19.813441418877414,-6.305974660918613
-17.73861907896978,1.8187683601343088,11.476053693517132,11.710705141873415,2.927729100942227,0.0,-1.287877669986892,-17.647212319676246,0.8908056856162282,-2.9965830189759792,-32.03846026922811,-41.39834371297516,0.5178709392037757
-10.796821424228181,0.874946462006856,-6.230661061534555,-7.372327673703168,-0.02203084530404611,0.0,-4.385041542059636,-17.887187634528736,0.28922190716963053,0.26059912652612854,26.27366302499623,-21.885294611605865,-2.1502468510163033
-9.286630696656713,0.890573789552609,-7.248606029507122,-5.00131594167528,0.6211952197373501,0.0,-3.4489706978110406,-8.994370242776546,0.34404244655308225,0.6963969153662218,28.308498226078264,-2.197509649479021,-3.581503852488102
-10.536728547538742,1.1567425961551152,-6.805246495351309,-13.146121756786437,-0.04146423037686315,0.0,-2.5343068700394964,-16.422376707584494,0.386296876973566,0.26356232240656635,24.886284584474552,-10.064834248731563,-3.282384285181776
-14.222860151941536,0.7914656383723924,5.864819402182136,-19.80622401717227,-0.7026956951486313,0.0,-2.2397976473058216,-11.478967385962083,0.6596013985690574,-2.6111653322488992,-27.7343946651163,-18.328033734228885,-1.6811525710036013
-9.208613690198488,6.285035938638972e-06,-6.94737691509492,-16.110730174891394,-1.002508968867755,0.0,1.4446783598960842,1.186987611315557,0.3698025772366378,0.19687286528869136,30.885896995295084,-2.7313559404415684,-2.890020903510326
-14.932813150736104,2.664528049918462,27.33724690529653,14.101071022376146,-5.050477576205928,0.0,1.5884140196543122,30.383779268570972,0.16978731727051222,-0.3966521772799308,41.70476356779842,41.664490849099074,20.150235452569433
-21.706029372306368,1.1919769319261364,21.79981571621731,-22.69095069943133,4.015502420205387,0.0,-5.805107711595502,-11.94648709832199,0.8069201934439957,-3.8435121335171414,-33.373104874875416,-23.348720380515516,2.344494685082825
32.268231010663506,4.819754270013152,25.337337263131154,26.671733440331533,-0.29399909057569384,0.0,7.584737702241396,0.7606323073536921,0.33229726367941675,0.39403438300538945,23.84597402763153,25.263864764427254,-12.132458849115482
-32.144510223316544,0.7984461262142594,-12.44322648210354,16.079477797752645,2.2298033959177315,0.0,7.565813755524354,22.3043578373733,0.23720630958076622,0.19894013970477925,22.15134084021611,24.660600072018365,-3.597692739932838
-21.839436196934596,0.9362249072322016,-8.527605675286948,-8.06291709169533,0.21375983041528868,0.0,0.034961222707044326,-9.493878217131488,0.3610961294730535,2.270238982907839,28.4909425811182,13.173497882044856,-3.121930576651627
-10.418201658280756,0.4236520446800588,-9.297637652459825,-17.810300525998084,-0.2808771725678547,0.0,1.236160085981819,32.8564093409196,0.3987832931087817,0.17716189184337758,33.079093429473026,18.202368649604136,-4.241261460742378
-18.276512862485923,0.7813269734067277,-13.493797439610448,15.132908810529802,-6.147199402156744,0.0,5.663067149748806,39.6922523604626,0.23555500624754966,-0.24854651164782426,28.051202461116205,0.3439407792516194,0.7419925271197055
-14.847139495387886,0.6174029694036341,-5.193610200419922,-10.647869136331439,-3.3113511313843706,0.0,0.018122069001867688,-18.601805025292084,0.6517885611313488,-0.41496196718560197,-20.719391773567395,-4.7449113327236185,-1.904193629806654
85.71036646532981,2.8072501017129867,82.98501515980004,144.29892584310605,-19.239874211677627,0.0,-15.078784951620825,0.8782195609107953,0.5196615966000355,0.5050640519636935,39.15679073287753,77.60481202680424,20.210597300148045
-9.169240592588585,7.375995954629447,-5.377946667639547,-29.25508882673487,33.00908324674361,0.0,9.490759774605843,54.5524830645924,0.3932392940170032,-0.0989294101105785,40.82400870439224,106.18951563150559,-1.9688872613004786
22.21592186907916,2.67485347186043,-21.905015741206864,16.479351381614144,-1.2442753891982306,0.0,4.118628028111915,10.944099675899416,0.28160322074503374,1.3392502195698393,19.197593861427006,-7.630615785954074,-3.4754502311667417
36.45141039842697,3.9444475027228805,22.54547791620632,-9.32350062811251,-0.9121247528131579,0.0,-1.2470263924360863,4.928246020280039,0.38053647604435614,0.39422381165755593,29.560896778739234,15.867115811180112,-5.4546838119192955
77.7300894418947,4.806445454689168,22.01717170265202,13.366148463659686,15.15440689256628,0.0,8.958652508562116,-17.9700380403145,0.3618990936183992,1.3122852705934984,23.87027615939983,-48.40958307453733,4.2664914294178296
-10.515689505684096,2.76093991242839,-9.268115322794294,-16.21233511889996,-2.1558598357685836,0.0,0.19894361637553837,36.00172128167193,0.3990106272682818,0.20966537118618717,32.9944738808902,17.054477216201562,-3.98600814988317
28.047370721206796,1.061176499770349,-21.22750840108848,33.17921386238019,-0.2919048793386072,0.0,8.449477496418092,12.056122702106817,0.19570518949281512,1.4422546020391906,17.55489005098333,25.837356346765354,-3.913630308898237
-10.068902940223508,-0.1406855012041096,-6.80966419450761,-13.444825648114014,-1.0655824166114765,0.0,1.7768526754199137,-6.597715148986891,0.3724593125909332,0.2866716708315185,26.993762234425965,0.005500237281237502,-3.4977032590197377
67.43125815206743,1.6020366168131408,7.8690125911394775,43.976220390153976,-5.220115986222655,0.0,5.372237272934633,-6.516592251428929,0.7309878512837468,0.7067409023682416,21.552970880661107,24.24993186187756,-4.752170278026272
-14.899838192135668,1.2410489460652467,-5.22666101225257,-18.193124315745752,1.3037228936373682,0.0,7.589449394417602,-0.07830404166737906,0.8662530311764755,-1.4344703531079235,-28.229162883813352,12.727699315963948,-3.7122077516797543
-10.787509144463792,0.47725956816357973,-7.342020725245283,-13.727801004706784,-1.7360806763024816,0.0,0.5737958059335245,-17.094991357251605,0.3843685555851364,0.2629951108873608,24.421866906306573,-10.500920410521882,-3.012593129237091
-11.431947025646213,0.6774546769896738,-5.007205165002445,-13.282370605109321,0.49582779878224903,0.0,-1.3127708682862773,-10.379235283894031,0.7119472060769501,-2.5957933620867477,-23.465349471456225,-20.50370299013197,0.744019317845743
-12.449709538372455,-2.3179403204182982,-4.597836110281228,-10.791339945222877,-0.861189341605648,0.0,-1.333664716708346,-18.282118609255917,0.6879213146746416,-2.9992912379906813,-24.172814084942278,-6.270662352668029,0.8069583362370946
-11.652537897786873,0.609029071712127,-4.757242442582672,-12.666983709575087,-1.9522503946463048,0.0,-0.7781591312569426,-10.792810461183477,0.6548603794103525,-2.496152669353027,-20.49552583929727,-20.30894504623546,-1.6477139136176842
-11.931236895052766,-0.060837304230737285,-5.0657801444647435,-13.641899704188624,-0.8241583133995513,0.0,-1.247166134547358,-7.683967300880874,0.723531647969471,-2.3310642457952877,-21.628971184894652,-20.205581517571034,2.1045812849128116
40.298221088940785,4.120482434183769,32.14718288942529,-6.063582448905813,-8.936025272487482,0.0,-15.290471757360747,9.296499566989333,0.2645557926488877,-2.031895179614913,37.229133779033226,124.14471863270313,31.323743039977156
-10.779610658090338,2.2060049125140875,-10.01593286548889,-11.807057022999018,1.2636081675891722,0.0,-1.2397269537869546,-7.334388500554737,0.3561467035740986,0.25314073465011033,28.05975906550044,13.669822858681108,-3.3701514094411418
-9.730034917076237,0.8492037497670853,-6.860365814700449,-8.012887528799435,0.8403659137875048,0.0,-0.5651101344670643,-22.711748355439816,0.16851283534945533,0.28065234108641274,27.01842729490291,-40.06605783109586,11.994793180999109
-26.670145043125654,2.116553236075022,-9.226014216002735,-15.734591901215273,-1.836372665759942,0.0,0.5699608948444428,22.607405516802277,0.40192836212869304,-0.5501976958775725,27.528170838283593,14.884416657353016,-4.581833908437679
31.932975907161346,9.09139472084571,39.06224162086611,14.440229842743022,12.584638801795979,0.0,3.704240533873031,-1.4363223935678964,0.2295686048661252,0.11378159612301948,35.347006783140884,47.14396282879658,28.714431927473264
-13.306601919813984,1.0243487578085195,-5.528385708983468,-14.323221684188207,-0.20943651461088406,0.0,0.40623601861283193,-6.319765995652508,0.9180103336707842,-2.769190272419848,-22.1619964092846,-0.302034040536817,1.9471476362675695
-10.498445371054434,0.6945589444996165,-6.917559111656119,-15.510961727627238,0.38170708703991607,0.0,-1.0302040856770918,12.178846039406535,0.3617513456574017,-0.10052691396048877,29.980869858359032,6.986432458247324,-10.554343218163812
-30.061440138921014,0.10515488814609825,-10.454989127650046,-10.165869886797816,-5.813824526547448,0.0,-2.4286969384373576,36.084916555193,0.20597786602614854,0.05179874050967741,30.664883270771558,38.518953172048214,-4.434501564748151
-11.752083782601323,1.2692517232711171,-7.8188589378163265,-8.661495225180238,0.22874247671206327,0.0,-0.14999110006836974,-18.804952412976387,0.35012707997842163,0.28873007177506493,25.641026580933296,-6.922470340388384,-3.338903659555649
-11.602161938118245,1.0345250421934538,-5.382700467812364,-22.966011441796276,-0.8522618580202277,0.0,0.4254748307217795,-7.683629474261996,0.8569748860423113,-2.730949293394319,-22.282874210810842,-1.0882435926244656,-1.9471156106991492
-25.055064242886367,1.8598085157184994,-6.6459597351312665,-16.680897906335368,-0.7128535485719825,0.0,-1.9792508325317655,-9.096603920976722,0.4015817727183965,-0.18578678075052485,23.503192872717772,7.853782414440125,-3.8422384518848824
-15.900554088829145,0.05514435350054584,-5.394441657507918,-29.420810592217844,-2.220699751265609,0.0,2.6077859750955974,8.44120512411215,0.735224190114231,-2.9440973730820956,-29.591537884671038,18.20537036805881,-2.216595461065359
-10.81251231367494,-0.139989170954138,-5.697958828190989,-27.488012411076117,25.04764855828093,0.0,-3.401692205972066,-7.913797496477089,0.7082365079137753,-2.8678207384073255,-26.107043065364202,-3.4626834898031835,-1.6221204889126033
-25.14224898896744,0.5592455562757682,-7.205446949696868,-5.644258882351548,1.5563316901697763,0.0,0.30035369286228775,-5.8403725966997655,0.24687062911442118,-0.15140898593733515,24.949894283975397,8.60758230667738,-5.7401804227592965
-27.70451156945236,0.6271330239524587,-7.968579407237312,-10.220621337571947,0.14265820407500335,0.0,-7.6757636123669,22.157620880571162,0.3150766276119005,-0.16218225373683315,27.863759816833714,25.614575679177005,-3.111012385064326
-16.51448874520196,-2.6559526375850093,8.642140366194578,-11.1085216007249,-1.5878374070152694,0.0,0.7935590241004391,-19.550356067266673,0.8008489870884132,-2.989870625172557,-31.253115258955237,-2.8390552335594044,-1.4217348464784416
-15.730975592357153,1.4127593362170578,8.317547564968201,-25.15989162189215,-1.5286691927039158,0.0,-0.34583909984609046,-10.2418071268599,0.7743561788533356,-2.877321371880137,-29.533047270349538,-20.085355671909234,1.3764593189161094
24.793666904976742,1.027093102858501,-19.644822130089548,38.59422762431814,-1.2188096632824597,0.0,-4.169613817865254,-16.735160413023586,0.4243923938441563,1.0794862590057985,14.966844849573828,-34.14215828254201,4.261353219680397
-10.191084596374834,1.0880838134303874,-6.248028508018744,-7.218449106633465,-0.005901958754335722,0.0,-1.430964715515267,-16.82256284539725,0.30953111294955665,0.2731804730786956,24.621690800070557,-16.465352852856583,-2.734492516983161
-12.018847259065996,0.7123593048496488,-4.770446785679484,-11.904148975853035,-0.09809833433038417,0.0,-2.775399953177384,-9.680187691006276,0.6575013809064064,-2.320311341391755,-21.484959020618046,-22.761028610335284,-1.6141429690149625
29.48783191435486,-0.1429538216516654,-18.199571841471048,13.070478958394629,4.097541234588101,0.0,3.5526934530028234,-13.711636337758891,0.15085962957488266,1.4089672300222023,19.872566491402257,-20.07191865884846,17.394465919449775
-15.116893565610813,2.258361872665844,-8.256279604450564,-7.809358059682161,-1.5902691060815628,0.0,13.563951004160984,-1.873625586874405,0.35251650515360955,0.4305475969004541,28.41243697659556,17.155953143963995,-3.549455352850483
-21.744861289391785,-0.6084302182047738,-7.309311158289972,-14.605167951332957,-1.5925427325126733,0.0,-1.3899502920601914,-25.53013614748017,0.31010496165560725,-0.3384923816915786,24.6576944780388,-3.224611535193961,-2.596615593933501
-10.368329166403385,-0.8879448179780499,-10.288891926536907,-16.193180145498154,-2.504801120740018,0.0,-0.9730238785350811,11.660031809915704,0.4233904369756101,0.03532701936953545,29.769222564697372,9.96125836935526,-2.2296137878401434
-10.283007209300198,0.8334120394707858,-6.515079507744726,-12.406068443492927,-2.6363453041002476,0.0,-0.9517712076413081,-15.917129280349418,0.30294877492656025,0.17065022141249678,24.955687704640695,-27.96039402213143,-2.1964264360714036
-15.133035780078718,1.67744300436554,-6.478376088338539,-32.62308702680506,0.1324686289437255,0.0,0.974884828507131,28.30122300188801,0.6817192850553143,-2.092510029101812,-30.33921188812135,18.849883458628216,-2.9197244056448985
-11.99963674926545,-0.9650753098202908,-5.10103006501778,-24.270924994544078,0.16556190426767195,0.0,0.7502366542987392,-7.118381412148905,0.857720782972281,-2.723709917848465,-22.13990600398326,-1.3385537607825124,-1.9193658663537323
-12.390984778952449,0.2726435321146741,-5.676369089700667,-17.17396378785386,13.48919059904276,0.0,4.004181649077039,-7.879853899731056,0.8979273145612965,-4.1675175876612585,-24.62350814466903,3.394791505577114,-1.874239103243268
-11.774701934253125,0.39077276177203757,-5.129111920837511,-12.079773724986946,-0.5998985442054466,0.0,-2.603991398817282,-8.692075868763288,0.7316619421447317,-2.6151077677951196,-21.31815368271496,-15.706061390766225,1.9801319679448872
-11.105090032563865,-0.45791057916586825,-8.084865496502806,-14.218459936487926,-5.339898465334179,0.0,-0.4591726399684345,-8.930100422282237,0.3976706173532227,2.201905420961736,29.557195364233813,10.44434508619183,-2.7854249499474872
-11.734089755681001,1.723592470307147,-5.37018107315669,-14.488459923557121,0.3777754734578939,0.0,-0.9645490601803473,-7.437034769338897,0.7419421609047062,-2.33351686453562,-23.352591503946655,-8.734221657954496,14.53291118527549
28.935314402005783,5.196206662992746,15.97589105151354,43.51551981530179,-4.565451578895846,0.0,1.6489559662403024,-16.07954637972129,0.43510145047609966,0.7261672293353125,18.81125671770793,-2.0585883134608984,-8.492385037962539
-22.634915440724225,0.5553582364478058,-7.493979328173042,-14.594871498942688,7.950012283136051,0.0,-0.5507300783050604,-7.759352195654124,0.2870550088065921,0.0214047598486805,26.273503413572847,-25.934890472584968,-2.3395267618753364
21.610267460032077,0.022282357609825075,-16.48922624076357,-17.071201443518856,-0.8018233424199509,0.0,-2.7497501738284047,-10.271052358267918,0.38249634213690925,-11.939886054079645,-18.354051211934696,-31.54473568193351,11.37349799493554
-11.746288839403968,-0.37343897689229677,-7.5621272118811875,-8.558615752765064,-2.0865169125649805,0.0,8.589356342198528,11.164261851300978,0.2683647674175777,0.23655954996506467,30.629285918514057,13.7707557512638,-3.2180378571103985
-15.705786462874407,-0.15533230833453396,-6.050153696526156,-16.69085854988065,0.25196845319832367,0.0,2.8429639643552145,11.654950781108361,0.7948210268506706,-2.899562754785121,-29.550348370014056,20.21689978211647,-2.4484234855314777
-12.924032732901058,0.7446685983403885,-4.368942471670761,-22.13345913745784,-1.1278400280609095,0.0,1.1639539692521013,-7.822408747142165,0.6749147644990313,-2.4968507899535237,-23.046009090622654,-17.374276332283443,-1.6419593391925185
28.209870601180953,2.9964768442758904,-17.7043218901679,28.07270258882721,2.2385094655396496,0.0,10.488719517557273,-9.289260890339518,0.3287554284094663,1.3124863463735577,17.15117275448866,-25.94492717272604,-4.01111071199552
-11.74108195776112,1.1633780544711556,-7.6252766343358225,-12.227629845981841,-0.3688053881431065,0.0,-0.9710283781266887,-8.008175947857017,0.39048922725851404,-0.11643475138094198,25.449961531144957,12.400250706536744,-9.877592131525544
-12.01646006496034,1.0744810259059965,-5.427968487795921,-19.95016508235777,4.644885313154238,0.0,1.4150995696644255,-8.1126624904713,0.8410278679226821,-3.0377687851952335,-21.95063515934697,-8.26167841000181,3.5714107387635474
-15.840007619072091,-0.7193612586624685,-5.303413496756174,-28.862982056964217,-2.27199889684863,0.0,-0.8509575620415604,8.662817631620035,0.7358676700227488,-2.1785170626483286,-29.484521094724887,17.50433286385545,-2.1172861391085296
-20.554492275215132,0.039601740261010404,-7.602795156215498,-26.14312569604198,-3.7732449819828084,0.0,0.9422212438328935,11.476486431421236,0.3644464517525313,0.09197248410082005,29.31359692538006,19.451462463088163,-5.0649220627526494
-11.148292923578028,0.0672671245366506,-4.990132238266567,-24.906848047401944,-1.2400344853722425,0.0,-0.008459824772232678,-16.181861360389302,0.6800116914690342,-2.768450715228844,-25.638009060557643,-5.429993928393957,-1.354237560723597
60.90097633108884,5.684750346950185,30.840253089327724,22.499891509244087,-1.4183681688767855,0.0,-4.429990672838303,-9.037214514648255,0.4065328366850755,4.677779671499271,29.773923848411773,16.78939878063712,-1.5175063278651937
-19.087627263633316,0.7509540372541428,9.239079607218205,-35.64121250886017,2.3308068016453016,0.0,-5.335400443757084,18.150396419128835,0.5504168664697523,-2.1591540815067467,-40.666542741613924,35.79954461677117,-2.514658956641469
-13.116246343338295,1.0005766771000062,-6.326354938123783,-12.691200224629965,0.42374808082224596,0.0,0.7627356792889556,-7.8696950353351145,0.9167439669728008,-3.0588727890213767,-22.56332707783816,-3.520625728380887,2.1777759621185906
-28.039920828346464,0.4001690387029441,-8.323875832029213,-17.152768459728012,-0.34910273244450124,0.0,0.4291281208298271,7.939752124428738,0.4004969006096991,-0.6481335492622413,26.594104189209474,1.3752865077693295,-4.20168050831471
-15.00525546731286,3.3467323512582285,-4.419037525210045,-17.059523009146137,-4.521514357691846,0.0,-14.800787159881871,23.850742379715605,0.5662342670781645,-1.200407083394502,-25.893178918173998,21.07846455620966,-2.448467348292118
-8.384104213529069,1.5821444606976225,-9.007409440979055,-13.921400367862127,-0.6625993600900582,0.0,-1.9634916757303011,8.190848246394065,0.2950498348634853,0.2574156626303563,33.002814351367974,0.8027461205517328,-3.850371109219867
-11.525223669115997,1.239085891894878,-5.252040072629147,-13.202479894737127,-1.7730020944824116,0.0,1.6613251791810069,-8.167938105143405,0.7068360282459115,-2.6741442987133284,-20.848834211610214,-26.650795010640813,1.1758298978101185
-11.898999643920861,0.3891702288969341,-5.459431405806869,-13.14240594968347,-0.6430128691780146,0.0,1.2038659560217886,-2.169130587870746,0.8144238900743308,-2.7683196611468173,-24.07863950758161,-2.5866269937011004,-3.0242613306423
-11.694014274076169,1.2397571617044405,-9.49743206828095,-7.6475442554389605,-1.0330887886031674,0.0,5.658188263758722,18.55425737760883,0.2513608700793815,-0.4520879502140264,32.69385665400759,20.46066986622929,-3.471300708107736
25.54016590006312,-1.3188761582239874,13.557644946291957,44.78309960287573,-0.49431908791384327,0.0,0.3463468389680755,-21.92647860726705,0.6626945264284125,0.6571611098904434,17.593976617825085,-18.854844928944107,-5.4840619362849345
104.78865605055685,3.9926786464577253,110.9868275729084,62.5594489414198,0.4103465117169174,0.0,-10.945951166892039,-17.999657216187018,0.39417201237945804,0.903716219159655,24.396909402815172,7.826212350151223,10.511699856914442
-13.776145662310348,1.6071682780080774,-9.12895007163735,-22.07731715463771,-7.475639778684276,0.0,-1.5969487191510952,33.095249288615136,0.3502270091569553,-0.581283314933014,34.30768205081432,37.781378760944946,-2.5184049558312194
42.9005302408069,10.649301810953101,44.67816618059702,24.17245157001415,-3.0752847966549464,0.0,30.54100305616619,10.285424168075659,0.33173844152919224,0.49388161589599905,35.81525806280527,132.43882745555632,36.513608230660815
-11.872194673182783,0.5331169923975303,-5.023869018465415,-12.857450890919628,-1.2531626517938068,0.0,0.3256731063445704,-8.891555546569503,0.8503902970865634,-2.721346970012138,-20.621330145292394,-5.286707653237705,-2.2836478311848127
-10.353296250083275,1.1028598723080185,-6.092665617121581,-14.346205810775153,-0.37231910431377047,0.0,1.320549217319615,-18.769432054863135,0.15704502526368494,0.3312099122947947,28.61560152059861,-24.721320482326682,15.301055399702149
-12.537721082266087,0.34651071953689255,-4.8649624670546325,-7.953251417713736,-0.23771486750527432,0.0,2.0725687152016095,-9.248888618939809,0.667396199800127,-2.494507412070898,-22.1052648093254,-20.712909182497743,-2.1451415669030665
-9.926978018241162,-0.0186071257549057,-8.05868833673498,-16.66974793107767,-2.5308215042620383,0.0,1.7782107307297632,0.21993334255090233,0.3604751080131528,0.19039499645775,30.426828025084937,14.22467329208238,-5.3355539914371555
-12.41900843749432,0.17973825020570583,-8.820888597329985,-7.222339508152368,0.38331346423844104,0.0,1.6316207028986307,5.386824103893711,0.2365466137692511,1.1978481448284626,31.507508116817622,23.034449399988997,-2.724387884175053
-13.153404936958882,-0.012656617465211316,-5.031837333606421,-16.34030890259764,6.271648182220647,0.0,12.427660792707005,-10.935606483269646,0.7845095676019167,-3.4545003520829827,-32.406436923819676,-3.519990646177497,1.401837786044004
-12.232559649496697,0.21125332595398771,-5.200975917219397,-11.172642802054309,0.9757316424057285,0.0,2.0194291414921133,-10.244265305005438,0.6565187958709174,-2.36106240329091,-21.077791233470546,-21.94743688437806,-1.6903478290431828
-12.097841594492513,0.7941456127363449,-4.807479427649901,-12.658743137133829,-0.2365790853151384,0.0,0.8758293227885544,-8.362390897702705,0.6727697284353562,-2.3151847766422478,-21.76982644936267,-20.251398858783393,-2.1753864962915705
30.65843805522783,-1.350383796140619,13.737006844352312,21.474740205937888,0.2757135678308115,0.0,-3.264976748864741,-15.885282453999247,0.29544089955059644,0.9621935500106888,22.267655195939348,-31.757887798081857,6.910720250655231
-11.939675202732138,0.33829785213676694,-5.5520436625720935,-14.925774681697733,-1.3018000125713474,0.0,2.0224421231894425,-17.358158968593724,0.7316265825664443,-2.8782249886437086,-23.588331223851544,-4.02733217076763,1.0277515454514685
-14.781470151883072,0.13634959708044125,-5.442576579226256,-27.144686558075392,-0.051176477368169646,0.0,0.8823902300538845,-0.01082905042882468,0.7643935614005174,-2.462662346448123,-25.895329986639815,18.681328978647603,-2.570659137221453
-18.518399975994818,0.3738836345918168,-8.5908325872672,20.8032833782583,-1.4216458337417393,0.0,0.13486291213279772,-19.229053656349112,0.3487233323387847,0.24869540390923886,22.15494370464679,-7.822714389367096,-3.1321803018937464
31.686540936408935,-0.08746771483409346,-27.820921349200614,13.592096113093692,6.26463209786707,0.0,-2.6952046446731,17.651016536244843,0.2075322631902761,0.9396264324564567,21.407530951689314,29.00803944234722,-3.0498732942426905
-23.887415065035956,2.087430038316979,-7.841885619365926,-17.261521623233563,-1.0861802098256745,0.0,1.5912813835587243,19.53752685954722,0.33121463892971414,-0.12309778958277746,26.518810001295225,7.199776446914567,-3.306594718571957
-15.156907668709795,1.226199085700828,-4.924657439361267,-18.50140961248359,1.2757197000381126,0.0,1.85985366208854,-8.616896719039598,-11.521137262782037,0.211273249066059,-24.352590912729603,-19.631628787835982,-1.494509454638955
-13.68104362965003,-0.2886772767709513,-5.351534795956883,-16.09126717899832,-1.780618689046908,0.0,0.16365275315893316,7.321622677905337,0.7730253855123193,-2.2382735556486564,-23.727366933227295,16.40181647138541,-2.4668821378731876
-26.894759355868224,1.8735070909365126,-8.015420301528424,-19.72059825752283,-0.3620069627570055,0.0,-5.238092746865626,-9.809312568425923,0.4272162726039475,0.13010599034555503,23.711422196508334,10.385500321044717,2.503145266962279
-11.579711774532008,0.500649833553534,-4.904230927127695,-24.5422470609129,-0.7221308648083211,0.0,1.2667670135293598,-2.608537347629199,0.8142192812903002,-2.859905564496618,-24.230570125199517,2.5370335540972953,-2.6519242621560584
-18.188744059366282,-1.778218543406468,-12.2618326541376,22.107196683252635,15.649679309346975,0.0,11.503491767656342,25.045486375894193,0.29964095148802505,-0.14834035560362405,26.419999160874593,83.07221192510418,1.8809788723540486
-16.695783604527012,0.7402789602979435,-10.305811502243836,23.5954489757632,0.17441812254858774,0.0,-2.8832577951357043,-18.36423246263698,0.35938500142729907,0.30799591042754476,22.592151729846464,-5.347469427323716,-3.541067280139637
-16.606801494304015,2.182877444783262,-5.421876223980992,13.908111111075963,-1.3366081945517991,0.0,-0.31837203571691663,-7.592092105364335,0.7240451822854458,-2.8437952454170574,-22.651077291257746,-15.65381725372917,-2.054105091728449
29.074470157185456,-0.25488557540227297,-17.268790250848024,24.906754115346835,-1.0698758867625742,0.0,3.5098548239647567,-15.148720416529502,0.37715263173338914,1.399097787542899,17.51544863904036,-2.906615851233637,-2.1959668482523087
-12.327699317738118,2.5118761319706184,-5.717731842426144,-10.757093733186572,-0.6648969845150126,0.0,0.8770824798684205,-16.84407742911633,0.6403321148198464,-2.982183467056646,-24.071999424547442,-5.230750515791509,0.9358590293070067
-16.4891838081068,0.3457781512671542,-9.158946147644881,14.614217206463534,0.7832622443169609,0.0,-0.8117655777621114,14.899828003065789,0.22770015343112232,0.31812904525560587,25.13333027974278,12.586879166254073,-3.6716832458942776
90.83358753839184,2.0818857466150575,-20.225987056886883,91.16234293240379,-14.080847738265987,0.0,-0.9132184328040116,21.23009026818603,0.29389206585902805,0.7007332717254646,22.537187322128112,37.852575141403605,-0.7680251930442996
-20.590986146756226,1.377312918492641,-10.983192430670451,29.274503315332872,1.2480297600718766,0.0,0.3704089357383563,21.540638100766103,0.4704676432653737,-1.0071512653889059,-22.54213016262473,43.18960791143911,-3.5147018165616
-10.838031911513369,0.3353056786925007,-7.003191149941755,-15.942669044210676,0.8715834981094971,0.0,-1.5943680876428505,13.71834035983589,0.36374306849856797,0.171235281200919,30.382644517421355,11.445964131102004,-3.4361257490634016
-23.196802003756165,3.8179654226281863,-7.686975509646809,-9.83314401061787,-2.5188508498138487,0.0,1.3505329349936719,-24.170086008721196,0.36487255412199215,0.11066358118381872,26.6187797054382,0.6862611869328827,1.2884479557372719
-24.952742240224058,-2.345149285007299,-11.68254733432614,13.338287476794749,0.4521586930209369,0.0,-0.1955178342185246,-19.046630083049223,0.31982380000879385,0.06317323174830682,21.147809819377695,-0.41993200420875487,-3.246252994599564
-15.359895434808474,0.7925123395813953,6.808483312384511,-7.566659954720851,0.2636667262684696,0.0,6.692665302758432,-8.45035009459511,0.7650748495119826,-2.5234265953779533,-26.91379121116802,-22.744771335641662,-2.270821170333539
-24.722843113147913,-0.007193761558648883,-8.08601862673401,-8.173482865322612,1.0718838068104761,0.0,-0.19422342004164136,12.257848091594703,0.23468690443964466,-0.0654731176077506,25.697985658491415,13.958190533211523,-3.19384281912174
-25.909543661425054,1.760875727778591,-9.799414738174452,-8.703970689613582,-3.2160044771468623,0.0,-1.4539518563084566,37.42980885394757,0.2556170161663664,-0.11872983371361072,29.9265320668929,18.985159550367584,-4.465488703581238
-14.673336398501625,1.0642247283038162,15.797129218455709,-12.755021038619919,-1.2821582826167526,0.0,-0.2441854715157227,-23.066348382241415,0.3712884189777883,0.2870717610797343,30.581231267483435,-13.594541818917834,-3.6803327889731206
-15.498556625612675,1.2786451950090179,-5.404122621142495,-23.98787615824272,3.2685224191484563,0.0,0.4325993189683459,5.206467436356468,0.7749386317335933,-1.3327369912146378,-29.591764164832025,20.9849480189633,12.804391142452832
-10.628924360890577,1.3220956564813147,-7.277815186273884,-13.545407171814487,-1.2747198357722354,0.0,0.3936377305517411,-21.695894360160988,0.3615199104675982,0.27882903747432175,24.34951621876222,-17.345872205964866,1.8998146294586766
-12.1893608962066,0.6562258670613774,-4.897882003503354,-12.476560225651665,-0.1989793807969493,0.0,-0.021489502705361468,-9.471004198796985,0.6630424306235405,-2.3725410013448314,-21.712757932081345,-18.938960644255786,-1.8670009057824972
-22.60113969950886,1.4883656193433294,-9.748769781214795,-17.22526028864442,-0.33494150187886657,0.0,3.0204706131501786,22.18039508748525,0.32931777248335065,-0.3550354069538387,29.3977159185247,15.466491382442062,-3.417458500857737
-12.31688113448994,0.8448756932826024,-5.489236834111295,-12.827831724024978,1.253803656869565,0.0,0.9773033131836992,-8.37601196096467,0.8644638414504338,-2.692758603842962,-21.26331426514367,-0.030873265707211,-2.882567658660207
-17.01603403229461,1.2701531599478073,-5.538624506081761,-28.90931616382069,4.701752840038118,0.0,2.5121264770806317,0.6571708967515688,-13.521485945629207,0.39819195391499795,-29.32199842095898,16.440880153265468,-3.0920772093362947
-19.899656622977158,1.832448803276449,9.10217332731742,-19.27559396267707,5.177653876376204,0.0,5.45073179458455,20.78903588498306,0.6508697581541607,-1.5702040458059519,-35.14832246272689,37.59769946299439,-2.0917356481972402
-25.318535999856344,0.7671036338842194,-10.292569092420216,-20.124948064844176,-2.575834586144558,0.0,3.1039789313367177,36.97565406218179,0.3655384745693944,-0.10117774990053718,29.855189810150737,39.81398176707412,-3.602804723150304
-15.902619751938882,0.5700261337461892,-7.613788320938381,9.920951644066987,0.2379135110364917,0.0,0.8468236727671409,-19.96845442087852,0.28108759006484424,0.2634865753617772,24.449787778875237,-20.234773871103645,-2.958342497771665
-17.783375405772336,2.21691685629787,-5.137416452245488,-18.767745639721305,0.6387316105325229,0.0,-0.6760950592121527,18.644060760550882,0.5455548351865134,-1.6088937896758846,-24.09741933902699,21.54793832911246,-0.6910935107854342
-12.615897730867044,0.9814786756646176,-5.9939046414160915,-14.118295023906324,-0.6505860745688584,0.0,4.209736121018308,-3.2569913809735076,0.7445255522516763,-2.9663720507071654,-23.075125289222775,-9.360757360841792,1.9487774665509368
-16.592926931548895,0.547342484687724,8.629523827982363,-22.23386020861405,-1.1328997857596248,0.0,1.9845326984023712,-9.995061282993687,0.9570117124664372,-2.841282834411927,-28.043450582583137,-7.307822235536618,-2.092239529253871
75.06375023591806,10.762348184774716,60.277380931295525,53.84746789007245,-5.514791256323438,0.0,7.7243068910338915,-22.97224203999206,0.588770545409071,1.0700449157447853,19.95826651031486,-57.16820638798847,-6.063802074946385
56.35987984343859,1.6235866509581744,-19.805526771971238,48.9462158388039,-1.8062178437380672,0.0,2.6645096624653957,-13.419937273465894,0.4659499329563227,1.3647713282092844,14.451866808572271,-33.18535174319573,-3.0758883358469875
-15.941378526397159,0.4565126614067656,-10.043607740246687,14.871481655614904,-4.807328498000205,0.0,-0.16294971578337097,-10.97399083996871,0.3451656389793051,1.614421583780767,27.56764415076295,14.846758645214509,-3.141210491167754
-11.47435230874655,-0.20409047874497413,-4.78792996435761,-22.070548589122566,8.315983297035391,0.0,-0.7997997829308149,-6.9500057708421705,0.5330460150221841,-2.3933396380069745,-21.05511327279712,-25.687082742974894,3.171927777826726
-19.230888220994718,1.9658902541023202,8.265539813209328,-26.143250430938476,-2.273204469513715,0.0,-4.890127316563477,-16.580426144990312,-15.440149385325748,0.35407170434324026,-39.440266753427416,-6.22185121153245,-0.306611442130961
-16.988023859094557,1.2782572542397392,-8.379148826793063,12.619001237722522,0.9911067091490506,0.0,-0.9288437542542949,-14.365597276379942,0.23942612844354755,0.3609436173390185,21.875165582747943,14.118337481792825,-6.384499198538358
26.29865646128847,2.2948261831676287,-15.488071715606067,9.58626864559307,-1.2214688719758946,0.0,2.2558854019603842,-9.662666975143031,0.48365367425312134,-11.830909831961735,-16.392549583372112,-39.12931365177919,-1.4703924545339921
-11.797281965174017,1.222129037171648,-5.046392576630722,-22.238665996703965,-2.4592661085430856,0.0,-1.3935810254326144,-9.280430440572808,0.7114529213669619,-2.6699583722276614,-21.634743722033658,-20.697494953191363,0.4563633811485875
-18.55355452495993,0.8778424882780013,6.3883244000952155,-34.29381485373526,0.5818153390746199,0.0,2.8870693745621376,21.342647768385742,0.6096242206555896,-1.8829324647458376,-42.04749327587504,27.551208388491908,-2.016600741945336
-11.31615139507894,0.9834125277546081,-5.158077070937248,-13.642697213012747,-1.169058604477731,0.0,-1.9636280192271998,-8.847697554838891,0.8489865800926661,-2.7412532839867043,-21.087749059353172,-0.08970010661260269,-2.3771835869683744
-9.719524922128656,1.2956469828006165,-6.804955422160421,-12.428441333405639,-2.561253106363562,0.0,0.25359815887794385,-17.10933851583701,0.37144271556968833,0.1468423220574431,22.83666163870339,-18.042348452751863,-7.2846814067523065
-20.074202461696657,1.0791728251058867,7.8146995872974,-29.390090078130903,-2.087238578597091,0.0,-1.251722109712654,1.9539855935209864,-14.946727010797058,0.26456238792335107,-38.94230810421527,17.8877604411637,-2.693264568650061
-14.422644392293712,0.020523159116271464,-5.036020527931806,-11.49179819702051,-2.621326061631476,0.0,-1.2416190848622255,-9.802146822592885,0.6574989152247068,-0.012402398561248999,-18.842774888599735,-28.928614005556028,-2.0289926546110983
-15.369872325129576,0.8493000920688141,-4.809572402662049,-18.239724608742712,-2.6796326337952747,0.0,1.6747008763939693,20.229399141032825,0.632783644771914,-1.836147785450066,-27.304569203755857,28.66350018219737,-1.6874839394133097
-10.602876646313675,0.7053443823692825,-8.442684777528326,-6.787457950407779,0.7768411932249066,0.0,0.8122724299495314,-8.963412252332475,0.35940198660901806,2.421489872477276,31.49893755838009,13.336714777973674,-2.9726419282482475
-17.135399418057336,5.211515958993868,52.66660341048251,15.255632705980059,7.767343516197438,0.0,-11.374983961720927,42.92678291678265,0.18968572819583668,0.22152056111024818,47.1042777903095,41.061314527215835,34.9861991022922
-11.16725454099207,-0.22489016088698996,-5.010590958798343,-10.692955598793773,-0.22534295652106212,0.0,-1.8340761609136287,-17.345774588747588,0.656030597431306,-2.3713082161098384,-20.33525599150708,-30.817605353899395,-1.7155495735010968
-15.406493286522432,-2.9202178165546413,-6.879541125840545,10.708985958109185,-0.3899655150802378,0.0,-0.23641868944616715,-20.817144577493224,0.302592037389575,0.2523930440255262,23.6910840774313,-14.976606936624417,-2.5112444449924585
-8.886291394926078,6.363094889502834,-7.429971704514892,-36.954292239014066,2.5921955805176604,0.0,-14.074688786299252,16.502530295295966,0.40092021813021594,-1.5150918860261975,44.09056072104682,69.6683564640213,5.05105242926087
90.28860617982022,-4.210368224680279,27.934605903909674,99.77452747398692,13.236273010372697,0.0,-6.752469545172484,38.062010335209074,0.5781451299585444,0.422803533490802,24.937157773618015,48.02726440297469,6.47667572725904
-12.001072235627166,0.8940214334228662,-4.704837043131155,-20.29293184058549,-2.007162764780241,0.0,-3.064974534851362,-8.202186076419743,0.6601006639842866,-2.4900988101316104,-21.61637092376917,-20.911593169293955,-1.4493438454209655
-21.454013648556913,-0.8173571934031798,-7.720779353425976,-13.601582193391804,-0.19107861523854333,0.0,2.42685919599426,-8.906490070918354,0.3812683757823998,-0.019314669435199175,25.822266612793385,-3.2134057548106836,-3.1000794070180557
-10.171015459020834,1.8024253867039148,-8.612532491717138,-20.410249295373156,51.53881370212712,0.0,7.6975118427376765,-4.259727420663383,0.5609472751936101,0.2462103973220811,24.384619718973774,2.9645206101601085,-2.5970606295084218
-16.056888725947346,0.606621330637896,-8.10726680279534,12.550999935225224,0.4155342411000425,0.0,-1.4666435163952796,-21.358062871798563,0.3218985153427609,0.28488682934390536,22.89236394076665,-7.729380916267943,-2.900054423003405
87.64633917471139,11.120460946591978,27.009989269759274,94.18278316505285,34.78431261842048,0.0,1.902574796390341,0.37758749523904667,0.7113099149905829,1.3747413851429113,22.181546729858994,70.25793013126349,-1.9981340777430723
39.48948256792322,3.8823095368586222,27.553097941322683,62.31364730782261,-1.1073064183978083,0.0,6.498103670418423,-26.667833581887262,0.6415844499865296,1.383920259697574,20.23216703403737,51.9379890202011,15.482975181256197
-10.323372903281788,1.6448737038341181,-7.40799705095369,-14.500596699584,1.977855723516241,0.0,-2.448630936017742,22.426843556216873,0.3239620139888125,0.2168249714273617,30.97298613991132,16.419501486418255,-2.964773171284965
-11.200530425356044,0.42430209299932636,-7.758453866128818,-9.910934779952,6.177481027725475,0.0,-0.30290407602640795,-15.757703858754596,0.2876323316433538,0.28736975344628424,30.809545663053306,-0.6277046846595576,-2.6037446179123336
-19.073638531914238,9.557360296814124,47.57931360971956,58.88103155635445,-7.1614347952028785,0.0,-5.5163060833884074,54.04350368494491,0.5523255727412991,0.35989202322144354,33.25007300628317,34.627238882569706,-8.387338358698916
-9.34069153278357,1.1712914025617507,-7.680455085113825,-26.68281606706089,-3.6241477657328445,0.0,-0.6033123800476324,32.41018011949571,0.37452632013779985,0.1349141663149951,35.495597842309,17.865599156272175,-3.8330004189714977
-16.55360980536466,0.38730123626782664,-9.484450673253255,15.87235369322767,-0.45923074838762423,0.0,-0.43509762956074105,19.435754186158544,0.3054163147833576,0.34290092927876853,25.81662124022693,17.441811666129016,-5.697320327818343
-12.112613731310221,0.6724983200481006,-4.7903110483123355,-12.424718262176357,0.13877714939767324,0.0,0.2565435297620314,-9.8309034118542,0.6603778587355311,-2.2217778791673175,-20.98312237877443,-23.332685355145586,-1.723512653229377
134.39158952505633,17.08080600918655,64.0452986223991,90.1979459646722,8.080311377390512,0.0,13.751613712875011,3.8788425696199034,0.5899131405802757,0.6635231472786609,32.0551030814733,42.05859998912243,8.277729501411425
-9.822438151556387,1.4759532613054271,-6.850485447023427,-13.211975980008408,0.4152777223063034,0.0,-3.054997139711414,-9.70687431094772,0.35453327804862284,0.25325519522195533,27.813046959057388,7.076087486730516,-3.508084644647369
-55.15153152565319,-17.358346237321268,73.94298935330806,53.60680915475572,11.902375902002381,0.0,10.289618772874451,-13.827663404296231,-29.25395148753785,0.2751996731529481,-45.32415673683345,0.29304381550942993,4.250852077789771
127.5109591607055,20.472260106956792,107.6657514348004,87.48319129357016,-4.760659471238442,0.0,0.11373829708503354,12.191563957546718,0.6123742621310312,0.48280190772420467,33.02139109285544,40.008274994582116,3.27148091799626
29.057212562975984,-2.1848946043419213,20.56027496472703,11.947192908713477,0.5087743990662784,0.0,0.6025950992494337,-21.8876894433725,0.2560410902670436,0.6752264152171014,22.821173623988887,-57.90880212123218,1.244346468390059
-11.425028005972418,0.8533985210487226,-4.75241583954399,-18.450464295116735,-1.138413161478582,0.0,-2.998918589207219,-9.361523768093772,0.6539371863082628,-2.4840756474321912,-21.862414400472638,-25.72613140862767,-1.3891999596600346
-12.203959830993181,0.5054056405580252,-14.400585946627693,-11.050756097762873,2.194531234899056,0.0,-0.09726366190644256,-11.765964382588,0.6279455648333404,-2.3699735100451926,-21.12421870838198,-17.308255481829377,-1.636196294829702
-11.690176515093095,1.1361073903350662,-4.737687691316074,-19.766199669718002,-2.105105456026998,0.0,-2.0004738357434784,-7.818467375675992,0.6621826208707394,-2.5114760255244994,-20.92914843497778,-21.42910184644645,-1.681025072877562
-13.90296359042037,1.32305021937951,-6.294853052974476,-23.661261745397617,17.36351680350635,0.0,-0.6047832148173868,3.3853285771009998,0.8554520083195775,-1.875040863674772,-27.841718733528705,12.38237951518023,2.4612469159399724
-15.742182400627401,1.0412132413160746,-4.536256007041451,-17.77281341417099,0.16295970557650205,0.0,6.127278618719388,4.911784032482833,0.8071010326801369,-1.7894399756390884,-28.423903541314143,20.253221399314953,-2.7683318793945566
-10.353453385831868,0.26360662770956506,-8.344439415106796,-24.78539629612565,-1.8413597411027216,0.0,-0.4168196642803319,-10.756198024409583,0.4430145852733273,0.29712147575818004,28.1005537716736,-0.9286702394085813,0.9523901038579237
96.56360960507372,-1.0778464791186595,39.54277056535228,81.10376512711852,7.329801520357138,0.0,2.84931710255836,-32.03259305558774,0.4934409538031971,1.6388036086631752,32.46344916044046,-22.57047331157605,0.9501624071244918
-16.46722326690176,0.021930872860226044,8.315704393040876,-15.467061851138697,-0.6771258372049643,0.0,6.685770294100641,-17.33582178737819,0.5717462801889986,-2.7445470214609924,-33.612652262414464,-4.737132730419662,-0.993014042854292
-11.140830332766045,0.06474084324337907,-9.474275867414981,-16.760355152109685,-2.9676686353499204,0.0,-3.060841696310001,1.89027756175862,0.38453830059431365,0.20958930646948892,32.221078159401195,21.792476545926256,-4.268158230249922
-12.535219063238689,0.9886439566041187,-4.852395777312784,-7.885585565272208,-0.9418695351966517,0.0,1.6755010019782541,-8.658884951781493,0.6735493550604666,-2.4881341741633,-22.296178585939373,-20.85160977779123,-2.083266382233346
-15.08493809025527,0.7028389026062779,-11.05569990045339,13.343473609342972,-0.26969503946874085,0.0,1.393908665367381,-18.7319256128108,0.3351893640488437,0.3657837101029641,23.687004536433815,-1.5379069163378993,-3.7503905197738034
-23.11891735705498,-0.3901699283065358,-8.32426997649814,-16.261352247474676,2.6161771434086205,0.0,-3.1460548934008403,15.316913084523314,0.364856519040797,0.06469756591232788,27.940755859318273,19.82879822340915,-3.4033211860190495
-12.321666888343895,0.7540844081647393,-4.822135121572442,-8.522693021029776,0.1162669277761799,0.0,-1.397338721990292,-14.147555181931772,0.6538017342980719,-2.275861224509571,-20.994838411593285,-31.43088036150473,-1.6993041776223223
25.167077798547897,-1.3207083741711974,-23.527358051860272,-25.2561088196025,2.0182608878275476,0.0,4.803761951138712,9.350859401105133,0.36628485248108456,0.49231578951253613,22.34073458819902,35.010505999934125,-3.3183889445761525
25.138454573466635,-7.5965766406087205,-19.063630454700824,54.2901138706799,0.40388065252357375,0.0,-0.76149657399778,-2.5120720800713,0.24015367299693313,1.3156353391695907,17.690209533511748,-1.1506369305215367,33.29134802773474
-11.720800564812825,0.6390519553789529,-4.738418645363748,-11.068914708398266,0.34602767274980734,0.0,-1.173819766661924,-9.288863221164846,0.6553135421451695,-2.3737649176742828,-21.01029990763108,-21.586826235584567,-1.7729387508592038
-14.106330731787018,-0.3336605070220269,-5.116680422683024,-28.908650856720733,-1.552660702887832,0.0,0.9495994155438222,5.514459315750293,0.7742367708667247,-2.118567993077803,-26.37298204177821,15.415234523550193,-1.93303871062704
-16.309372322697605,1.3195403701129444,-5.852208044433157,-9.069883048555658,-1.8192498711551552,0.0,-1.5127966752824524,25.62782688912929,0.43072638154475884,-2.1438112777030356,-27.250834500516778,37.44681490971016,-2.8271008413271317
-15.9422989555092,1.410084547976008,-8.966866415049575,12.903626920023438,0.20406361672827472,0.0,1.229638147740183,-13.722986405462521,0.32411460994447155,0.284417500696863,26.933056789683537,-6.490215941156631,-3.3683117836467478
-11.694280813608774,0.2549528563510918,-7.920590609354812,-8.10855802251367,-2.3219349544248216,0.0,-0.4768154232721179,-9.477879561937144,0.35276964720415227,0.28291564229651484,27.69920137459352,-4.494642551315707,-3.3477692189332857
-23.70580394314884,-0.4521651988488604,-8.18873668883099,-25.452330379723318,-1.0099018407180473,0.0,0.13696914274015692,13.125581811243956,0.36525308348142876,0.08242827213461429,30.819260741900212,18.831009829929247,-4.987545456245423
-18.652072189771303,1.7716800087100482,5.80583986567853,-21.91531271197663,-0.8362477813432045,0.0,-1.314950823676778,-8.426165087567247,-11.788618590036485,0.2540280354907942,-32.00814605916233,-23.24327050994772,3.5132106419013596
27.7275581816018,1.0866993261409057,-19.43686077465395,12.241849863404937,-1.571528722739439,0.0,-1.5014864512026551,-14.401463217744126,0.21191116994005924,1.3981435449983775,17.71842342583231,-23.330662706109376,14.977341925697656
-24.651947464662037,-0.4225679468081618,-10.885793689960849,15.134495820594342,-3.5663372917007043,0.0,1.655403463083827,18.21852129729842,0.32263478526694844,0.32511334144576964,18.827738162519704,38.60760008982294,-4.718720247246554
-11.808369570126573,0.4151645994691851,-5.495120287882443,-14.554894932694799,-1.0302092657181592,0.0,-1.831183740736882,-20.625518482323226,0.7293964154333143,-3.0334208915658736,-23.57010102745956,-4.4941895676912464,1.024094440948478
-12.019530021747267,0.37254856992693147,-11.55521183182885,-12.957148073735388,-0.608062543682214,0.0,4.284395384485426,-9.798939329778523,0.5133958957683045,-2.510736860505097,-21.695583810987557,-23.891487214033543,-1.3644038134937198
20.44418753004187,-0.03868244099898261,-17.501791180576586,-16.490205945691933,-0.4300102796264873,0.0,-3.333499429633706,-5.791153263130361,0.6970561870283553,-13.776193169573062,-15.938181041775644,-23.786623523547057,-3.181240909971607
54.73405201635297,8.695483679335426,31.20439288952042,85.11143109484108,2.392717060950306,0.0,6.720449611012463,59.77348701526599,0.6662784437529314,0.8701029315722641,28.821704906283475,71.43006384233398,25.418638477598975
-12.94089363486348,-1.3912809666807153,-4.450996944363607,-8.148500039058977,-0.8116987930885926,0.0,1.4076962462192284,-12.951744656703319,0.6504547206089106,-2.398589155486581,-20.820956301367044,-19.307567604366216,-1.4063649528054818
-12.07288928296847,0.5781422431089347,-5.66203218506772,-13.2369387924142,-0.41505799780294744,0.0,0.7347708139948055,-8.258996281239455,0.8634932727136955,-2.72950415358279,-21.208572933929343,-0.2070933699576628,-3.0313038799190504
-14.556334126489379,2.374885004339853,-7.767364871256062,-11.482012497201096,-0.6404783872904605,0.0,-3.259298821473704,13.909163984545666,0.6442444702949955,-1.491463478630635,-26.304431759984226,17.312176769816773,-5.569644759793094
-19.43786739907644,2.9149235134045695,15.32824601097504,-19.412664419276386,-3.76906770449404,0.0,-1.6607905376361336,36.28138430210033,0.7542294399036742,-2.817454471797013,-43.24044861652198,21.844513582926393,-1.849452613243072
-10.678561939590747,3.807090643063948,-9.442203112095592,-17.33831723650246,-2.046918911828788,0.0,3.97732696676332,38.25690861395637,0.4122471560124678,0.19293397955315292,33.119412037484416,18.749691448052843,-3.425675990720794
-26.401629340231022,-1.5646198447405737,-10.315809350260086,21.747393103441706,-0.17966643336835986,0.0,-0.4952205455530426,-19.453392248020915,0.3407200310444626,0.057566613765691825,20.486952112173146,5.665683365712067,-3.380577043163654
-12.466869896275888,-0.9132120384446145,23.050200122708013,-16.648543647967447,-0.7811788803401791,0.0,-0.4978281362215173,12.04051076740511,0.35895964086711146,0.2272094920269512,38.510655297778264,16.11335408601681,-3.2944815623616663
-11.93606363676879,-0.20519641410338413,-5.03978088019932,-14.135763450117068,-0.8020570397305635,0.0,-1.8319521212382526,-19.180224736450207,0.6750071577811011,-2.7097799736618486,-22.765541302101425,-4.5399559874294715,-1.6221028365565497
-15.578609262787507,2.172758593797038,-7.2039016575076005,-36.22647916587812,14.47408817742238,0.0,-1.1713474219139175,-2.578002929565121,0.6958342666128596,-0.8820323226647839,-29.965586575769922,48.51937610823292,-0.4543554908924591
-11.653288657102678,0.7721203936668508,-4.7420953774134595,-12.317895330187952,-0.9121962248308377,0.0,-0.00556388550026736,-10.195327971521607,0.6573578694975613,-2.4411248315526435,-21.001296302297334,-21.970247026327264,-1.6374907069896563
29.93177187535014,7.489595335695604,27.317933708998673,35.12413241751239,-1.053907012888954,0.0,20.543728544393254,3.1175449154538066,0.47548494649762524,0.3526750249817061,22.73402827818734,16.003065712678538,-5.788825723264165
80.59883349258862,-4.6706502651327195,39.63656172702801,60.01184598689406,1.969352102375568,0.0,-1.5387791307289633,-25.013388391363105,0.5100080097828068,1.183315058781787,22.442424046179713,-14.825448456950763,8.762559223251246
-17.01916401711045,0.9729149805306115,-5.909147548801593,12.30218382346403,2.2589293086390136,0.0,7.584941832848328,-8.977365169331682,0.6098143906952047,-2.664742735739895,-23.51180136395002,-34.42306932525697,-1.7794231035246215
-14.84434562466552,1.4535610286103124,-5.028805366109096,-38.0983041694861,-0.7479644665085009,0.0,8.24391393323573,4.04704832439228,0.781846215304842,-3.157178320345886,-36.03151194370521,14.933343139290859,17.075700449471164
-19.31878563224821,-1.2100133269265683,-4.292846292986625,-27.21874748031664,2.6870827949646494,0.0,20.652387098281643,-0.8119980813200753,-17.125353573330578,0.22710592534686638,-31.46286311402934,26.168823705734336,-4.7227565619698435
-11.04567064184635,-0.8576311278285144,-7.304895474032237,-16.835448825057732,0.22860800802793813,0.0,0.46136130819257243,12.272234969404812,0.37172896246547615,0.2464291442249529,31.42775517734044,20.654854361066544,-8.373620999433864
-13.349947455178762,1.7954019316229168,-10.91780819404685,16.096261126194687,-0.7067689383398914,0.0,-2.3903650300795785,13.01668809980714,0.16386237056755026,0.1696348349809826,26.678592761119805,-1.1263700115774973,-4.416410873778186
48.657607838913464,1.4569968736042882,-20.680509693567874,48.272357901058996,-2.6394848149956944,0.0,3.149391723045869,-10.662986574812859,0.35254225363744796,1.355559767233664,15.288360816002202,-51.75699467079594,-3.146715145354434
-12.39802022895768,1.005686896868953,-5.538865324101127,-12.538900541163681,1.5089311840495618,0.0,-0.12901189072922112,-8.389624449413473,0.8537512777996211,-2.6574764369832287,-21.857625372465613,0.384793007515561,-2.1057374192119775
-22.869128584676247,0.8012173498250114,15.75810885452574,12.229811732729523,-0.40698651137506353,0.0,1.404148421278585,-20.339735613879874,0.9073108141734082,-3.6513986023938223,-32.235441809655704,-33.41533701039475,1.8323409104402362
-13.111030669947331,0.17334122896379273,-5.4570818819854825,-14.239036257768253,0.18561081156461054,0.0,0.007672593530367997,-5.659285490541196,0.8702611337605303,-4.095914815612064,-26.235838313216487,5.931447456745429,-2.192819950221796
-15.5130058846317,0.791246950165236,-7.2469386054998814,10.826153715123262,-1.4155192026352834,0.0,5.760003737980588,-22.58695506608481,0.3192773301586479,0.2934324287035152,24.250091926310283,-23.353756454206,-2.8307383733373346
-17.570851241752514,1.6225881052061322,6.384030698124554,-11.708438973166942,-1.1057899591350597,0.0,0.023405750469017887,-8.167919060263205,-12.40439942375968,-0.02790253084141376,-30.38951443380432,-20.704289850206283,-2.4726913095795013
-11.255675826971872,-1.6266996216473948,-7.120962173899196,-15.505136176723207,0.7585526634047212,0.0,6.605791182443299,16.505347993709748,0.3779260584885538,1.493770322092565,31.425702518646837,24.750101917145646,-3.8760037216707492
-11.626537900453341,0.6001956668768149,-5.420445280056172,-23.060272047445153,-0.6257201866171103,0.0,0.7169054953054764,-9.476406964602916,0.853250706642798,-2.7701695224960754,-21.55256423319988,-1.9656423923273327,-2.306505033411725
-10.184969393999168,1.5345673994541138,-9.009355121122713,-14.667937790282878,0.3533689742616892,0.0,1.848297507513834,31.186973172307738,0.3329826278735165,0.18462937209398703,33.46953130289709,14.121798238037428,-3.4166558908961937
-14.569204673150644,0.6660389739326706,-4.763251950567927,-15.984654449534114,0.3096524418870969,0.0,0.4338833430063682,0.8554785608888786,0.762942127903902,-1.8644615920712002,-26.5012866023746,13.00005697484302,-3.153662896591901
-11.78427473610702,0.46657572583190265,-4.696945262635002,-12.613219230636757,-0.8845765467213202,0.0,0.20307399668248818,-11.353305616975423,0.6546982727516462,-2.426106714348574,-20.975056787077985,-20.27033548982047,-1.609418361199499
-10.456061310721896,0.3801368460830114,-7.445877547729146,-12.584379979912603,0.2864920573095903,0.0,-1.8007269478145942,-18.220835924001324,0.3657883449368782,0.3524599174842035,24.75334759458529,-7.245442534705807,-8.000754613478465
-26.06822070053565,2.5651519861664176,-13.951061116334511,17.742366032085528,-0.1807196511455508,0.0,-7.287349417732147,43.68682385648726,0.1015464441855169,-0.6293504847676079,27.167784862611104,57.90277869191978,30.129191049785316
-21.868332374214283,1.1465030309564557,21.89762554661361,-23.8757784611919,1.5774509414483984,0.0,-1.0701788055372325,-11.3345556738676,0.8075484033230019,-3.829506128908332,-32.974947555042654,-24.37101572554351,1.6764168665672905
-15.379842191800956,-1.5443478157730142,-8.389960313388897,12.925823814442852,0.04866646671674271,0.0,0.7578462544817977,-13.181365661111549,0.33020622710093506,0.29067392923228613,26.247673804686038,-2.91280731287815,-2.8341858692918023
47.94233525376489,5.170019725031391,59.861078788220205,17.174317383145187,-2.914639271931466,0.0,1.8593125263389554,-16.10310758812123,0.32281083178313397,0.7108058039097758,26.673815918262296,-3.577584399153485,10.903837659932778
-11.078415169654793,4.540547100049099,-6.132609469843135,-17.44935782237246,27.528913880941076,0.0,-3.4106526473767778,-3.885627517038156,0.8079714133343016,-2.6591709806661257,-26.00332965926454,-3.5388882401795825,1.168539441679419
-18.646111050529427,0.8300639116107985,-6.418559143006251,-12.686561001423982,-1.1465157989907306,0.0,-0.888309634378561,-17.271310061747236,0.0871709339506881,-0.17536296656022354,23.909278579985774,-24.64057603190408,-2.3067441603237886
-17.942567828271134,1.3173143173943151,-5.473686996135098,-19.031785391257415,-4.531899706747965,0.0,1.0891547971822744,19.260548051189524,0.6389193114312044,0.08138826765249277,-24.56186544668941,34.0673245671156,-2.929888283979433
-10.250684833278164,0.4647994757372195,-9.311215962907559,-17.776570383146748,-0.2090832625491402,0.0,1.0558769897850149,32.75224637503071,0.39877032874403584,0.18378598643238986,33.081539440328456,18.171359661024255,-4.235473549638588
-20.72994330607017,1.282108187962665,17.902717284243437,-15.395308842288337,-1.692984214602846,0.0,-0.25321192852260066,-12.657382970451598,0.9809429394632637,-3.8603114592739027,-34.73098564248316,-4.849018508598321,2.594086596217866
-10.923861362651255,-1.0548898248027636,-6.679192942812949,-13.346926592906188,-0.490629291552131,0.0,6.300598418603904,-10.37630472283261,0.3962795641936286,0.3397687080635854,28.516379835693815,-11.121962919390795,-3.4214932500969075
-12.472348041443176,1.95288750780439,-7.175027414482732,-5.491561226398958,-1.2806904655282678,0.0,-4.6143356419293715,-9.707745187847104,0.23755222215380464,0.31225989723319525,28.277831105370385,13.77131200976848,-4.254134465591437
-11.681805902175022,1.200987009162419,-5.403900366049439,-12.076935188447546,-0.47661526349150535,0.0,0.352221402811798,-9.639620603903518,0.9082663834959995,-2.826727496681663,-19.511190701086374,-13.859850689721371,1.4538975524725282
-20.18160717219668,0.37573285219807445,-10.786253926996144,-21.386966177077436,8.770961685850846,0.0,14.360335157692417,36.97415449054109,0.3628853112116949,0.20286804404678016,33.26180868902345,49.27210007921463,-3.483709233171292
91.44350830820441,-7.235236310441696,24.51045113217127,113.7646990276036,1.3835671476690958,0.0,1.8763166718447133,40.162710597211266,0.5674518568034382,-0.8068090529623836,24.140120829208936,171.91748614166784,14.950479458194808
-11.440015769679732,0.6679310089702831,-5.266589471763279,-11.923431859094512,-0.6623378463124545,0.0,0.7771249959471611,-12.71216738037746,0.7052976908985716,-2.6316001663875705,-20.850439454486548,-30.568973499041018,0.7570289426589004
28.862344984968598,-1.2232679416151808,-18.73665662409719,13.985127956515104,0.9981284855659367,0.0,1.2523730133785906,-13.901195350108042,0.2836950806945204,1.3070076582079733,17.136197834919013,-14.48217873712708,-3.2965119197889914
-11.97977425630033,0.8888250136717109,-4.7509972890229815,-12.450527566507398,-0.22971771283097756,0.0,-1.9267006479304123,-8.354252348980099,0.6728559840699194,-2.353207540340841,-21.52739891093011,-18.752735367344897,-2.288650624074614
47.9184994503239,-2.3951933082568377,50.58926906462305,29.936694440991943,-0.4184455392077874,0.0,12.050096841463139,-15.420459876580338,0.3123216179707246,2.6474008214610962,22.295599040058807,-0.9585389677928531,4.5806122451885285
21.745799689168336,5.722097152083882,24.085868195724032,47.08245706353853,-3.3053464944864825,0.0,-5.459079626898061,8.746471383083914,0.3766234793099793,-0.2055407134332829,23.699445187588406,63.91692022582371,31.146741919859245
-11.639534392929047,0.8448406627870509,-4.7295498397387705,-12.66584242871673,-0.6850808272766866,0.0,-3.5088941432710197,-10.465784514209007,0.6608765360070079,-2.456004770983787,-21.000497369448496,-21.729577613026922,-1.6342786733324366
-12.022149965970305,0.7740876941105844,-4.720858630195409,-12.702071435112614,-2.1257517083279036,0.0,-2.911629065062166,-7.683191756360994,0.6716247653617776,-2.4704793733611647,-21.777390989528055,-19.58839147821468,-2.0946170997002915
-17.762365813000347,2.1915786720108326,5.230872208772977,-18.02586473807346,-1.0115035061437532,0.0,-2.5466395117387473,16.85136127596249,0.48855290976395915,-2.381351574038422,-39.18913107741854,23.39038778680608,15.141812182930007
-13.081072748122436,1.1866463754212717,-6.687334646478369,-12.844779894812664,2.404466831254556,0.0,0.7993149585961407,-9.407260703825836,0.9064386463806753,-2.9987569218183237,-22.28033528754223,-4.7490057668447765,2.2956156727182235
-12.764900529628884,0.6306677504233069,-8.837096836192103,-6.744715727184835,-0.6955386115352142,0.0,0.8963167867388706,6.1576041398096315,0.311686617338836,0.3997937831915932,31.14712616267188,18.690552902105043,-3.2282117168933024
-10.604340462583155,0.8508757236468963,-6.982254279676983,-6.329280371297722,-0.6047780174628382,0.0,2.3501659201166762,-22.06115206610909,0.31820541288551274,0.23646485334506248,25.736553296415188,-22.08157795706205,-2.4713081310421976
23.455717118829863,-1.647192690271063,-17.07736224817649,36.66509569503214,-0.9196427438845011,0.0,-0.1796099855484921,-13.092558148958336,0.3777287848925357,0.9503323487301198,14.607092765063312,-38.57880174445333,-3.4799118262530015
26.484884943199916,0.2767378590004616,-29.12314684467558,17.61074272457283,-1.1317758571697725,0.0,-2.4211809227297265,11.627475330553953,0.24857122682658556,0.7470580387661953,20.02315715293898,67.40506455102182,-5.537122823027451
-12.029301712589689,0.3138894535546698,-8.332639533576815,-7.880828098214185,1.4634750898997981,0.0,-0.7388665637355311,17.050034567988412,0.2404093879320281,0.536897683633696,33.17871382780606,20.156114465000233,-3.6249580907364516
-16.315858412862855,-5.698133690651999,-7.252619626407587,17.93891622398971,2.395114746117369,0.0,-0.03669762332045395,-16.352669130024196,0.45412840292218226,0.26506609103877404,23.71493967410457,-25.149388051572046,-1.80641233842976
71.47182051021402,-0.5023618099995399,20.05962391433064,58.96910985967183,-5.669906716292218,0.0,2.42037984373014,-23.196484359576264,0.3914980137315372,1.388745592055861,20.808897352488458,0.05203609606829821,6.46060533221703
-10.131505832864361,0.7031365134899936,-6.6054380693660235,-11.853364487044573,0.23643243626219612,0.0,0.27073130032465975,-16.420099411608273,0.3017005426602709,0.06008655662002904,24.687858341641867,-25.87528758701077,-7.324980250091117
-12.246962790355816,1.9981004482760476,-11.651780958115436,-8.514225324300346,-1.490409997984197,0.0,-1.9248545261129086,15.728009373178082,0.2971047955249559,0.5802899350747045,34.03372413200371,22.34719518548617,2.931331789021921
-10.656474479504942,4.786062421801584,-6.2298895991655785,-10.7752780710507,0.08768591747258209,0.0,22.45619483198055,-5.957641296514362,0.35115445566301895,0.25956734745186943,33.79284765303608,17.485820700245764,-1.734044119999983
-12.122239706775433,0.7110530592426625,-4.9876109872158745,-12.325610079565225,0.10482981738468176,0.0,1.3349181523521174,-9.586106221461028,0.6581403879065253,-2.2080012270521645,-21.03634724562455,-23.625668576694206,-1.7611504238842453
-15.34487217644838,1.2695132653034824,-9.124072210957053,14.130376717754183,-1.2435381866954798,0.0,-2.425514298682186,-19.31602801902202,0.343353795857084,0.7784960674005865,22.359447101101996,-3.566779444707169,-3.386364219647935
-14.945403640629396,-0.551112445188546,-5.0597487406809165,-17.677446880577204,-2.1370215195531723,0.0,-4.406823346949921,8.163749126737047,0.78867507484424,-1.7674761002969965,-26.667692012658023,19.646315175670992,-3.357528194904879
-10.559357567794612,-0.48823243170208597,-8.205852933515727,-14.394317025564048,-5.190303726508539,0.0,0.14074445331947574,-8.881946072668333,0.39751129630182747,2.2140405891357244,29.593786312943603,10.769662074756912,-2.8619857704587166
-12.743667999966839,-0.20812277536935034,-5.338011012822865,-13.500432317070436,-0.17070067623918744,0.0,0.9718324601517941,-5.265552515853068,0.8656370426005686,-2.6148760088210783,-23.393649799161622,-3.2395861590361936,-2.765313876065722
-24.255855474553293,2.199501460396318,10.13088223306057,-28.080272409856512,-8.471079236117419,0.0,-9.269095384486127,24.546670960901896,0.731652798235579,-0.21651819522903917,-45.0294334451491,44.59379621678625,-2.3852900060681073
-16.486215628430852,1.23503746629477,-9.327387335691395,10.092948178743262,-3.249377591939777,0.0,-0.22218304014331927,-22.57963514421401,0.1450800650757114,0.341019634357526,26.497463822810747,-10.143086712602488,18.04268333593018
-12.046382275499434,-0.1654281462157067,-5.011230719516624,-14.229201406485755,-0.8993856247315326,0.0,0.5480061473398068,-17.40161758159953,0.6773425232034651,-2.757205905894011,-22.807181357280413,-3.6793239332427006,-1.5093474060619805
-26.752214568385764,1.3974225180872937,-9.085415939531275,14.492258622322952,-1.7082980108246115,0.0,1.9298635100132182,-20.113476432290334,0.19765528039258756,-0.07915150330400685,22.81100204424081,0.19227890764736202,-2.8333400806330733
-12.2462691516432,1.1260452023865357,-5.521657734171925,-12.451765316156072,2.469146160194018,0.0,-0.3224270353298864,-12.068687616791426,0.8303592915552839,-2.7089390790398604,-20.648283303152013,-11.684103599820109,1.7677888747077886
-17.609147558861043,-2.6522297857429886,-17.074781036750142,12.271106822948505,0.9775998150397491,0.0,3.759319684231955,28.777575718198566,0.296850454390818,0.2543564160340922,27.56547741870987,32.95279084913799,4.374260804318148
-10.701281505246186,1.2116315790762575,-7.040823940505594,-7.255641086379277,-0.34798802390957634,0.0,2.6941406116423954,-17.23352776667201,0.228183288773288,0.24750555706710659,25.68437566962497,-31.165985866595847,-2.326555851892785
40.831734331170736,8.207801690797737,38.091899845327625,55.889791298408475,2.96611317273804,0.0,4.375760870466958,48.391255065570725,0.3553079892449266,0.3368454918871037,21.859974196478202,89.2544985775269,-5.398121631105516
87.81458131964405,11.001884520228467,69.81649039064999,64.50558327798794,-8.985282576735615,0.0,15.791669764743132,6.1676755866082225,0.5612392012947632,0.5846789505849179,23.01232584127349,51.136482732566456,5.131215726770529
27.814819200914556,1.7286220594446553,-21.503397786917134,13.300600399251193,1.4233358697167757,0.0,8.438719364889742,-9.416459984526195,0.3367559353238097,2.9454483928273816,22.27238027616591,10.752975790276272,-2.5323497441862166
-11.890953278057166,0.6485678296244886,-4.950799196647587,-22.183390842230178,-1.2241078058928163,0.0,1.7563658615080036,-8.135124324957458,0.6688936132873807,-2.514223514618178,-22.528235290227883,-18.087256512380332,-1.6667764902725584
21.349871389225346,-0.4270145672494995,-17.668972240250074,-17.673888953929982,-0.2993780153262088,0.0,-4.0577390580817685,-5.548414151175489,0.6949237685544848,-13.951769173868646,-17.143801394481514,-9.98334619888494,-3.179924283141706
-15.65860589790139,0.5877428765640665,-8.0490445128345,11.976135278922325,-3.387565389461112,0.0,-1.4917436937008273,-19.71174812129601,0.34599887184333805,0.2476325599349541,22.242980874915208,-12.655659872838186,-3.1782614485444878
-17.96163527502267,3.1427961204097716,-5.187727243389618,-17.48925520907164,4.305271409748628,0.0,7.472251471983597,-1.3090762920624899,0.7289545494044513,-2.045392183432185,-24.516210597152295,22.705183006965846,5.480617745784456
-16.733013678708758,2.3459520511784384,-12.16279104091867,11.714027848980255,-2.5898151192031658,0.0,-1.704693426548695,-22.420252131635237,0.3780662023008604,0.311912972101336,22.996616043774775,-8.731947976614304,2.3466143579588215
-27.228164991467,4.787840607596533,13.963601704600372,27.266242699297646,-5.717512568595986,0.0,2.5731089877172115,-20.389228328839515,0.8713789928369844,-4.037380584332637,-40.56491266218781,0.703191152378894,8.052663549299888
-15.279198291567214,0.3071683470082765,-5.472122994646196,-15.184570972396488,0.4345112961188773,0.0,0.6001147322767363,0.03958725019053639,0.7632994459917462,-2.244719052065268,-24.3188187758645,20.030209602040998,-3.03282102387499
-9.811388647004081,9.33876738231215,-5.757285350900767,-22.150670447777692,-7.352071399349715,0.0,-0.60217427043023,51.07887572998859,0.3889923128302483,-0.5151173198953032,40.22706958679644,53.1684296991268,-12.32551603449987
-11.427409998042322,2.1917069531957507,-9.349598969076474,-8.596889311992696,2.858942992213855,0.0,-1.2704066716540923,9.320606042618257,0.3005897168994864,0.20230031735730528,32.530113768494296,11.748133997369672,4.793837505643733
-10.963913968550253,0.5421245226533435,-7.285366586995892,-9.417648805932417,-1.73972114638484,0.0,2.617433484544809,-23.720612021709513,0.21145673975487142,0.26048682651801236,27.412650119960162,-4.268351778235053,-2.412339898326739
-12.236306674851726,0.661645699315726,-5.470308009830561,-14.700636502085509,-0.9347435073865984,0.0,-0.4985058458467338,-6.0823382542258395,0.8711010622295514,-4.300959509073597,-26.397494576423473,4.047566749762917,-2.3440753082847827
-11.37055796793069,0.9016477738958206,-5.064601850544714,-20.08204741093576,-0.411766223762922,0.0,1.1622355760417054,-12.913595878339285,0.7132185890779197,-2.5835712510332347,-22.098831535979194,-27.4828810644941,0.07463433153627956
-15.75076528430021,-0.30920406062165634,-5.102259992719065,-27.66648726968093,15.608803171502792,0.0,5.941902356699584,2.257430858835412,-14.800612568833442,0.2509245353016902,-26.42652714154952,-1.108103164954698,-2.4141343652443004
-11.94992462287136,0.11252808087439124,-5.660242964260044,-13.299116586889223,0.46666948541229986,0.0,0.4434362753828962,-7.436777011206254,0.8707727191597351,-2.490893593490263,-21.763341839744466,3.509610971874267,-3.336180434111728
-16.903171341562132,3.6776491262311066,-6.2320226012274,-16.583975314598327,5.1793710520159495,0.0,12.120530034218403,20.456467238278833,0.6531548187802648,-1.7088201474581894,-28.251262000606495,43.02199867130435,-0.4846552387011465
-14.799032780133523,1.1593784825239626,-4.4217275243417395,-10.982194022974296,-0.8736477701580817,0.0,-2.1599040056674763,-7.935952517880586,-11.65479864499571,0.10971681966758294,-23.321381111257075,-22.713421913857303,-1.904864036165309
-31.221021399876637,1.3024371172879254,-8.250405312457547,-8.218661963328755,-0.8826409574832956,0.0,0.7765322433258545,4.987058536709516,0.2584020555461195,-0.460511918757733,27.25701847733016,4.548521905657936,-4.411612223155617
40.069099569325296,-0.5457161351059845,38.968368296627865,41.604034375582515,68.99687785118384,0.0,8.563945292731725,-4.548775311404064,1.0784048649252864,-21.97145617968251,-45.59202405630234,-19.28165198118157,8.493333103650613
32.60740225673783,2.4914208625184338,24.280992910414767,20.03350925375956,0.042807590862094756,0.0,0.006406014046669296,7.506082131954545,0.33206712806173544,0.7946362779954673,25.662223956885885,24.845504573169812,-4.453660955486371
-25.114207632688903,1.4723753829629964,-8.968828334217775,-19.451451569161037,-0.07413200004567178,0.0,-1.6058828442132902,31.702344147593802,0.3807786491387491,-0.166966192075481,27.889719680265113,17.958955735758686,-3.147952922874485
26.59756844009017,5.557869106939998,19.808857616160914,59.02541364201093,-8.316920768684511,0.0,-2.831181468299437,-12.817902680369194,0.5653660953212192,0.8496189707381603,21.301249782250554,0.944554687460612,15.531390822485097
34.153271023022974,6.688778766082323,36.83082279412822,51.52692770610617,-3.5341303773845905,0.0,-2.330731768619192,54.899844956824985,0.36900849587605883,0.8000952309289182,20.034409152795877,54.1458428970169,-6.594098582877411
-10.701796759617892,0.8341930954014671,-10.402935003265027,-14.847445605165744,-3.003135343753699,0.0,-1.9837262292368423,-22.505826432692174,0.34342216513179047,0.2936658148225579,28.327299250838568,-4.789815082047849,2.564732081765496
-17.927060074905146,0.5196868664637715,-38.578323419168164,-13.415406005627593,-1.7454791642228156,0.0,-8.208462850093653,29.94675296452523,0.4155445108894506,-1.2206890663304133,-26.77318412258408,16.289287075807895,-4.920485995263695
-15.056846587101465,0.8240291827340654,-4.4978719654774215,-22.601859693618426,5.2458506210090015,0.0,0.23097348717720823,-6.644748604233449,-13.271993738701985,0.23810567758538956,-24.478891180221122,-17.220645999486155,-2.172958652884984
72.78603480951871,-8.417454778786388,16.319211393624865,67.93545879193017,-5.6176612334072935,0.0,9.43378197764527,-13.599165230172344,0.7361978920034978,1.345854575562905,20.785093893851986,-1.3855668302038755,-10.47226184712958
-11.858676790401027,0.7932489916952223,-4.764149390864448,-13.03821439384798,-2.0464240120384805,0.0,-0.6516187550584192,-8.140905139886243,0.6735013513754026,-2.424552277888459,-21.474001501543157,-19.24889159372985,-2.11631168317445
-14.070561898296756,1.2271592208528204,-5.113899113142085,-18.146352257017714,-0.7371720760226025,0.0,1.0996251429560597,-0.3198106136848438,0.7903717156063401,-2.3729088604100332,-27.36218445042448,16.055761479650815,2.4246439282906374
-11.430951530554903,1.0722782403654294,-4.900575909167693,-21.010601559982156,-0.8000407941425507,0.0,-0.28567471572580583,-12.814727604944938,0.7750439719127497,-2.5111782475831874,-21.593039643280214,-18.046493505283284,-1.360490803728005
35.44368215268176,2.3605160009531523,18.978529213837298,-11.792309673434884,-0.8489396088076927,0.0,-4.772649331627897,-16.846141507856107,0.36449850788405885,0.6707380784365724,23.56811120828799,-24.486048439255956,-3.6426247395704183
-16.65766765368367,1.1737664118205569,-4.90909374097178,-19.0794701639017,0.9614685677113866,0.0,-1.2465748551760063,16.022136789356647,0.6694165864471318,-1.8159351148235288,-25.329655875006704,26.268687558830695,1.082112237604767
-10.466567076986681,1.107975812094164,-7.819667313338828,-7.379988271562831,0.08604001863740343,0.0,0.6296820794859564,-8.818790844413405,0.34317978079977024,0.2811709686077306,29.15973485258851,-6.608634961117888,-3.2601640495041595
17.18448193986287,-2.0062388059918543,-15.26011207275679,-22.61380008317,-4.13441759067384,0.0,-4.093607653506837,-6.839462085466704,0.4922153723252373,-17.11190947046852,-17.04986111193523,-29.150677399759708,-0.8035127904275471
-13.412490742298877,1.255634688953852,-5.507776093734231,-21.96280039366388,33.903085294305654,0.0,1.3761109393476165,-4.655651093187829,0.9703544183457306,-2.0192886563245813,-25.61428002494215,17.37566836040433,-1.022216891572213
26.21600301149696,4.396304803185403,-24.044593411374446,18.607942052199302,-2.459835557690236,0.0,-5.902274922348795,30.5398900990644,0.2903626780733342,0.5350391499235022,19.676274475682487,30.145106325656375,-3.4467870429934977
-10.213544983091372,0.23356931008018175,-7.135556832423791,-6.561053386809767,-0.2444255611017051,0.0,-0.990344467572305,-10.326680193324586,0.3506919881980289,0.26726290538449343,28.374985541926506,-9.42592583359084,-2.775577422317452
-12.670757011987662,0.28708770311634113,-5.57296783949151,-12.134792598077608,0.6011501522950904,0.0,1.0888885652803981,-7.184207561554784,0.8630665375286574,-2.7508058117175147,-23.6256520902026,-4.045112564665287,-2.4161575387988585
-12.050116835280386,0.7382071367145191,-5.633531317336235,-14.485423267731226,-0.25380920419738645,0.0,0.0837600948207993,-18.592056136102233,0.731752459045006,-2.9805400431657247,-23.774255366344324,-3.7812008161426576,1.2063788072511765
-13.009612145531044,0.4438748779863787,-4.476547392497723,-12.88314205261685,-0.883866192286749,0.0,4.722100318036275,-11.075355204562266,0.7906668191365495,-2.5499505396270314,-21.81219244156268,-17.381914663372655,-2.086496428903315
-15.419349052609137,1.1036742343428405,-6.24536641410676,-16.413479688493112,1.2107096896303624,0.0,-1.3753822609586517,4.948396539439942,0.8656439885839825,-1.8213867168606808,-27.210241714398386,11.50577674049867,3.176170909066184
-19.78678487354938,0.6250002419983748,-6.822157214763507,-13.90760050809148,-2.55677054579617,0.0,1.4445128389612254,-19.157450197973077,0.31732334649976807,0.06246329414193902,22.40698940279785,-22.129676127132477,-2.368837513211819
-18.956077491257105,1.3409658721540723,-12.100050577673127,8.855779951236602,5.406267164102101,0.0,-5.90768954130683,-21.143996775793294,0.184138589808973,0.1591152108563915,24.00719067051969,8.322060602504866,20.054674310855482
73.05348794014367,-8.165826019466461,20.236392266950766,47.55749707628819,0.6615374958917165,0.0,3.7947145974742313,-17.695660849541092,0.6124527039628915,1.3272687579607565,18.846701147802982,-20.26304315461194,4.714023870754092
-18.442019908559203,0.883636002695535,-8.100871053866786,13.530141143009372,-3.166811278793607,0.0,-2.3533887848550856,-16.97955108888914,0.2767449910445451,0.20718863143724622,20.048207688269766,8.931522896073893,-3.4577798591220184
67.49393881956095,-35.544300700934016,4.180284811297129,80.22004695256237,-8.594084830651557,0.0,-1.469449798728248,1.1685790537594576,0.611930477935137,0.6221538179187044,22.53383115209851,13.477709847816044,-0.09182145268953221
-11.66219014131282,0.5848041944082684,-4.942057644255252,-20.206749543579175,-0.25958691947401774,0.0,1.849946541029136,-9.503501790251276,0.6578057599025054,-2.4865732929322606,-21.719211878142012,-20.993470037033035,-1.548781837131236
-14.144062158482976,0.7343337622249143,5.9830371547123615,-12.429219109601156,-0.7414734247257925,0.0,0.40693901150581313,-9.274637995453107,0.8184740112953978,-2.6719084687349386,-26.811822215369123,-14.570541288826117,1.9788897438292017
-14.07603206642067,-0.04186089842123817,-4.91609871248134,-29.06815557416125,-1.6183563423196885,0.0,-2.672793031488007,4.462161986948154,0.777974427935972,-2.1043927715915016,-26.248255684402004,15.233154054412642,-2.2475496119854905
-20.99762539184791,0.864015183855788,-7.131055687302402,-14.234858671354461,-0.5069054532813534,0.0,1.1961351418106172,-17.093100270594793,0.38264200192398823,0.10714954873887257,22.122635305450665,-7.57877135576384,-2.9798173135619503
-19.192283691125503,0.32098716858336906,-7.872665562043674,12.110284752464326,-9.729679990653665,0.0,-1.214491693108956,-11.713506955440662,0.2985954179006592,0.31261273814485857,20.102024080095415,14.387700865733647,-7.445689123750046
78.00548395810458,15.340718165425482,30.167959832765536,92.93380593209758,19.113261669943107,0.0,-0.4621305737215055,-4.83524453047311,0.5693821538255389,0.18887876598526615,22.871019293803677,47.55569163243319,-3.696343075773796
-27.22419086708446,0.5792012139365782,-7.626798214890187,-18.25467779110833,-1.293848094728632,0.0,-0.9494871225556631,10.33936937481944,0.41397100477248083,-0.3657856322900927,25.344935777717115,6.278992641772909,-3.6249086373498836
27.696645792843228,3.3423571562095535,15.805545494103045,16.79133945675412,0.38576619719480065,0.0,-5.0398933911218124,24.17557458391993,0.16931207447816957,0.5011260222667768,25.30214964666468,27.687730634616948,-4.6260343004921225
-15.494533067106318,-1.0728618119252782,-6.091616841928224,-17.871770504999635,-0.08251139303256248,0.0,1.0126668021528626,2.3915243908118056,0.7824680652789533,-2.013382769225306,-27.847812872598123,20.57991970296042,-2.7863405887499897
-11.388057825484326,0.10376918395376172,-4.923397990913446,-14.506970425553325,-1.8212903365197353,0.0,-2.662156332283387,-15.988454877085026,0.677680558313868,-2.8237552999368423,-22.76314166280751,-4.183549531662939,-1.71665297649519
-21.560909438043957,1.9385249294527345,22.224845963064414,-22.343076761067554,3.198334300684083,0.0,-5.96699707232838,-11.164875451004312,0.8057639131645051,-3.8202531815309513,-33.28968451892004,-22.839262198458677,3.4978422401678833
-10.719110491939393,-0.581807343440778,-7.087760724428322,-14.208160341535635,-2.6212361545944525,0.0,-1.2097308233469384,-24.65949879945377,0.31761522771869477,0.2677917929314883,27.372403782468115,-4.684034013842348,-2.414095746417436
-15.963531010459882,1.0820701937446793,-7.619483470835404,11.89409477981209,0.24437161119841436,0.0,7.615532139564096,-16.097400519662433,0.3345847617440156,0.329314705381764,23.901713762209553,-22.509397266155183,-3.724749282501979
-11.704420229721043,-0.5640257824271093,-5.183373178853025,-13.368576793412995,-0.8896472143072287,0.0,-3.944360116679817,-3.5400345673755327,0.824790296174365,-2.7802326426950423,-23.014885403216155,-0.4526202883654629,-3.0519779498105306
26.253477326729513,1.9013538506362895,-18.318265498973542,9.544418405950578,0.6729688670663644,0.0,0.959319853542775,-15.39854725137333,0.24346414618874393,1.075415476806895,16.76072178621954,-41.18786840793926,-2.1897579244343053
93.38028591078064,10.56808503064486,45.73375528330723,69.10432191077358,-3.3975457628334307,0.0,3.8249290793668016,-22.563603956148462,0.49010811086932127,1.1806310530381787,27.506687285500423,-36.884102229430134,5.582885328997403
-14.197304950101978,1.9811305427916752,-5.921599098142717,-17.464263936952044,0.3665489813620712,0.0,0.3927397929380348,-0.1941039469127282,0.8472304685388179,-1.8557672578916171,-27.337947276605426,17.734672529106785,4.515858453428377
-10.593763099470152,0.2792844789924818,-6.865958623995319,-24.36985714097649,-0.6273026070566504,0.0,0.42884023356138434,17.726696136825268,0.3337932114904182,0.17819510201512395,33.56916965527733,8.305918987109347,-4.137465847894714
-12.055178164831851,0.6052576498055039,-7.7176527486981055,-6.960235660546728,1.0507732880069853,0.0,0.6164733723511939,16.817357245367315,0.2478835715460906,0.1961061339424302,32.13879343769047,10.945606650286905,-3.168554107420255
-10.213897836876603,0.6545975699828434,-6.284438800363186,-12.08294137439662,0.3179086251051393,0.0,-0.26285004443408966,-17.369751210024564,0.30308262084560683,0.21876574988364864,25.565680324092774,-26.347755763428566,-2.0540973812380723
113.53272877094955,3.8455889253317226,66.47083532249164,84.21306517117434,10.999762097513797,0.0,6.055461035533484,-17.70667710309481,0.5517020451907751,1.31573356618791,30.83197839296984,-27.02981487726124,5.955278114184427
-12.677394100417665,-4.584201260111283,-5.273346760256668,-9.34882668610056,-0.7730708660134588,0.0,-2.7343355461702123,-9.227616169287897,0.8642933986007402,-3.1719382769537914,-24.946240893508303,-6.5106040046796165,3.344230692287605
-11.5988110180358,1.2617192427050528,-5.233594799253904,-23.778359775146928,-1.2081891732415357,0.0,1.372719587931815,-7.011766805010463,0.8940267483804952,-2.8930427198562447,-21.681358600892214,-14.784164427812497,0.8273996234551279
-15.163638610871098,1.088865796186036,-5.790809933248907,12.349333612682445,0.14950211243317285,0.0,-0.26889883757303,-12.609007650015329,0.6787053308421994,-2.668784716207429,-21.398282281912532,-31.021117902949552,0.7759690815929838
-16.227722855712535,1.822033542580279,-6.626901402056077,-15.236611937418619,-2.8101991599310012,0.0,-5.260978505429127,-3.670533032502574,0.6522535534975669,-2.5437282460164163,-30.659992835388135,17.612857762227733,16.884495699237668
-14.842026996284932,2.248529473040048,-5.057062639752737,-30.420482936728252,0.45384640987693814,0.0,-2.2984212440939267,4.968882167161239,0.8006786988113764,-1.8304004652046189,-28.775577771954836,14.036426383300828,-2.232730402411376
69.55929159366401,-0.36950650391970014,16.962701590791735,53.133924854977224,0.39277902129775627,0.0,1.021614045047541,-8.605807132380564,0.4142584361678207,1.456809401576613,20.4892179702046,3.773718885550352,8.428168794896104
-16.40758311574933,1.6119380509454035,-5.235351105988009,-6.8401833800609655,2.152753161326249,0.0,3.5755899398718283,20.90492404564956,0.489413837115869,-1.657918585587244,-26.77930176036792,13.145617322128423,-3.012776808381675
-15.519503827275631,1.8254194716364764,-8.571217328297454,15.35648512434205,6.043914267218512,0.0,-2.1034290123944497,-9.466583020992172,0.2805195182375451,0.24435993473038223,28.32801712714589,3.7980622357989207,-3.123672205053807
-15.435279014015972,4.6177267573787875,31.653150906834497,19.621166960548095,-2.892491546249134,0.0,-3.9119292909609626,-24.557929741499876,0.3456061202591531,0.27529687762547367,35.70238103267705,0.4748892591967685,8.228616853513797
-15.281876123225116,-0.7704960064262195,-5.80675105559538,-16.48721981003741,6.498779047782811,0.0,5.68414477473076,9.045284848182884,0.7758955876927891,-2.2163675661176785,-24.71268745544362,20.152061059975853,-2.1537707767418013
28.18706461273938,2.0220155190443454,20.27899209066005,54.26906388325646,47.63020285708039,0.0,-7.599856209450121,-20.034381369660025,0.5987095895352207,0.6875273832098561,19.86945161999604,-18.90787825523464,-9.377088476189707
-26.815467257751333,0.391631790704503,-10.600275333521619,13.819838044523053,1.0319869821977008,0.0,0.004190354117413937,-11.727216816211605,0.32691321716408195,1.5297073358466242,26.37888545293691,20.116844493313906,-3.469721189975689
-24.002593107306154,0.1624081090268182,-8.152238328809766,-16.904985387345135,0.27662260405283867,0.0,1.3845988201176127,13.246634513064343,0.3629699947389449,-0.11767680333466589,27.253585380079933,10.911876095768317,-3.718013401282034
-14.593058177590871,1.2354830418666196,5.9149615834545255,-12.62961475169748,-0.37457306480831554,0.0,-1.2306409792074755,-9.176237818401871,0.8203115618870526,-2.731470938259038,-27.972478247676598,-19.680299385424867,2.386476624082303
-15.402269096902799,0.526461052935821,-4.780446816792314,-25.05617224504238,12.377861303477063,0.0,-0.29461455974458683,-6.933636825424438,-12.22951184284954,0.22634024798989505,-28.223790247171976,-0.3670421802411619,-3.0782172788187885
-15.555496540848413,0.5575697187657861,6.1148498466226435,-12.628787886202794,-0.8933658387127299,0.0,0.18169383782383794,-13.635158308084154,0.7255454072706937,-2.622227171476734,-28.82925336626836,-14.599479711941147,1.2456073987962657
-17.515608289854317,0.6611447983268007,-6.805377285178376,-12.891488658004507,-0.6396265685318563,0.0,1.6483556418079022,-15.689617677196793,0.2887974948335319,-0.06727117640158412,22.943631543425884,-22.915351555219836,-6.801971995356159
-11.282860992763132,0.7964891011831348,-5.522210612823476,-25.45082512341929,-1.7266345192213768,0.0,-2.1994348590978214,-17.60177119281511,0.7310628547688999,-3.0997894572184426,-24.638530288841327,-4.99328947499098,0.6626260995499076
-11.307174422178372,0.38672385731674297,-7.477173099655401,-7.258918248904268,0.2335894691624903,0.0,-0.6468911020529345,-19.18398045101481,0.34463648364338617,0.04301838575814916,24.168469608854213,-9.342097682593051,-7.487754511806507
-16.48005271946004,2.6216020387528585,-8.6270748422967,15.293651400982036,-1.8298622270721603,0.0,0.5919124391521213,-19.80219359250055,0.21142052671987774,0.25972356065746294,25.254241989467264,0.23628486949979777,-2.527082469016995
-11.480652602687476,0.6346104051526619,-5.375035197577838,-26.09017675420964,-1.960630210478883,0.0,0.5576369941822813,-17.119168252281284,0.7007846232384135,-3.0467928207971626,-24.205524022180953,-4.00737043521836,0.4587891295601933
-12.299875205302412,-0.4607970175967091,-7.643029289637804,-15.32688644298679,-4.303348169112813,0.0,-0.09782695252258107,-3.577994950120057,0.3511260980994959,0.4263669311695615,27.166089386597914,18.660458253396556,-3.617150090423772
-11.431663993602898,0.19868689070561785,-6.637462733050727,-19.08518479765006,0.6157005174357792,0.0,0.5767594128473235,-17.501444765865404,0.3884385853816712,0.27609596084807486,27.034145335788473,-8.115197836610626,-4.72113605385855
-11.67864241213875,1.11351479880431,-5.428478389451354,-23.01104702637677,-0.7391562225840766,0.0,0.01575743724691508,-7.737572585423528,0.8554224277667233,-2.704646422927577,-21.932099320487264,-0.6238109344817028,-1.850190084649902
-10.169764563351894,0.5983293678455541,-6.227735981082621,-11.663303449589938,0.5717812460155006,0.0,-1.407121339489907,-15.87770456888606,0.32965011782234455,0.2673581436025028,25.595641352005913,-19.581393910670997,-2.305775474756472
-12.673774262672328,0.43187666490372534,-4.473690221616667,-22.483174000658114,-0.6413111068981451,0.0,4.991968845317466,-8.006980814282349,0.6983836062888542,-2.312642436685728,-24.086517196949167,-18.324074089756408,-0.6357780419836095
-12.39670837412921,1.6225488905371768,-5.435703605696866,-13.724398097664151,0.15664481297774827,0.0,1.302334299091712,-8.4466018256844,0.9087678854179059,-2.8911921804669087,-21.780590974921097,1.8963594548991574,3.079348237189622
-12.429192930071078,1.3835822572571919,-5.305539313658364,-8.422071773900965,0.13027593202896515,0.0,1.3179181173583119,-5.158526553012917,0.9000010382448138,-3.0653441067149814,-24.79920487240235,-0.4405858957529921,1.2077009883049
-10.708353246471553,-0.5011872722270353,-6.9996523432751205,-14.581822042264942,-2.7633593931523106,0.0,1.9644633550928738,-22.069167029273718,0.31603193808070423,0.2716593432704424,27.400789223280558,-3.889548475622448,-2.175059748768619
-14.652592148019759,1.4620127500020963,-8.429973540211526,11.049942400553775,-0.8589312188987495,0.0,2.207023693712362,-19.785781218648747,0.3219774374773154,0.28536771857739324,23.26727148435299,-21.012229955342647,-2.776355029727879
-11.303564677009128,1.5065618398771305,-6.877331096095556,-7.272771127227167,0.27663567420032137,0.0,-2.3730815317875806,-19.79709263835536,0.3436658680549551,0.2889188295469256,24.888367904570547,-10.215145093387207,-3.1729002030423543
-14.561626326906342,-0.10859227463746292,-5.1929588122072365,-14.735175081376958,-0.13204736210427023,0.0,0.29251485351644085,0.13398458583187373,0.7620554242978088,-2.4414869342814467,-24.30672709039805,19.959630530274833,-2.8831961137303526
-25.09403897072557,1.3335542479187432,-8.330196128794883,-27.15843625201562,-0.4857976458685426,0.0,-0.4977837664794669,32.719342105194,0.4002955029719543,0.04643587961804499,32.276830094873525,19.095134340546124,-3.7088255871392097
-13.236593769712325,0.9129689094325071,-6.7463432511448485,-13.146967313396923,3.5594992781532437,0.0,-2.0456576332758902,-8.929566207308364,0.7483578637239848,-2.950505481222311,-23.68757153155264,-10.715299722757308,2.2735319667507543
23.35230642716875,-3.3173527153047697,-18.768531379663873,40.16980578902398,0.06962211717965186,0.0,-1.5472157261741892,-13.476292186406141,0.5212512594558328,1.1415537332375685,14.158872972560877,-18.496915331761947,-4.055739967545512
-16.148300606243403,1.36645568035895,-8.720860653512325,14.75791632075198,-1.1870424844355911,0.0,-1.8857881294278045,-25.38960312595356,0.201894805947887,0.27323040057199616,25.26011633476064,-1.6920592352568098,-2.7237312430858465
-19.128276839894,0.7691064696345573,-6.749363677267942,-13.771686210752348,-0.148079093346845,0.0,-1.4553590103688012,-14.894120344768858,0.3281952333333741,-0.190067712418161,22.07773279401775,-15.137729667839233,-2.6551417077308077
30.623130494246364,3.559978174233505,-18.075657780264972,15.820314764759386,-1.1515854842721163,0.0,-3.051006791923281,-10.788963998376694,0.17861513540884502,1.3991995701899582,19.396756220711325,-5.804178277405229,-2.3800718031759085
-22.949871394611932,0.4124858027263375,-8.691154476698458,-15.575554000277226,-0.8494383865654634,0.0,0.06214064555685246,-18.577628354642567,0.4119661979766783,-0.1255505358405294,22.05179521866476,-7.179985278909743,1.1734637718861793
-11.145129943585125,1.7146635293581949,-5.043998263018589,-25.820267489427675,-1.3350464694767645,0.0,-3.4042574001265757,-6.1177346347523835,0.9164579430888338,-2.9768892990438416,-22.308829715121707,-10.995766065406345,0.4292469076075715
-12.152302339399435,0.4455029711301405,-4.825684026739569,-11.553639454742779,0.24754043880375987,0.0,1.6244307970667033,-10.48092724977671,0.6570294195010676,-2.3641473874521557,-21.048348116730157,-22.645765624484884,-1.5535754601919178
-10.60174473816514,0.5370964568179767,-6.339575380231149,-11.463304875220583,0.8265707562050192,0.0,0.9758096521027613,-16.92875570411221,0.3816671536864554,0.2737539012704383,24.569666952639576,-17.535535202461848,-2.8831447359970936
-10.98973131917419,0.8350391401516849,-6.979826536416602,-16.44792698830027,-2.0066535300304964,0.0,-0.5507528996813346,12.76805397127369,0.36716008272999856,0.14359791617546444,31.102704915275552,18.207688062009986,-4.321977055159344
-12.214487613971228,2.0166637948575343,-5.80287708273996,-15.388111432842544,-0.8688972882276691,0.0,0.36204113800989884,-15.467297691006323,0.7386223593209817,-2.753061512045021,-23.75764492779691,-3.8385447914783355,0.8721636600037377
-11.509177374088159,0.8098213674253016,-5.016652730476073,-23.924587339806035,13.971704417061174,0.0,0.6255017913800224,-6.050616333766372,0.6930589758236023,-2.4736116474910617,-21.773311845093595,-22.982728643456362,-2.1854816972157303
23.796244639618074,-0.6703597230251358,-18.27370516173046,9.183313140333818,-0.8879346760846956,0.0,-0.6776507381823921,-14.979918876868417,0.24336084326592575,1.0432013237778461,16.64087110322093,-51.92726523826201,-2.3029474362093043
46.117406759311486,1.0653060911907923,7.475794978047842,-22.673099742500742,-0.7783929913164743,0.0,0.34962123634798764,9.149085459617423,0.6761514851342043,-6.700768036705873,-27.452303946910956,32.348619893540146,-1.9892183962420869
-10.900704278418809,1.4377356936314978,-7.644400225109822,-8.171763349152261,0.27564148272501693,0.0,0.6685199824668608,-19.827030521084477,0.33596765259604167,0.2909402291664704,25.905625621124,-30.14748427803478,1.0433066951763137
-16.631793686431223,0.8396172687217195,-9.38602618139448,16.400695824655482,-0.22360394309173953,0.0,0.9314853435930073,20.472417116861067,0.2792387105164036,-0.09238235366752826,23.290150810419245,13.103277817720501,-13.675494184454426
-15.175106691062574,-0.15596494348007708,-5.418544503090161,-15.238459724140503,0.20071169760455992,0.0,0.747784597318845,-0.04105164064188772,0.7637900341393018,-2.235682379695367,-24.348617886250025,20.249538827985454,-2.6940806548988303
-12.195485408914159,1.05942417397806,-4.969642478261886,-12.423034230824705,-0.18834320967191553,0.0,0.17099054740089192,-11.498775718159248,0.7137028391278436,-2.3638229296069935,-21.217271212596657,-22.09525797927234,0.751505797986747
-10.88394206026155,0.25462040950450227,-7.333356796335849,-9.663608288238132,-1.3284802718359412,0.0,1.6314639355216796,-23.610148683021244,0.21109404120725817,0.2592122787428284,27.37403266912119,-4.951963590632735,-2.400623970410703
-23.675605438438954,1.5733748604115958,19.204412563427447,-11.999873547894417,-0.36578382002751386,0.0,-1.3942750636361412,-10.0700477819455,0.9177899883842707,-3.3909956829566035,-29.214130582638493,-14.132242851871705,1.1610634199296495
-21.399094689892063,-0.46122147539325303,-7.650079138789055,-15.009459001278769,-1.6779532687922503,0.0,0.052256642956376324,-23.062282573586415,0.30958642719917917,-0.34968624818591815,24.147956749684184,-2.515614110997249,-6.869854630921941
67.90902683898963,-4.2627030339424925,16.356852066859947,55.204562075409534,1.4730301596254696,0.0,-9.359632394148838,-19.332676060418322,0.493433756008639,1.225540473476446,18.1980399963341,-23.884437356655376,-5.489538099093046
-11.379661075645219,0.3969431383875962,-5.035184604247114,-14.80351501283114,0.8625745737462066,0.0,-1.1556856112156386,0.6835196480021398,0.7762112436521376,-2.697634676526206,-26.001647876893024,-1.9951667242257807,-2.355913612401585
56.44026869738982,7.380560752454038,19.020302010535723,23.982287035145895,-1.2987291145995383,0.0,2.165071282869539,-15.034606142564899,0.38294380813519796,1.2677935998890453,21.528652832226456,-56.96939365113395,4.1620387836331165
-27.373323892217105,1.3340101239844873,-10.088139253936081,-7.565138694590989,1.3611922203051294,0.0,20.177460053745975,3.932154655751677,0.28290627490702386,-0.17252774815661256,27.954812379023178,14.07452093116018,-3.5743410474800665
-12.36014637967046,0.7290798105228246,-11.23567673079548,-7.496872261219619,-2.648261519504238,0.0,1.3459083554791416,31.905785049430012,0.2055652583979491,0.1474321074582989,35.59232084645921,44.67352745825529,-3.643992201127743
144.6237159842537,-23.15865279931656,104.12723887030316,146.02400265308472,8.108232942785842,0.0,-22.523733791768468,-27.36826410825567,0.5223041212938082,0.6430022580146387,42.626394330135945,7.131596343040123,-1.5360325558557006
-16.12272101456384,5.82829947842305,-17.44183124313687,15.737797035128727,5.588335562107873,0.0,-1.0523641452272199,-6.776267725193743,0.6558561491479434,-1.8377704349037112,-24.36428536613982,-1.1768578001335401,-4.675774303346788
-12.750559577557071,2.1951804293526704,-6.161448624296848,-16.435190047628726,1.6310169994850454,0.0,-1.667187605248457,20.825768185081156,0.3618930321489907,-0.28968960752162937,29.040120347806674,22.25739764083114,-3.8065664367304013
24.07868822462366,2.95724140850984,-17.483539225337772,39.44101752965089,-0.16338230548258253,0.0,-3.3453211273564625,-15.167282026143388,0.3928010731289651,0.9642168705005728,14.337446234643265,-38.49847585565607,-3.725343063029982
-14.803337746908467,1.3035753886882653,-4.416112097003685,-19.359411803911893,-0.13761715009161582,0.0,0.11524284267610464,-7.331315127957644,-11.706856586933835,0.22720000549513855,-24.223175954617286,-19.452453924764175,-1.437477271360634
-12.917207751859968,1.3421727991963401,-6.1930389059612265,-14.223226925668772,-0.26911880893944307,0.0,-0.2318807219161419,-6.271208576322671,0.7460089354166117,-2.797002297719113,-23.337463091714618,-12.097055550215506,2.320570650323518
-12.111417835820216,0.4485804785525847,-4.92322581876247,-20.604758610141864,0.33135096251248763,0.0,1.4662945544438377,-8.692839868624768,0.6625971823947547,-2.5207703574806377,-22.403995400805346,-18.26511536431237,-1.587862407623187
-10.297199853355494,0.29059725162628236,-7.224612950531793,-12.212579068791486,1.033419042632474,0.0,-0.008364900398080825,-5.778975511108226,0.3766910105337345,0.28905281312383296,28.35775655932783,-4.068373190891835,-3.946882408970822
-10.446750681709565,-0.26583127740020174,-7.869623948181441,-16.483812328321953,1.9746522213786235,0.0,-1.0194422784598665,12.681295913409754,0.45780822803854654,0.1506103776836463,31.721324112386018,5.335031929180992,2.2038623283491563
-11.212334092378654,0.5200728181808291,-6.286457944819422,-13.016799785190326,-0.002944911923997875,0.0,0.8854192151737126,-16.19632373965052,0.3332257991427238,0.25652009121385977,25.45170780946016,-15.04204699698561,-2.4228796589115587
-12.662219835664095,-0.16232627284739412,-5.527662731471037,-23.660469024246762,-2.0863437491709873,0.0,-3.6613551512165645,-5.377451904676133,0.8870152893877546,-4.163145650983911,-26.372885221484804,1.4920868693711076,-1.6513574570446816
-12.750674298494472,0.04473902331648159,-4.719826251085782,-11.284629287887713,-0.043744740927361116,0.0,0.6127410617178701,-8.14166627118327,0.7603164643435242,-2.374541583662594,-21.21489395584389,-13.627113255287277,-1.960166072081672
-16.792133651390127,6.069376353431156,-12.322170876474438,25.607151670306862,9.885855147050638,0.0,-5.769314795676413,37.56601315017785,0.12176243030131499,-1.614765441116017,31.99211082182488,103.38540945659794,23.195325556731422
-20.819186161726257,1.1352066623954424,14.467759333569079,-12.675517673614575,0.334343874079703,0.0,-1.0110355554781132,-13.856840692229571,0.6815027761670219,-3.029337073327602,-29.20181471080131,-28.85313099303928,9.584134396752633
-15.708901287444466,0.07804343350361422,-5.309180124772496,-16.121235792543313,0.15308198427613084,0.0,-3.5322763527190295,12.247700674554922,0.793067118564168,-2.64930860505238,-27.88981923026399,19.25892420553507,-2.6958100669513088
-12.68232977941596,0.6796117997218207,-5.861528465203717,-7.626296467087525,-0.9887056776867137,0.0,1.0116237284506244,-6.437826060964244,0.8718051334411275,-4.542305193424153,-27.106444699938915,6.726910323576178,1.3575541330009586
-21.057444453448365,0.8375796790960268,-7.164404884927322,-14.796563481738097,0.1492524711581373,0.0,-0.6625348629931441,-16.921627159573493,0.37798000844895446,0.6146316799258248,22.161692327428355,-4.869626494326492,-3.1419858341169618
27.991604053130526,1.8752233767030337,-17.145532725065877,11.13383995390134,0.018554473255334044,0.0,1.5498198685131348,-14.290040077719144,0.24662067872001123,1.040164394063636,17.605418486108732,-32.492265252171066,-2.637987979131836
-14.979494596881782,1.4506451761565748,-4.27464539550296,-21.20199036463831,-1.0361048580764383,0.0,0.22169692377000833,-6.319391702319852,-13.326751643559161,0.251299277710666,-24.979284373867014,-17.626330811579457,-1.8513834245570215
-15.595945593520597,1.2332441369526037,-5.17854239285366,-16.632368597146318,1.957994672756894,0.0,-3.248243031798064,21.486003253240973,0.626353510819421,-2.691383536137442,-26.770864562580307,21.30560967241475,-3.0920656557498036
31.125224398012918,4.3532012124354305,6.972709654041501,14.132673998297571,5.809999047054523,0.0,9.194285832524253,-21.5245379695725,0.45598129084557926,-14.855606876499026,-35.33900989210457,-14.709175290345353,0.9653418283387781
-14.882237290066069,4.681329623000479,-8.145227201269316,27.564088981345254,-11.229789749581304,0.0,-3.689104531970379,16.814393261791334,0.12999155454481637,0.10039649365914044,28.55764447566692,18.558759804081575,31.586268104770774
-13.327661512400686,2.2507520647729495,-6.719334254681271,-8.664604445705814,-2.115600327324182,0.0,-0.022798684500630374,-8.334962570560606,0.2633398850476666,0.2075138177702724,27.94739935685692,10.75907693289786,-4.665441010329447
-10.27778790039473,0.9881504364684104,-7.897403424210728,-18.71859862637188,-0.21319936347090124,0.0,-1.4742626335927178,35.05240671491224,0.3587720252905251,-0.2006292057351786,31.0839468284142,10.046962840565916,-11.539536104317783
-16.81983591864764,4.0472839425644205,-9.393281761089803,-4.595162342177614,18.44844239492021,0.0,6.1198306497278345,72.77277502705111,0.21072400340607558,0.1735939797118907,37.55887327521258,65.26237463345578,-3.5159612267314393
-10.792279890281725,1.503810585249703,-7.311426036066566,-7.883942084227305,-2.8085359690686533,0.0,-4.969102593412988,-17.768512496570875,0.35701082861814554,0.2957773908790242,24.89447201244136,-5.80911782860372,-3.2972296253697584
-12.88894718988063,2.3641195153703554,-6.141221251519975,-7.478766735986563,-2.303173461638051,0.0,-17.05190410915764,4.674962792931995,0.3378144426230732,0.1750817916521573,28.391340398187968,18.08467216445014,-1.9698824148503535
-11.596660232878179,0.2886765151448291,-9.18854377827922,-18.18604084789977,-2.533229756931137,0.0,-1.750933541158606,32.43826244355385,0.3951804935108575,0.19084413252797486,32.51258854668036,19.206539873688463,-4.212662499785538
-11.561314018120918,0.29475874105577365,-5.200085485613622,-15.63033137195728,-0.3552954706800539,0.0,-1.0743349388968313,-5.379132874520191,0.8697266711287626,-3.142844040486954,-22.826804140388255,-6.600354605924596,-2.5753266787965603
-17.70949788873072,-9.108169364776012,-4.678763182225779,11.618630071211063,-0.31446006297801354,0.0,-3.3381296976701704,-15.148956696538148,-16.189618990613592,0.22295676064783396,-24.525713363883717,-38.649467902825435,-1.4121075204840494
-11.99594325660045,0.30396141951003075,-5.034439813216724,-14.34867456289826,5.094785212645203,0.0,0.45896192364753174,-8.03381865001104,0.6631493245593262,-2.453650412694787,-21.167120074429246,-23.67092682562776,-1.9905096654292305
-11.24754096985419,1.1845037498135143,-5.707821013705415,-29.54839850624175,61.73716940497305,0.0,9.045884626008574,-0.3204617761175162,1.267408676576915,-2.8316219913172813,-25.401164642937957,6.198206043556488,-0.8395874894426626
108.03036827350951,9.524981871221247,80.89558627796815,72.87238055858761,-1.9773382872130107,0.0,-3.5157845730614126,-19.575420282249414,0.6810334372707073,0.8488053231336087,23.532853630205768,34.32800490908928,10.374266334351393
-10.9575248858071,3.1815817636344335,-7.05805578627743,-12.514170776193394,-0.9497816544621449,0.0,16.886334331219047,-22.844618946764477,0.31654900837888916,0.28260279966291285,32.64395726481332,-1.184688723096398,-0.505211462017511
29.2715404206063,-2.7815077680554876,9.116160490288154,26.941728524998773,-5.577227116269714,0.0,-4.365649793253733,11.930787289694878,0.15718049822681854,0.5689189040866346,25.645278777153287,57.65231093228029,34.934999111433086
-13.60975803201165,0.36736040286316807,-4.688927642469845,-16.699358652778255,-1.5453814659874296,0.0,0.6642561448220204,-1.0419432865870173,0.7381179226217789,-2.0851122827116444,-26.217849227889797,12.672581439394904,-2.807739651011363
-12.721345833083957,1.0843964796688903,-5.77100754686473,-12.028401302240576,1.462517885074585,0.0,0.0810801323789372,-7.635637872880661,0.9230625662503356,-2.8474023146174887,-21.57655001875879,-8.691333937726808,2.560320127204332
-21.29732360310609,2.125357387289078,-7.367484011086662,-21.571933251303943,-2.5773277374601067,0.0,1.5989311397624226,23.931940475777182,0.6574101408212673,-2.637817996687076,-29.378894296535847,44.27196503790085,-2.79589043838933
-16.15267611097107,0.5664089889218891,-6.299292306200906,13.1426971813277,-1.2728669529902343,0.0,-0.3295699376902182,-11.844496231401113,0.8028903514829606,-3.212912841248331,-22.75415319717765,-13.274011049013335,2.1006675166378384
26.12414350198991,2.4464725867684196,-17.65638978626923,10.732389994935525,-3.295131688304018,0.0,-5.858722980450462,-12.24522275973988,0.26224928445800033,0.8927289357675958,16.72726504433291,-29.56449637882617,-3.271875008776076
-11.075937505514794,-0.7255079140992119,-7.318927208595719,-16.52643703338715,-0.13075123349364504,0.0,-0.21594114178985238,17.29436619614051,0.3652450469412334,0.362749963304192,31.461471878832725,18.888974111892765,-4.981488474133634
-11.756963023587673,1.1035493656913482,-5.02201520964719,-13.58741067118669,-0.624901458111772,0.0,-1.2292607886822455,-8.286665640902738,0.8686595141867107,-2.7015330763139653,-20.816774458397028,-8.189995982887975,-2.3935632481097775
-11.997342546218592,1.7188540038480413,-9.423791079807515,-8.364353980317485,-0.5338065281499562,0.0,-3.3614992649503677,33.45766994001582,0.2584381566056994,0.23287085736127758,32.04879060880533,20.626342885458754,-3.4419475471831067
27.01673355888356,1.211941880649329,-18.355780873365532,-15.427058615460764,-1.2278633741883285,0.0,-1.0563451862377153,-9.213053173558292,0.2996170143057846,1.1433518509480312,20.055835542728307,-31.573707671218514,3.049635818117554
-12.913916903992234,0.5629261077630757,-4.720950828288262,-22.468995772114297,-1.0073162786638807,0.0,0.4516057072551007,-7.571818236502513,0.7642053342189307,-2.510413733551104,-22.00627035167613,-11.264222800096519,-1.78105333191341
-15.02628625459447,0.956169454924017,-11.468955474121243,12.352441246826963,-2.442242507412621,0.0,-0.7649878116244292,-18.99211762455865,0.33005907025722164,0.3647302839260018,23.044834024548088,-2.778974554910816,-3.416692769515877
36.08670742626469,-12.654691371724281,-27.025526814970817,66.88950105350258,-3.1795859783931824,0.0,9.891352180112303,35.87034441342607,0.25006774923817027,0.5320936174695289,16.544097588502304,71.79395437210634,-3.7225174228421767
-10.234856242558724,0.40034392151270665,-7.771265170418746,-17.418728280229576,-3.0349478766898166,0.0,1.923402801292654,-24.69185642026559,0.1291910952404577,0.32750792147652236,29.439831415912078,-5.623515473515886,11.996716659808078
-10.25509054655151,7.02053513017027,-7.898583814882227,-25.09493608254956,16.44577841388367,0.0,-2.308564909040458,44.85376080427857,0.3900779890141008,-1.2475794895491192,39.12724817498196,78.29354836833424,-3.3083156105483034
-15.662216245346723,0.5972943956895567,8.266229101005909,-11.872317848222758,-0.5452532276392398,0.0,-2.522955313715331,-10.454079622255035,0.7507768813112651,-2.5005790181308747,-27.37572351527504,-21.58308166877237,-2.071505305403489
-15.70235657620871,1.033872830775084,-6.926491191925749,-19.194154245600966,1.1211178288455983,0.0,5.868939098488444,22.652702287525898,0.7342227574532797,-1.1818462209874847,-29.672313121158826,24.136629455431194,-3.286739601008915
-9.429315216225863,1.8992564726229764,-7.782056815224965,-15.689443975642376,-0.28843984322515026,0.0,-0.2682416434724445,22.232507808525803,0.38996463960497785,0.1710476246588551,33.54152564096645,16.113022158500733,-3.427598855810506
-19.967022147194356,0.6058005381670271,-7.514046206255582,-12.73403639770361,-2.0566489879479612,0.0,-1.070320080515288,-11.578074776202996,0.3797882243536164,0.0872595625539147,24.726716414536348,-11.720338114743438,-2.7312075956478274
83.87899152703459,9.254309183390346,65.50297747253103,53.700598071885636,-4.2440340133112615,0.0,-4.170033982315467,-14.239865835864437,0.5045075049366521,1.197364300452996,22.299076446496997,-31.017969254578098,10.433797716549515
-16.093518759068388,3.185608585891738,-8.841189262547445,15.306264400105624,-1.2697010904024568,0.0,2.0247714810599597,-18.385993302902257,0.21032310460437273,0.24866416427365265,25.193865924012236,-0.5414743856317884,-2.7386377179721464
24.618014019616965,-2.2383926111303465,-17.070408422786635,34.904544265938554,2.3438953362012414,0.0,-0.7525968823839337,-13.031697468133721,0.3579930634962454,0.9403836928396071,14.336534955204765,-35.34775119546066,-3.726526292899143
-15.68389638216417,0.7379252421426746,-10.404212652143839,17.268770354425826,0.963615602656804,0.0,4.020236017606425,44.12970186148997,0.23533229576777365,0.15444401930163754,27.47216361003071,27.6296009437023,-3.1565939074828733
-12.206086823616936,0.7318787534639535,-5.080666514492753,-19.58103048080288,-1.054062847258748,0.0,-5.617416734093108,-7.839586381717897,0.7493152971172774,-2.5036771847273913,-21.32228044539523,-18.767903418659913,-1.5744602383506079
24.30402158976349,-3.7035196432318584,-16.955203867746253,52.03001090331732,-4.701787571071226,0.0,-2.3346287903360867,-16.925556237224736,0.4870710680064635,1.2394157079417165,15.517117342370616,-8.51633062519149,-2.7595949827810515
-12.196848796689537,0.8198064021509773,-4.963460859439051,-11.802506568264095,4.117934958256016,0.0,-3.5060459363261787,-11.413361339759499,0.657958027122992,-2.3670867528937443,-21.14764531089028,-18.929485036976757,-2.9853323006807004
26.61901880664762,-2.2666243373565873,-18.145586923499582,24.5317126737203,0.2527508329882295,0.0,-4.872543535165868,-14.194678514813987,0.3061667284868134,1.2418948995150048,16.078455502414744,-13.178802630191717,-2.9727850246877465
-14.94946032173525,0.6146993523762562,-8.1084642230935,13.234946583693345,0.3038635594195116,0.0,-4.238710894312961,-18.25842900251079,0.3276917895057705,0.27599748097751386,23.49623764738852,-3.2361279806810015,-3.679493866655529
25.883467325645825,-2.4459718137176067,-19.586662364045043,22.09169144072946,0.729715118213118,0.0,0.558071736552168,-9.621277365246886,0.3272840884501919,1.3993517580555552,16.93259514229373,-3.373925320414636,-3.911776796034273
-15.985626256063103,-2.806074662893959,-7.68675857258238,36.582351991375944,0.4754958071503444,0.0,-1.604754729206909,-20.089576682710106,0.3959564817778231,0.2024294297117101,20.380484852464853,-31.309234168459458,-5.533280313723317
-10.789594480258188,0.976741988788871,-7.163174963247744,-6.341851028537539,1.0491646779392252,0.0,3.632341193539546,22.796731065702563,0.24651146978187147,-0.06002908780104508,33.65697896642568,12.281453842932812,-3.343298737116605
-17.126652227810574,3.4395138915640797,-8.65522344906728,17.490324925619472,-1.5521947486435872,0.0,-0.16837187062310807,21.58701305447412,0.32194653050848876,0.1615271247653931,23.190555519589477,18.143031126955567,-4.350039010763915
-12.733469710799456,-0.035150111673371114,-5.400642195812525,-14.248756730445386,0.006055990704887348,0.0,0.7957384164618607,-5.875059921755472,0.8703153394004723,-4.052551099178789,-26.244464142675607,5.595385085595092,-2.1693635168372354
-11.2017263340436,0.24184200502490227,-4.917586302331473,-25.13845042369056,-1.6950717051649689,0.0,-1.1742685264128756,-17.246496828536824,0.6742769386992763,-2.8829711555576494,-23.485860204808674,-5.587696126405163,-1.4140991759173185
-11.552143399467687,0.8894834318523582,-8.889056480205316,-7.5009301527906,0.28899940858641365,0.0,1.1481843844111999,-18.521326316607414,0.34384751408826714,0.3856996775050496,25.80329204836181,-0.11319145578045309,-3.5217235362448513
-10.330022498067015,1.2503547288499726,-7.516222605317135,-15.26404613718094,-0.1726660888043859,0.0,-0.17638359009997723,-3.6787085161196393,0.2040701442883617,0.3041285362876528,29.466033462177176,-0.07345758135377221,16.80404928570902
47.39965564314492,4.185267063618589,-19.488133966457248,53.52137166811444,-3.917210438071074,0.0,-7.883269010156641,-13.793052062990876,0.34655587516025627,1.3743735296135786,14.723974917214756,-50.92203366151582,-4.685128070514053
-12.71400042887332,-0.7031989679256755,-4.624001226894752,-16.290178665621664,-1.8275586783232793,0.0,7.081419696733138,-13.89989126500148,0.7116832511883946,-2.921658593091211,-24.51453902692172,-6.5264214803059915,-1.5661667066239724
-11.200777352258182,0.665051907699129,-8.1895021282473,-6.975254904295898,0.5670388145305508,0.0,0.6369484494099461,-9.26424087859589,0.35782825680259245,2.391212353473025,31.212001256036427,14.982166140447632,-3.0437014668497016
30.66289654675076,0.3142190222619633,-21.239968864073724,13.572822159375063,0.44603374147005126,0.0,2.5959983095342434,-10.85944805779436,0.3352434834304809,1.4590022259538897,19.14076686444265,-6.563683946535929,3.5984345209593602
-13.95897059107334,-0.3937014236779285,-5.157267761672394,-16.66592591463538,-1.6874362782465615,0.0,1.3665028933733852,6.481038657284566,0.7735209805999663,-2.0641209593253684,-24.62272040602863,17.26561053766429,-2.292791788609538
-10.668793075605906,-0.7223779977444328,-7.117784996506061,-14.366779307676211,-1.886962269736061,0.0,1.9595731889293373,-21.83115254979477,0.31871046438133016,0.26219204113415007,27.404368929924996,-4.145336834665503,-2.4186636028079818
-10.480721467457744,1.730815888202589,-7.457918671379776,-16.00220792682661,-0.6179636350181343,0.0,-1.4118129558283077,23.78804732406396,0.41814960231896114,-0.0226673092812472,31.457550228153732,19.67769878969531,-3.794805430267456
-16.41901732707803,1.3378549511187503,-5.177971798503756,12.031737625424354,1.2637786858749893,0.0,-0.9184726927821492,-11.260973453473218,0.7765126432714663,-2.8755147675525285,-22.69862710507012,-4.211583796601171,-2.5698641740134014
-11.508134879921203,0.23697003401570774,-5.256960743286984,-25.49793248516609,3.1909115604214615,0.0,-2.195155364467727,-6.937217277358246,0.8725476042396003,-4.153815257701847,-25.50156920433204,4.251118757806573,-2.1241984486969057
-14.03407315202771,0.36490145800041296,-4.981005413962403,-21.00567144746554,17.358569558418484,0.0,-1.1059681448343972,7.394299868046427,0.8369384207633721,-1.269750124601305,-24.7822215280592,20.973715069281486,-3.110404870375117
25.682134647526638,-4.284069209604834,18.15988434664428,52.260277705389306,-7.461143897789609,0.0,-3.2166815543770504,-27.091862615567937,0.43164106855998013,0.8759470670603228,22.30706385399646,-14.479687447510548,6.344946604052205
71.8484867535951,0.5527149667888688,74.12987151570556,30.1304797456054,-12.471571331588036,0.0,-9.800472266131143,-23.256608379077,0.2131165381950501,0.8406444856886502,37.7021192437747,8.781971843977388,11.977099929510857
49.321012317506515,4.209534935965245,-23.501433689040503,56.320215528240176,-4.029000504028357,0.0,0.5369507434560243,-18.036562243884283,0.37194987504366406,1.4509215793067831,15.577059381967816,-56.335570725018286,2.9472702922491982
-13.166944076459663,0.7022237111568389,-5.348024697473954,-8.035032807675243,1.2386928744762116,0.0,-4.978768285409984,-9.641214606649289,0.8462141004014564,-2.62491191004715,-21.59343049951174,-0.24337582188870877,-2.475230807187037
-16.19431757747112,0.8409574391518654,8.131393546021084,-12.533731041281218,-0.26431967781407556,0.0,-0.21162453398063852,-9.51168631445713,0.8502844820866693,-2.4250172541165393,-27.19475976507762,-19.416142302388717,-2.3237171398287257
-15.172456815865656,0.4166031687825339,15.726573777051208,-7.39079292695116,-0.945043656366581,0.0,-1.8968083608332325,-23.104390298101347,0.351318643554539,0.27456246343634194,31.400302899708233,-11.358539261530192,-4.6313128926007945
-12.335475293619826,1.336006236627015,-7.820151571805228,-8.367206832540552,0.10109147382583414,0.0,0.062327618704735945,-18.96133770404956,0.3560463675742408,0.31342204517185884,26.32095556007691,-5.7076942396963295,-3.1525954844015955
-11.778024156456746,0.6138221795304413,-4.704153807587164,-12.72418055748525,-1.3162086211014452,0.0,1.6310096030316577,-10.851858429212554,0.6602621983696083,-2.434037931968066,-21.771522742035025,-22.58528053871704,-1.5310530019843935
78.41678628805244,-1.9570252090837787,56.48051230852798,52.6016348079309,0.7243146438621512,0.0,6.981429903259209,-30.143426650726653,0.5744196091714033,1.052345993444238,20.396179264143814,-77.62689014571475,-2.1317213918420395
73.92797174366743,2.8189092491636125,41.85903876406953,43.89997103920795,3.774098869489837,0.0,-1.4578888386422326,-14.267276428010708,0.6036100135606531,1.052377270161779,20.071013465898254,-25.9254514291572,-6.67088898971745
-15.327503815213516,1.0065605287471426,-5.168523495996584,11.44642813765587,-0.16401346599869357,0.0,-2.469514794455462,-12.890705450340759,0.6239011495583189,-2.475564965432129,-20.671944945445574,-25.48130837443849,-2.04348428315202
-23.657188943728755,-0.1911251448695684,-7.989903381157185,-7.020319622373051,0.20788996274553212,0.0,3.417940129906878,14.586954796036192,0.30357107804162686,0.1869352299314284,28.5874276556328,18.151225585538608,-5.63831165981508
70.93995696009625,-1.8493574533865473,19.308770304310922,65.08885275256905,-3.422874157372232,0.0,-4.210882108005026,-21.54199771163656,0.5807071532395761,1.6845109200463897,22.68888609150403,-6.04901245378519,2.025462374437176
34.84142104272026,4.055432045735077,16.93509979933303,38.50187973364464,0.4202840732867016,0.0,7.2597333400847806,11.354535203411826,0.43144644363406687,0.4482754602796088,18.44086086319631,16.689331992459774,-8.376299299321776
-11.227493092782618,1.0887392578889996,-5.051369444934011,-13.164959381556187,-0.6685677607436427,0.0,1.3883360846031374,-9.021833907884847,0.7125781595221351,-2.615448005472855,-22.44395727378182,-26.303008395668474,0.5361354980567221
-16.58469264250574,3.454905987090294,-6.334225198058943,-8.756108988551725,-1.986334784368695,0.0,6.093360249822826,34.54654499354043,0.6149562405480712,-2.044233807627038,-28.914189098040485,22.306705248762253,-2.609112671098873
-10.677554480223261,-0.8104348641059577,-7.181915672744211,-14.596286333797808,-1.5878038032433464,0.0,2.8182441527996693,-21.71375081460387,0.3188310630623505,0.2570731264711882,27.393769865539298,-4.700894412822135,-2.852864953391742
-24.70476272238949,1.3661535901181552,-10.417800277112143,-20.035716659643477,-2.102334867107696,0.0,-3.444601005916024,35.00802315913031,0.3360866191067617,0.20203211019499007,29.65360811091818,37.214610463834276,-3.2915687934956424
-16.439674091194732,0.9343306241117856,9.224638112127046,-13.258163144972455,-0.24422640807054444,0.0,2.1554680211003783,-10.454310155524974,0.8011797495315235,-2.6758116935744387,-29.002449998754045,-20.8143282507655,2.269554467929614
-17.442764955799653,2.1330811284215225,6.3449206081368725,-33.20751287499327,-3.2623083788845286,0.0,-3.2844590889596215,5.761535267192352,0.8699423766616133,-2.312395741198044,-37.41389168531672,15.669408743412474,0.7248247489432249
-15.692481012925088,0.23641847773797287,-13.240586544017662,11.68736928355503,0.7548447038727242,0.0,0.48853266881315094,-21.941747021077987,0.37307436413455275,0.4156931067476416,23.99356417776373,0.15307612796183123,3.391983028114134
-12.238264216542404,0.3543752291854017,-5.605339311377382,-14.116067419641954,-0.28950968036657887,0.0,2.19500445595068,-18.723010341404965,0.7307892910158942,-3.0259462684640286,-23.687603069412045,-3.109662839146451,0.9993743204944787
-19.310598455046787,1.5750642824371506,-9.651579299119698,22.750934859661175,3.034105732007389,0.0,2.4665206292050783,26.395302100031838,0.25857068538108074,0.15070675998510627,25.021209444056037,47.26901224340204,-3.4249723561749916
-19.55714969460715,0.40295396042174836,-6.820279910176718,-13.478384564081539,-0.5173604974766944,0.0,-1.1581171694743944,-15.840827563867908,0.3654487321920579,0.17687947571292056,22.015629198142367,-9.615711954330317,-3.031259788247072
-16.683923693184248,-0.38647427336086726,-9.595497441799424,15.724552272000182,-0.9148349235628203,0.0,0.8737536423395028,16.696745356390938,0.3058430876099697,0.20776587661971568,28.335893238480878,18.913011419822794,-4.0178854775697035
-10.780378781395868,2.9781621867834227,-9.464623443247941,-13.18077550848711,0.45317167371881206,0.0,-0.6584076387471846,20.72808289096144,0.4160536465856158,0.19798822875930036,31.302695728923055,16.68667545325573,-3.2621801298413673
-12.45201013725875,0.8309339112050668,-6.132104475734248,-7.301643219790139,-0.1748639032935325,0.0,1.9980998031275075,-8.592194300450512,0.8964115128598653,-2.82182811704059,-21.51180866534399,-17.50517666787688,1.632534766374237
-13.810658059163798,0.5493695079503339,-3.0871867017062278,-26.450805258302484,-2.7018399100458397,0.0,3.487648231113691,1.3881939998443418,0.8073626342604154,-1.6884457406616877,-26.124105115739965,12.482755083766143,14.38781368659283
-11.467665470593587,0.7521817936908228,-4.699354349508281,-11.827367479060703,-0.9346705226367712,0.0,-2.51068947516673,-9.519644590609676,0.6570354986133882,-2.435528131812515,-20.643420323714317,-22.85490249309045,-1.5350905133214228
26.79777925921302,-3.4792079629811075,-19.03496779995284,11.170206877325072,0.5471947447688278,0.0,1.9231836107567732,-17.796298698841316,0.2776886470104838,1.080883757287758,16.49100267070133,-24.786215201589503,-2.7170361963775242
-10.344583279055522,1.2436664196092786,-6.724126642827101,-13.171924466992976,-0.6689831178116984,0.0,-2.5393377736663187,-16.289030617653093,0.3830999171256795,0.28396924203851875,24.882499809293922,-10.674742633879923,-3.2693568997833977
35.24920028891712,1.9226434226314177,25.688968466945326,16.98635610660162,0.09113738295329245,0.0,0.6576791637346688,-14.96049614858968,0.4174413972666181,0.9961653099229767,26.3426002930239,-8.868332742867485,10.789990131371368
-18.37980254168059,0.96375467256539,-11.071249327262242,28.52161095111863,-0.2945939137480156,0.0,-2.7527618711321504,9.160455617801142,0.22424002643487895,0.4083828364583528,25.15506581228316,18.924564485599884,-3.7143581193240744
34.58520640119019,-12.748397518345065,-23.157908276746532,10.537426699098328,-2.2008807314251833,0.0,1.7426722128560463,-11.701724780150562,0.2676491820137332,0.7313731330004722,19.294206160674918,9.750934046049752,4.680321907299685
-10.12755913042387,0.6571031651311481,-6.363386053998899,-13.287684008602213,-2.2140147489653073,0.0,1.2355289814584747,-15.701686310122428,0.33241182862528673,0.24620014835656126,25.201134188321756,-21.723457569351268,-2.3878402971411403
-12.13432965917301,0.6017850705256276,-4.969427253909146,-11.428973526393484,1.2923817599613656,0.0,0.1524248899926507,-10.643790044123275,0.6608138438124433,-2.3572237827460922,-21.920647640656806,-22.300127520276117,-1.3162281525095942
34.40591712113921,1.7127732050303628,20.236555451678516,16.142474605781757,0.7371587930465242,0.0,-16.159058768974692,-12.871441686345195,0.29916712943153406,1.0395393965223858,24.80243275106029,-22.302682763783142,12.935236155418982
-10.319388692297148,-0.1282490837257724,-8.185897704699403,-13.867092203270657,0.63252127189915,0.0,0.8883593062926003,-9.066552240149534,0.3977002348791352,2.4257489358747786,31.501946419845893,14.283987044486299,-3.1113951819795407
-10.103927857118325,0.7626557836625736,-6.211191494653893,-12.435675494614339,0.17132657151980318,0.0,0.0338715372922312,-19.19337931918064,0.32355912150547667,0.2455349718473921,25.176184739610477,-22.94581755938192,-2.274712547015347
-13.700439926421716,0.6434984917302907,-4.468501844024399,-7.800093758564405,0.8458654935384631,0.0,4.294744434357684,-8.599636261688458,0.6726272488240955,1.7194128550143735,-20.386041710113574,-25.22132499724213,-3.975975593552068
-11.424358230729698,1.2050761435077986,-5.172439821499176,-13.624260814324636,0.05912734516476897,0.0,1.9402453104557214,-9.040365026224078,0.6254395783959927,-2.2784899467483686,-22.018228497020413,-22.64399902460242,12.20136390983021
-10.722984003935094,0.22343248437989485,-7.412442153471759,-16.07566161538549,-2.6739209142454334,0.0,0.1817585422608255,-0.28514078796392234,0.36213592792902366,0.18856916046025546,28.02410852809693,9.754529713982345,-3.209365067070561
-14.284876038340586,1.4333861716082603,-5.214722635908049,-14.638149752689166,0.13557140087992814,0.0,-5.219029558453182,-11.111629530861386,0.8733087508929293,-2.0690160375018016,-23.92060823960445,6.9557962232853825,1.4913387853408246
-10.398106825703628,0.7695749993362859,-7.232311602971301,-7.045663027019222,-2.6308311849040313,0.0,-2.8384588850083765,-9.685993427732685,0.3662947788014903,0.2360282506756211,27.330258544482852,-7.153805429053452,-3.2773224872357245
32.042538177178855,0.7738470726755312,-21.681912045846826,13.28727137397559,-0.6367978459157265,0.0,-6.301230772347644,-13.123036341829247,0.3344122089159378,1.4439546752215957,18.33286062917207,-2.699874236370509,4.589109653619469
-22.620698936551335,1.6174395712466025,-12.219007558488428,32.84669338392328,0.7374087189871907,0.0,1.0384775198991731,28.063724168012655,0.2107673280879807,0.0035014534631761804,26.31808273032175,51.32717786995648,-5.431570923344651
29.38084201692843,1.0535925164397915,-21.769718003576674,13.352809514948223,0.3625888356515553,0.0,-1.2105124992950669,-13.71182042453166,0.33734257724946476,1.4066219398253375,18.557966983262908,-14.46370192386057,5.4761016137348975
-11.682728634973628,0.9073595630324481,-4.94566908600161,-12.477756823630681,-0.33537962774012425,0.0,-0.38697313608046136,-12.262843704211585,0.6796385547047707,-2.487225659860827,-21.247129385178816,-21.43083480638737,0.5805352810750978
30.87265154791007,4.846435561127972,17.838190370044085,26.28520142512107,-4.016804633689678,0.0,-6.168901586268916,-16.095375002390497,0.303510216627931,0.8632620084961863,22.164014538524494,-5.058243480409273,-5.74437413914106
-10.315421772322265,0.48798593847959876,-6.250945269311739,-11.879884255317604,0.13348833683964742,0.0,0.04298241722020831,-16.860947612476945,0.3184546039026011,0.24100332437724914,24.7809277783397,-24.119146748479793,-2.2684529026024456
-14.977980474871785,0.3378172793858145,-5.082994707545029,-16.156949084818837,-1.9175354486812135,0.0,0.2359502081640895,20.64252581979112,0.603860113455902,-2.0450887756332854,-26.9612373664276,19.612527942028322,-2.4113845052652665
-15.339015167052281,2.037546575157429,-4.305888500814901,-25.27071202338522,0.8426578610926415,0.0,-0.9645334035575007,22.02201423283587,0.6641297821834006,-1.0399515122226797,-34.179137430623435,32.445723258618536,24.313880095812348
59.867265044841986,3.449495236230782,12.670683517861324,47.620215519312815,-2.7355332339696763,0.0,-2.8607082393133707,-19.706068365883024,0.5647201916631363,1.0701915115914966,16.922350204198043,-58.50453857637917,-3.535524190140518
-21.810789541475586,-0.46581056852333996,-7.425831541998485,-15.014957424415986,-2.9003069583244163,0.0,-1.405555642070647,-6.94262473018023,0.3721827759559152,0.08765362146583758,23.19203143720091,-2.4886735773700224,-4.244520225460858
30.235086807246944,-1.2524068094016787,-19.928235077012232,15.813705557326337,1.2256679737264113,0.0,4.230620786785977,-9.76161972874496,0.2986616637681314,2.9213411932682694,20.830424927108858,15.592451958698895,-3.2684899899697215
25.110767619665157,2.711308487925998,-20.714782474577902,42.97056034331062,8.58321877046647,0.0,-3.498020416591011,3.040617861344465,0.27232564820027033,0.5932133653583668,15.057143262715663,18.994594954852108,-4.105286874759668
-12.420345791725753,0.7268400965121455,-5.031875713974712,-11.883242010736979,0.3177463987333752,0.0,-1.2327349578546893,-8.649192016479589,0.6693830654941308,-2.3833004557644824,-21.864874668525236,-18.905468947482326,-1.9739765693572509
-15.919242749217512,0.8539400255029852,-5.239062027531698,-14.9642270595026,-1.2595799656429114,0.0,2.0003295610470957,-15.746143481911824,-13.937225322252226,0.2737160412665847,-26.247835621313396,-3.3771087996968614,-0.8100367175831525
-14.115483889262014,1.7675703835658747,-5.964772027280629,-27.766429759017388,-1.2622793924902653,0.0,-4.761920654106476,-11.83665585260262,0.8979696778150219,-2.4271607256993235,-24.908566757289545,6.942498855621296,1.6780122397697856
-20.14669771493393,0.560878288443107,-8.476766049476725,-14.753401729994764,-0.4058269308301491,0.0,-3.9908971607411567,-17.442525691863466,0.3751944512005919,-0.2664589667832846,22.5015304391804,1.8597296936410637,-3.5024539831675416
31.00923397486505,4.262576557295391,-19.42107831563451,12.418538021062831,-0.6591707653060102,0.0,1.7405949989746634,-16.46349427996917,0.28929564439576305,1.3921122040270553,17.32735755604243,-7.948472659339103,-3.503957980059498
-10.924319330539657,3.510416259520859,-7.2734300243694525,-8.175198577779925,-3.443444400337589,0.0,-5.635029804745045,14.216743664454798,0.2473231664998397,-0.14637627511317955,32.09649262770128,16.88388167934474,-4.0809117935913495
23.717597094491225,2.0475744636694597,-17.843768652262032,10.000634751120733,-1.5978477206363317,0.0,-1.6503702696026576,-12.59000012125493,0.24434316135647766,0.5633923110641951,16.963786254693783,-31.740310324967254,-10.915099808710401
-11.44874256402587,0.06801896345081976,-5.426651454349469,-16.41440578140843,15.736417442881756,0.0,-0.8231129787368328,-13.587157241465473,0.7654027512828208,-3.0465580575049227,-25.023051964441862,-1.9052607740835388,1.2541555572251364
35.37944600903505,4.4251450749889445,-17.125160348141172,16.494550096513233,-7.568890532460271,0.0,-6.611711675476628,0.1975901420587345,0.23857064998766467,0.6859641229286813,17.942428890164454,44.75247916740782,-4.970522399049903
-10.84166143557927,1.0196354200858744,-8.472036374109683,-12.796950808528821,0.9354811512007187,0.0,-0.27964554263811087,-17.886886941682896,0.3834315614776241,0.3938992156390072,25.556799227117008,-2.6408277203293515,-3.2316413954924426
-17.21547243013308,1.1933460724151164,-5.0635575809661475,-10.186364543441428,-0.3860137365652805,0.0,2.890083232134002,25.56926701221034,0.5771876522568885,-0.7897428380783591,-26.77748104913074,37.62930085472429,16.226247459227974
-12.314355109609219,1.2692530321909512,-4.955055796124206,-23.96668719588082,-1.3605814346352383,0.0,-2.830107890818802,-20.25856577669434,0.5275587036907609,-2.680522361866929,-27.282596451776033,-6.430481351362697,11.378740072720168
-11.93555323968192,0.6361758619067555,-5.524745019540404,-22.168087188018017,0.11540401541722038,0.0,0.629238301770353,-8.48325031577903,0.8655701247389029,-2.8270409313044063,-21.86296361620803,0.31164329706533755,-2.1465515850630323
-10.691245910317043,-0.49415571332940733,-7.293045460193518,-22.613704479781063,-2.3551134737103863,0.0,1.9494745065875456,-23.482632455806765,0.3168384733040453,0.10963056793592069,28.074758716948956,-4.345570290050754,-7.563765106609994
-12.075688026246512,1.3478516569592016,-7.579255259225737,-5.852706773175402,-1.0000866344634614,0.0,-4.7451971062468585,18.650607325313214,0.2934904781431101,0.19889763422763526,31.243884535282426,18.23352825093636,-3.889729558997465
28.26801164958071,5.0005216435284625,-21.84168744416082,-12.465259553030814,-3.678942209123698,0.0,-1.1941942960589842,19.00741598970415,0.25832707641853525,0.5778120160540219,21.451631643765438,23.680989040006356,-3.743995556012972
-10.56070843243943,-1.0544016409797827,-7.799780375876646,-16.036554057315715,-0.2028382427318732,0.0,0.5768085449832521,14.343739163016131,0.366940256922956,0.2089100823516696,32.51497699825586,19.05121829933003,-3.7115454724889934
115.59411364196264,30.18143834019208,19.315668300609108,100.35456320061607,18.74718412292689,0.0,5.9886830936502236,44.98618814692613,0.5371079591291406,1.1013175938211608,29.271101472636584,50.23751762553933,0.5280188805405119
-16.83279549965468,0.7019396763328554,-4.9350659521273705,-13.242381564138872,1.374100823755845,0.0,0.5153747186424693,-7.660334645656182,-15.469179221835244,2.2287920878244067,-29.698644365242004,9.798049652829189,-2.296713994443021
-20.183899797336604,1.037582211074789,-7.529807498430935,-13.97980940833636,0.25897912303833065,0.0,-3.3919777361005177,-16.0950488993338,0.37629840929877306,-0.19622314983689715,22.256897709712305,-2.1969785408398588,-7.78922546955585
-21.332252147497933,1.1213900556499772,-6.992872388921807,-13.46793929839372,-0.08752101617972165,0.0,-2.768791963928334,-16.740991966450157,0.3780339114606537,-0.02282591055425109,22.129543318217856,-8.413756665776708,-3.3241565986526136
-12.152252675343265,1.720850131226462,-10.996262289993183,-16.808249004454023,-2.2246716179450106,0.0,0.46025362680098697,36.327710815154006,0.3462049461388018,0.18792767625545312,34.29550135551667,34.80338731152351,-3.1841775133114667
-18.070435549379695,-1.9728221929536505,7.916983015321071,-7.2406474087166215,0.7106367954602685,0.0,0.9475267436560865,-10.305588267279253,0.8395139706294289,-4.436016807882439,-29.73267697916192,4.242046743845574,-1.8729302682713231
-19.905335724429328,0.011247326508488248,-7.393024447605173,-20.451407471587324,-1.6474268164185804,0.0,-0.5146136108237865,-14.689657768523846,0.3040407503338575,0.11528792000078714,25.034679368899823,-20.69181744023874,-2.901407655560637
-10.86025721522747,0.24204631317881792,-5.135192885619008,-12.0756465553305,-0.5227729003515142,0.0,0.9343072252573004,-7.951759819382283,0.869388713197051,-2.621641724274605,-20.164099711591223,-19.981437339120713,-2.412019551538455
-12.336965915242695,0.7706221205165945,-5.651812380253935,-12.84791445488689,-0.2805330720739159,0.0,-0.7144277377202582,-8.981555242957675,0.8545958577559125,-2.7466929264472966,-21.35723885311653,-5.595361737124031,-2.4204341078034664
-14.648872690467103,1.5044500366412312,5.8953227479178345,-24.49063248048683,-0.19445128091179525,0.0,-2.6469290317392806,-8.818440176298493,0.9161162510664791,-3.0328696259261445,-28.88318468863844,-10.867228315603045,1.4064827834771347
-16.986303896066843,0.32359756679563423,-11.089297409981379,15.600317487237398,-2.861430536938775,0.0,-0.29568511496925937,7.392363336600756,0.2976213992852824,0.3863331738942911,25.928448681617972,17.998562762323655,-3.7105803319497994
-14.18012308722571,0.32795818961946693,-7.723148573259604,-7.051817491379327,2.153831712173056,0.0,0.5424584835546554,-2.746765610891189,0.23824526805563426,0.811319037469885,28.370006896937088,21.99377550353392,-3.210330771853512
-11.905443291062936,1.80871963287127,-4.721240142011798,-26.648488092508153,-2.0940968020763164,0.0,-0.7698276792908268,-5.819169060502043,0.6994939808927652,-2.8349554540162325,-23.494576983601096,-8.312274522146842,1.2879966448617894
-13.326743766995522,0.6534346541386862,-4.9236006199034765,-14.993366344982133,-0.9709226996063229,0.0,-0.508257334854333,-21.268986103549633,0.5168213500642489,-2.632674595735604,-22.93620569083582,-3.8285554827734427,0.5396539736205559
30.027184519184853,10.518787894582397,43.40494888267955,33.78810577634527,-2.790167131998713,0.0,21.0629708346782,30.282685643778596,0.322986229909863,0.8163308083491602,29.22031842142967,44.61886779937824,-3.1880264767614244
-21.40261313814014,1.8239688020755844,-6.708345197166814,-36.10164591151611,28.47023264431534,0.0,3.203519361588851,15.371306451842672,0.8896068183525766,-0.06497230508156741,-25.316497994675355,20.11378141344136,-2.896496460755696
34.72912014767369,-7.897590331250443,44.050102876754565,46.641036821434504,0.7590691068514476,0.0,-13.26233217513319,42.15323647276738,0.29967787735271967,0.34595417792600547,23.564290252603538,94.62576623889287,-6.531756284217374
-11.820774811642186,0.9242294016980102,-4.660314944808092,-21.810416872978852,-0.3730038306214937,0.0,-2.061654298002365,-5.788756442728319,0.7668028573779211,-2.424919580048932,-21.658046380904292,-17.308903349015715,-1.8666763546614809
-24.780321232169463,-5.602512312139942,-13.536423946543483,43.05196381868818,10.235990132334605,0.0,-0.8446427652287035,13.22115238669288,0.3291953130284586,0.176770236214089,21.94781999838375,16.74755030352238,-4.452124013078905
-12.348453798217957,-0.08557853696382575,-4.838120318482848,-24.074873337760692,12.318707589893501,0.0,-2.544108527948083,-3.4876317701635973,0.7889466796974103,-2.48923867949007,-20.65135997465183,-19.49526215846425,-2.519798914737427
-12.059193553610585,-0.18359269285023352,-5.119265061046081,-13.247951486608793,0.4222781244911531,0.0,-1.8531478228865186,-20.074192647904127,0.6739119335595942,-2.838239335898005,-22.77020943345543,-3.928090181819294,-1.5596014422457953
31.078086318863306,5.50216100588446,-27.007135311546556,-11.733877980867964,-6.6446898956081,0.0,5.486981603127364,25.505531470848055,0.1714542665398,0.6018898261170266,24.01860388541489,21.26326649245366,-1.2201236431434546
57.38688004815304,-5.970684459510794,-22.806548755136916,41.35179719121539,4.553903191634494,0.0,2.749217467166037,-13.972180179859395,0.32810903827788424,1.386148082341183,14.844716991314092,-57.000681903947395,-2.03395247154685
25.65458218411187,10.687151206872212,39.49291772834266,55.68214218812031,-7.660481555609291,0.0,6.794402763893769,56.22276752324485,0.5204321577896127,0.9447730662947108,20.698945565272208,42.79232954774073,-6.81182340694859
-13.157634850214599,0.004950412523392995,-5.143387185956132,-12.836600103817585,-0.9986477112746857,0.0,2.3249600099623,-10.703717547540549,0.7800293603660525,-2.6931902987275205,-20.77753389810487,-5.362243549299383,-2.0966227150073946
-28.10625972706432,1.6850308714323312,-9.07332570772554,-6.913481910587849,-2.3716958335184066,0.0,-5.511944423823204,18.89142204483687,0.2442585043311627,-0.11109172897929784,28.01798417735826,29.984415686393042,-3.8847846025343804
-14.868602997967095,-0.8657258205608868,-7.124538065250077,-28.723638065756955,-1.0200664286691756,0.0,7.29713821641027,2.2648868961938584,0.8113904268303836,-2.469213431283626,-28.50681019530474,16.903670213134824,-2.7137967624673034
-19.164808929737738,1.3201339204732414,-6.577511241599558,-13.515218086743452,-2.1279159215454753,0.0,-1.2031444783761747,-15.416960454323274,0.3364931563048623,0.0987320059476794,20.849345958207007,-16.57006265206383,-2.683123894180655
-19.22203752311343,-0.05373295073144578,8.049505950225116,-23.066682925761267,1.2463279412286605,0.0,2.066634131400317,-6.873845616391374,-15.451202511175172,0.31744589587657784,-38.05369913188433,-21.318886651148357,-0.5094922424464916
-33.13366348280659,-2.355019253593036,-14.568329892499897,33.67924557192614,-4.4073235185626345,0.0,2.2695806131964646,46.504427498789795,0.08442548421939121,-0.6828181067205159,25.96490454251221,59.510474449157726,33.99339710628999
-12.773515682540854,1.8255323268187258,-5.048553881486099,-13.815043904958129,0.31219755638361724,0.0,-1.1748714940993035,-8.743466470673752,0.7143210081000184,-2.4224456115850317,-21.111280232326788,-8.491231091602316,1.804302886051633
-13.248117133499427,0.08228577189110972,-4.655418441865118,-12.417170837325067,-0.3016240319592875,0.0,1.796804888351262,-7.660608191250428,0.7620845681924067,-2.2472669679995105,-21.192350305603554,-14.534002970388803,-2.1100305073050363
-15.837968313271539,1.6133746144458154,-7.66182731700859,-19.42471428408007,0.053849560013406246,0.0,-3.2956034357311013,27.65824758855683,0.6232133766617795,-1.8655912906809535,-29.111290063235458,45.99493956395896,-3.253110542984274
-13.08040740238297,0.8844444287141336,-5.622213559970817,-12.344550764844273,1.3349892024866317,0.0,-0.9575587098746472,-8.962721477154664,0.9112027057194378,-2.9418697120833164,-21.394208400492733,-6.71535255734801,2.315475905661525
-25.045398110655416,-1.5678393626203695,22.150182149943035,36.30238267500317,10.57478155793636,0.0,2.3069573063252755,-28.203905351983195,0.5614240051737889,0.2771646083717663,25.389588255352454,-13.989691813299714,-5.6565386922296605
-15.445044727962872,-0.01280255374319924,5.5556894239342185,-12.24403401655531,-0.4413828857854912,0.0,1.841360212928076,-11.94871226110856,0.6685787059397114,-2.478394367194676,-27.180163679224403,-17.274105022279766,-2.1475280143467343
24.5893700366763,-1.8139828978191026,-17.19344722797129,35.85299463587046,1.6770511494160745,0.0,0.7305313857883806,-15.476563463487306,0.3848675526671063,0.9606289271504304,14.336841648154373,-25.927119451568252,-3.0874350485992337
-11.889591098336416,1.218098749167354,-5.392455141248262,-24.866917603332436,-0.6260010194220776,0.0,0.9448184192246032,-7.369768256370485,0.9234698300540534,-2.8419807919072695,-22.194243960712253,-6.724351881825152,0.6732669216781715
-10.22602405837954,-0.2570096817557869,-7.43002688300093,-13.558897893398159,-0.2404660901183912,0.0,-2.2020350584488937,-9.202869191946023,0.38181906126247095,0.30123584578636103,28.163829782890158,-3.463831092600085,-3.2844865393180265
-14.577602982786894,3.402423973633504,-11.604477127691371,-4.441600543121519,1.9914407519011585,0.0,-1.870751483070649,30.079270847033335,0.28894707239422607,0.128133696125272,33.6814744568421,50.1966525345967,-1.803047269163791
36.168303747964046,-0.30003179031653293,-23.13881309828428,11.311462213882987,-0.7341884676394758,0.0,-3.4982340748296883,-20.29845959717386,0.22286771515944562,0.870441229555939,18.21304003652979,-1.0344984972006825,5.110671495848383
62.353467713306344,-1.4783661231487648,25.41978515871292,15.799695498328933,4.115123755218141,0.0,-2.7366551015434903,43.62543373819486,0.27288565170208645,0.8311657008213525,26.71387798991074,28.300454139340328,-1.3040155671035467
26.01601492508917,-2.3623308553558973,11.32354298334933,30.27873673166868,-0.42872109018006077,0.0,-1.6108749056775837,-20.549560382121253,0.6155056343880655,0.5803447216346183,16.538566925810144,-44.39823609873069,-4.651830182655466
-13.873887188276065,1.0972958496418304,8.311289207814673,-13.794773485944525,18.362915297909243,0.0,1.182894199057424,-10.998419956492928,0.6902286344519322,-2.531921860318644,-33.94191262772436,-38.86024590029844,-1.4399236301685205
32.78988067596647,-1.4473616857798726,28.56942965142577,-7.646274238492179,-7.677144138085621,0.0,22.23344529932352,-10.216766434699107,0.25908157401019943,0.7796133568431912,32.07713489072756,33.53871852725445,-10.131888935375859
-15.223297552530523,0.3355161276699379,-8.143353920952013,12.52204832292578,0.25263661314995284,0.0,-0.3290472811827829,-19.716156686748647,0.32866910173621106,0.23709323668418,23.2531990538708,-12.201115430231436,-3.285764694147293
-10.824247033740813,2.735436527653509,-7.784902668283299,-16.314902867899036,-3.8197428845712,0.0,2.626382451704877,16.410093773672912,0.4065000156472288,0.039610634504121625,31.434074123707465,30.691441940712764,-2.9498238937280603
-11.457089622172294,1.068167013134295,-5.104104447992299,-19.739396453380152,-2.100111512385176,0.0,-1.7145672178712952,-11.961630239827992,0.7068038797011272,-2.6614434723416935,-21.190446631181416,-30.028206081446015,0.5937510475230392
100.65701020197336,27.63461692330782,11.46467329289601,94.13940232778907,-10.399297782857344,0.0,-0.8943633185493911,19.03376320574912,0.5809088343170749,0.5555069896728937,25.74599970036221,42.4844791882099,-4.908556033029853
-26.158327396957937,1.8034025892892993,-8.00719292717023,-22.656834722920742,-1.3071936377637137,0.0,-0.9798586207098523,3.568568683977665,0.3070988755162073,-0.2628099176657419,30.58165405790251,2.2161212610081638,13.406775253606003
-13.58841840365441,1.018143133334063,-5.261409515678432,-8.831020731400681,0.49985878107129494,0.0,0.04189694777662489,-7.006122583633488,0.8959266469973128,-2.9098460309075462,-24.332043508334277,-4.29372038404277,1.6836436580597511
31.93142185819251,-0.17818544363438052,14.47692407852155,17.394990266067918,-1.0365709124749443,0.0,4.169079341407659,-17.299534177207327,0.16940581666807072,0.9971636662713471,24.30414298060699,-4.68603895114274,-4.622532288773497
27.788637330862024,1.2171687127170152,24.202222756451363,-10.971284105680983,-0.9068053956346954,0.0,-7.439997085975945,-7.111400960717372,0.30286645896122766,5.014494553926487,32.64884645962102,8.017127044675586,17.68432183361916
53.59409520912543,8.090531106425974,65.8141904934759,21.904514288727665,-4.978081448160849,0.0,1.092732698022845,12.460741992641966,0.38579495431272504,0.506426719245547,30.63951937641737,31.67485850411493,12.339024124549388
-22.24751024205226,0.07109099802976276,-8.471717912378566,-17.45994531313207,-2.4121350088138485,0.0,-1.3378274912852859,26.934108057200945,0.4026761274834053,-0.014571061046372185,27.604417624155953,28.77876491026615,-3.9743204570686768
-12.432859317616256,-1.7616279831571273,-5.449402787670765,-13.947358605421774,8.32875671846729,0.0,15.403015429873207,-5.297376418002974,0.737708173552307,-2.780647438418678,-31.5595891657742,-25.997189427781294,1.0123099278208718
-10.330336207028207,0.00147983323791343,-7.686528851319487,-16.55495638225515,-0.35734347146730955,0.0,-2.813709043875329,12.906353789292673,0.3729152149887731,0.2729054380287449,31.33793917693892,20.552201285575602,-7.192621590607112
-12.380896528874256,0.8304946649687909,-4.899346316159529,-24.44349956480326,-1.3013333484040421,0.0,0.47835905554174285,-8.19688896640766,0.7914359553564146,-2.671844014986979,-22.279907181910495,-14.041397975744667,0.08516165483043787
-12.026655835731749,0.41417483272856387,-4.876201608345478,-13.268232119118736,-0.8677658425776971,0.0,1.8769272972843918,-9.113408918620447,0.6638393667840498,-2.507326130000955,-21.721594441987133,-20.883656015642096,-1.9182079088249324
33.853476256916935,-0.7109877729613857,9.144249934554312,-14.940082538346491,0.9639782057733121,0.0,0.4723966147085012,-21.61375766788063,0.8001999352343325,-11.888424826263506,-26.192990057356834,-28.959645062582943,2.3055559294354375
-10.871539748642931,0.5883210962296983,-7.430946831555201,-7.042923678587943,0.19747081451800888,0.0,-3.4768621687206114,-11.743320530384691,0.3512997912948476,0.2924715105897201,28.965828884399052,-8.960403419690737,-3.1315353796123917
-15.40060906710426,0.5093213314352231,-5.415586216047787,-18.123299439159076,-5.032522913438008,0.0,-2.0572355109435323,30.226556295027002,0.6190419804061931,-2.263611985223042,-26.47334898622263,28.084499029529514,-2.4798713798638494
-17.97598566298046,-0.28362430025474267,-9.840989928304811,15.559211069895232,0.7987416852215111,0.0,0.6748068759222039,17.722201959829796,0.24028633876243105,0.49326433421512905,28.292885923564743,19.733953204491307,-3.611558910294454
-21.127271306587335,0.8633925967776618,-7.217675285070054,-14.391487413495879,-0.0783476048441279,0.0,1.4096708141076884,-16.71052640047386,0.37770323941494005,-0.0005665414675534964,22.17071547629283,-9.419074417783499,-3.085481266828716
-15.948414578680847,-1.1900747486736318,-5.3174441863121595,-30.340710488440482,-0.5048325899892041,0.0,6.428491101966778,1.6156719179260788,0.8053371505267825,-2.382526361291071,-28.978450907102406,20.630095630592404,-2.7542327720284034
-11.321923810833345,0.5993748571322502,-7.193704454281056,-13.539070775933745,-0.3250345655975873,0.0,-1.0706705445977558,-16.260697035350628,0.38271160458609466,0.29762705856937743,25.84284240226075,-1.967573495165731,-3.0113020248411124
-11.686545000104264,0.5201660276377771,-4.90522306351367,-24.56679571397117,-1.0572959606820203,0.0,0.3152699381123265,-8.457557749126448,0.5770725881820747,-2.5221315108629114,-25.244074537448455,-22.703101810066812,12.625956898433241
-11.721477403903146,0.6324358170399218,-5.628615709091269,-23.250012537016612,-0.29957936689084286,0.0,1.555937158201708,-7.808385561524343,0.8672471842506054,-2.7361620363185817,-21.964481618640633,-2.2070462166897293,-2.2347890525456564
33.505428074565344,3.6884225716300802,24.417405135315832,17.43762406713235,-2.643072351789668,0.0,2.7863892138758937,-15.306366795326813,0.38011202232994595,0.937905452500975,24.467063195544718,-26.059282523880704,10.335834135562651
-15.629836753357132,0.9321316926945753,-5.249860736940994,-13.042975476360516,3.4427185954281225,0.0,5.9723022861011765,-3.963979421968484,0.8463544111614375,-1.8740074539171103,-21.977553516454936,16.02926377815362,-4.917133663825843
31.155016145296177,8.52002606613466,22.98150175788868,30.10389761389856,-3.270226934669494,0.0,0.9561739388205042,-12.927653786685708,0.34243229810521286,0.9758346266549778,25.97869500289288,-2.3917294977873023,10.386511680217513
-12.755851900616735,1.0793227784977666,-5.841876076339987,-14.766795507230986,0.2911054443214286,0.0,-1.4466631974696031,-7.5605570251077125,0.9179182608782074,-2.779607507750681,-24.41551129256669,-5.697987179740503,3.2210808313857364
-17.6673685256686,0.7534596532669741,-6.503844459930498,-14.472402882114217,1.1405563102779162,0.0,1.2323414401415553,-17.044879408022197,0.15867574075668417,-0.7179211834367282,26.751198481445552,-23.842994931497845,16.52776856025966
25.915700140387194,1.5314619016542055,-18.986583400235318,-2.176728789152651,-1.3219565729616283,0.0,10.04926100268898,-7.803956524971183,0.30355685312738223,2.52376479257073,19.95464713171627,7.3502312701999895,-3.638484134816271
-11.31785640436892,0.18708998813171546,-7.560110771286552,-13.442068703048305,-0.05286935702431923,0.0,0.39416670355553884,-16.384305327955268,0.3814185966390513,0.28035494628971125,25.83074213250891,-5.2341701548269315,-2.9774558671133216
33.285450829430495,1.8208555821445913,21.890067698831608,24.319847559655575,-1.9579098113546975,0.0,-3.9962550028835246,-15.28719001519288,0.4506330512846115,1.004332350294748,23.742218686154896,-8.697424967550864,10.048430782613758
31.15935706122972,2.8030083789868017,-22.35165034403825,15.153335719206085,-3.4361410673380637,0.0,0.3844450623578292,14.766359632534598,0.2859263375039636,0.6191442939660706,20.219999791793395,27.371855162656313,-4.427399836618378
-12.31143856730442,0.8819611941992815,-4.51195244334039,-7.603087695521302,-1.0889419616974731,0.0,-2.9171112977425513,-7.248082981711208,0.756761797854906,-2.4620664999992377,-21.5896949263078,-18.9930834530141,-2.1015437323445636
-11.77473484224827,0.10122677197827115,-4.956636049332889,-13.979501079864416,4.331737918976016,0.0,-0.8876654262047088,-8.284662117872605,0.661641824740872,-2.392697449908867,-20.82850382013199,-21.93498477345449,-2.022037273602577
-12.03116093969973,1.2596936034713764,-5.1154896813154105,-9.24855189646524,-0.36310550488152293,0.0,-3.0054172283090232,-12.583411745993947,0.704544922812487,-2.590051759173089,-21.606136904911853,-22.71166572367193,1.055799323393223
-12.384447250188027,0.8625139709058615,-4.989597928557047,-15.031383942813903,-1.2995165660144097,0.0,-1.3601174408480579,-18.10186616976424,0.5368843972254067,-2.5583310826831713,-23.07778949641532,-5.5392255004653785,0.9992517325076319
-12.126938835542601,0.7193695670709166,-5.038594577031681,-8.293498095674071,0.10217735288752135,0.0,0.2328628532811837,-2.678718786494657,0.701938630001096,-2.9136076338122114,-23.432561325622167,2.640567014173595,-2.795904724271966
-11.312281912382527,-0.8244025093607431,-5.202528333054389,-14.247724758429996,1.2002352372229457,0.0,-3.4749428027981337,-13.676460772487008,0.6797392562114546,-2.812938625918158,-25.223534361311017,-4.063751484778668,-1.5701402446593302
-10.02099143542704,1.5852129999444504,-8.172791505601362,-12.616535217575839,-1.6345000080003647,0.0,-0.8539676389450587,-16.89416460014005,0.13941383818759667,0.2642168892407494,26.15909871045808,-29.785246037083326,1.8661581749824125
-21.8040075565092,3.1995002317934635,9.967537256389587,28.389755066460737,2.579074156275181,0.0,-2.473829854874838,-13.360852907337925,1.00109332980424,-3.355165712855286,-34.030040707767306,-10.902722342122171,-4.979416454296828
-12.068726186794077,0.9665566154347695,-6.739184112615355,-15.908612945980453,-1.0552733712108566,0.0,0.38657481240099434,16.83917966267056,0.37504854812366556,-0.36785421677204216,30.547622320509763,10.560207020349248,-9.572312972990431
-12.296525500598545,0.5102367408634084,-4.679767924856431,-12.814700665254291,-0.8813476753515286,0.0,0.25982449698935145,-7.675817673135021,0.7630516272533675,-2.453071976033518,-21.229755946142397,-14.252993871608659,-2.1618750010490397
24.164289473227644,2.3895890006663483,-16.695650748582594,42.53334685830227,-0.9896696358561141,0.0,1.4548089373120985,-14.702331030579499,0.3894441496866154,0.9527524187333948,14.644943190598834,-33.01424994502641,-3.5436630355429886
-10.498287228807916,0.5909189600330864,-6.915462368823806,-13.162907411753677,-1.9054008487891756,0.0,-1.4045270276821915,-14.224010554087412,0.33528066991045635,0.21342839134348404,25.017617944942334,-21.227801493295182,-2.437661105311793
-15.200781972047523,1.0847335668410971,-6.1299862013490785,-31.01384693342478,-2.002955516913877,0.0,0.5708737159187274,14.886094040129514,0.613037980330607,-2.12604038630936,-28.798615708950937,19.893393000706375,-3.2615279762695746
-21.64990841409148,0.942912177203871,-7.317415585571622,-8.295009824000097,0.4321331725885966,0.0,0.8449860393175477,-17.54376043891755,0.3369111714807725,-0.18370304478677268,22.341050043157555,-7.52815858040984,-3.1878457214246403
-12.073519964937486,0.7005221608850788,-5.568637672438668,-13.671320996319288,-0.4738359104437434,0.0,0.5746041133733133,-7.9119375949257575,0.8666795383639966,-2.557904427743715,-21.228609668326722,-1.3962393427779947,-2.9456801359517795
10.843066061663944,-1.7195442938452214,-9.316144328678627,-28.034507752344666,-3.281477381012671,0.0,-6.338002305599912,-6.242127719562324,0.4618754129490699,-17.62813515186243,-22.822131209016177,-22.07076086568437,-0.734707152885116
28.34419002255258,3.164718666720656,-21.4275038567813,14.609248902648698,-0.8019261198114931,0.0,-1.9777377233358733,4.755618192069319,0.27098535543575714,0.7738867476440356,18.796066690036287,19.42831592934884,-3.9941916973235285
-10.864433798671147,1.0802739437056792,-11.682226032915791,-17.543249632338874,-0.6739568476363839,0.0,-0.6508514800908859,43.00466720138147,0.3370849589946309,0.18738314706856693,34.56810838323124,38.241557033379344,-2.969141415307355
37.362494438734345,-4.273170868497927,17.083556035830163,112.10925876689741,-13.720362523726559,0.0,-4.182617188348317,-9.912959884683385,0.5022584765761036,1.3861079306866593,39.442240905974174,-33.98777671493876,2.064987854291869
30.111890666569877,-0.03017004685583396,15.715093169334585,41.70854927748502,-1.819662106764111,0.0,2.682858027655464,-17.41928327717786,0.5334825044205052,0.7851828898965005,17.859308586254276,-10.123918130078431,-9.198847451229213
-14.444681262770263,0.06913576673946717,-5.333080499025307,-14.757332312089813,0.47746099587076235,0.0,-0.7841864938880402,7.265843595931013,0.7765721416259939,-2.365126235329739,-24.34394974440271,16.795181849264733,-2.338383836322637
30.18805304750616,0.6679673639712105,-20.703496660041115,14.198797751911487,-0.1991593980274714,0.0,3.487802698411596,-13.824270393214618,0.3352188487886887,1.3654875397456492,18.278051720504962,-15.556601960447658,4.438182466216302
55.308267173627435,-5.607341146916489,-23.08564407182372,53.612907820333355,1.7048353491603487,0.0,2.9115871128711017,-15.84115753877934,0.336274637226534,1.362931631062286,15.295598690521771,-58.80246382389855,-1.9077087180382597
-11.895071195569795,0.037908569292021306,-7.408411170646579,-15.050305348649017,-4.829476212375086,0.0,-2.3783502003669414,-3.982958336808017,0.35678811045357045,0.404247252778955,27.102137627815576,16.655884725529,-3.8703501199439057
-20.026059808019777,0.3488539565979613,6.440643743152117,17.40277226003604,0.4689681967963864,0.0,0.5409944863918187,-10.341614620269121,0.7870088749192792,-4.320359977659452,-36.304914498163214,8.526370443515875,-2.6506819700926876
-16.293013961600558,2.3172462133019076,-4.8595871942856625,-35.211346098736385,-0.8857270822934885,0.0,-0.3608690200179076,4.234327563154101,0.7769001793805893,-1.5121109924649543,-38.179685170171815,20.608853431958263,17.1198670161564
-16.44430582622213,0.7385837392793687,9.278151595924536,-21.800415145975506,-0.41209665443428334,0.0,1.9782528011982232,-9.631527650403735,0.7559627396661048,-2.6528516323890727,-29.99305565765664,-19.41947492751034,-1.3588089112223398
-12.668275200306136,1.5335661991880294,-5.114238468396892,-11.6391175394528,1.3498571091661142,0.0,5.646958080571055,-20.19063974637986,0.4221192574834325,-2.5743589271419274,-26.20570712519882,-7.947094381263622,11.878735899305525
23.648911457397592,-1.9477447493302844,-21.829180702001974,41.1635725378633,1.6711359097381204,0.0,-9.032755510577376,7.464776107222349,0.3001956432098168,0.5227765105628088,14.449386367455196,25.637333160163635,-4.938362368700792
-11.161762212298445,2.7906611232680576,-10.46404062689846,-9.811235146595187,0.10021251567295676,0.0,-1.3163677975556456,10.215488890303888,0.31748192222216925,0.21528801292343175,31.362659817226294,17.795181075548808,4.762497087027307
-11.692242478454853,0.9091248347024553,-10.410342930416927,-6.620226974711956,0.11595613429169646,0.0,0.37803154366208375,41.324525771225474,0.20776753693415878,0.14141947769650778,35.12568502053583,45.904946635335385,-3.3472105493816176
85.33149911311986,1.5959328394373955,60.60222121016327,20.0588312266741,-0.9299335928620052,0.0,-1.380475686102641,-8.094468180044124,0.33794986529715487,0.9128140890711078,26.305910198879,13.664440559408437,7.889182087244372
-15.300007140211012,1.7985919944757767,-5.227690991404023,-29.87490395602094,-1.828691306236966,0.0,-0.5700017014938935,14.612792086659573,0.6091824984689048,-1.9412139905793555,-28.510554069486243,18.999789960627087,-3.009864296726735
-14.853602111956057,0.047284920154522396,-9.246532785495775,12.082044686344567,16.861287593210694,0.0,-5.000653611358199,-7.394920534722663,0.28079623481448157,0.22642438358987813,28.39991136198163,2.708625436637341,-2.8468000395475235
-12.9979648337122,0.0839460738101159,-5.124923041476145,-13.915951169833944,-0.3178666443566108,0.0,-0.5213121266515537,-6.242407170977635,0.8694275927864268,-4.139319656651031,-26.257719641890105,6.8050053321975215,-2.303780653972418
-11.434680372467266,0.33848597400303676,-7.505776444933231,-6.567053851165146,0.5636731507308785,0.0,-1.036906015255653,11.651563428418209,0.23376257450672724,0.20512729005616778,29.39006291933825,12.69039628704401,-3.3890728218196493
10.630627416562549,-2.7820370870414886,-19.18722572051894,-63.98057630808889,20.340038382759253,0.0,-16.636215898578197,-1.49729937967778,1.0965786651614142,-14.08640748031826,-20.823911879584234,27.286745751436,-2.390737625027219
-12.22648497142244,0.74599552663561,-4.883261326307415,-10.2107239837261,-0.05698108653144795,0.0,-0.1370614496106084,-9.73200755839308,0.665987074014193,-2.198932260476336,-20.533707162416935,-28.915387871275048,-1.6323723686641425
95.73261458803889,4.092850335367363,52.82165540483185,67.87208292974874,3.8501382598695866,0.0,-12.246685287885082,-33.852287123782745,0.4757929252361704,1.2849396674975464,29.669171908409385,-21.125040405552543,2.6424874595093444
37.461019327071334,-9.565224365819022,-17.060344906201152,-23.584038408017896,4.022267834733088,0.0,2.3995734986445036,-7.598666422171003,0.5001892921383231,-17.354244989116125,-16.880548467360338,-24.387704101809906,-1.543852058163974
-14.146698939989001,1.2696301045510452,5.70193103050142,-21.077264509121857,-1.1262919487240368,0.0,1.0956793458708738,-11.266151554199167,0.7162021190939135,-2.7993068594001373,-28.671217618208868,-23.86029913391984,0.7508994981042757
-14.989572429635572,1.5363258266934257,-4.4545109230309805,-15.340040214548317,-1.5586571897291372,0.0,-2.2290179083727257,-16.102195309561374,-7.582708588744708,0.29924866123243754,-28.312224414370647,-8.364600946545643,14.772602150822381
-13.9192121621227,1.3414106550980174,21.58410538765961,-13.263653741190625,-2.4659410045831507,0.0,-3.6542458832188194,-23.819216760831562,0.3638470377866774,0.29372968832500473,33.229717509458936,-8.757921506796578,-6.723049020684017
-8.792346488060975,1.6250934690210286,-5.577851912332682,-13.11969575438665,0.07380793509380426,0.0,-2.848221990996131,-22.87317682540106,0.1642569739478177,0.3028453789437316,28.28431298654507,-32.8339515106154,16.60667946398811
-11.671854660854866,1.6857160985722646,-8.453533267518306,-5.738670163874315,0.6143163423760531,0.0,-0.15402544668975765,20.248928714721785,0.20449449734962039,-2.754690106108765,33.90601135449648,29.049397168837977,-3.17182392506739
29.944904971718625,-0.4823375320348441,-23.952011742002604,13.882330335045097,8.609060011701523,0.0,1.5976562399038552,-14.131004995103842,0.28397015112330165,1.3646869050564439,17.704121330866382,-3.7285791001979387,-4.212339802628941
-21.027394561147588,1.4757394411889937,-8.998636494453331,-23.120933814266788,-1.80445546024572,0.0,1.581063300308297,33.252021810679516,0.32150687708858744,-0.15578829895752896,34.10852015774678,13.317966347448309,16.076079923008
45.329261997381735,14.081605526940185,-19.71627850236113,87.75769976085796,29.566730072913106,0.0,0.04173989345532553,-10.321695960412365,0.36061472127794464,1.4508233241370054,20.168690532783177,-51.618597537868126,24.718998420835238
-18.209135087562828,0.8673398136308041,-6.85466020994693,-13.003527699557827,-0.24830628945159836,0.0,-0.41418021826933105,-16.835176746654074,0.2942782266206053,0.11784715001073075,23.6722017141717,-22.48157655439564,-2.3166980689077588
31.91477864194884,4.7169382141481595,20.761401036378015,17.341834908901927,6.933112608439005,0.0,-6.356412358159383,-20.486802838589433,0.3235614001867744,1.1852676873331391,25.699506420678084,-6.043933889371041,8.53656937836184
28.18680544834856,2.2137079916610785,-17.10477274877342,10.707110014320818,-0.5503773410107565,0.0,-3.7305336599936187,-13.296119499657411,0.2682652597487939,1.0493347931196637,17.047996636700415,-24.522503107477597,-3.1450258723613844
-15.615289371794661,1.6548228793757849,-8.745445742053878,13.87340166167506,-3.3183932316472493,0.0,-1.0908401071516698,-21.349141902590496,0.2770118338133392,0.26329297802122914,25.220698198035766,-3.019578413846731,-2.9787557734150587
-10.881177826175009,2.093043331999124,-6.1531599483778585,-20.298021606892164,-0.5827161161759128,0.0,-2.373405555072811,24.80538520231497,0.3426497836308246,-0.003956811619227943,31.967226322774078,22.9086623343675,-0.4804130851936871
-11.518333804911139,0.6205300161544394,-5.331848204358567,-13.418500257896783,0.609056598588052,0.0,1.4708402841054058,-8.742846063458925,0.7097930437342593,-2.6235354931207833,-23.68125503392827,-23.980674036535234,0.7786720278947712
-13.94359523305011,2.345031874111892,6.825965342567963,-12.414219365742111,-0.8069757250356054,0.0,-5.2083491725239845,-11.699191783970795,0.688020209277523,-2.8423887889985564,-27.604006789565204,-20.213877121408196,1.112822076954518
20.39272743541346,-1.038761576434142,-19.307786956868064,29.887151446398917,-0.20241903083374277,0.0,2.609909125757454,-1.4463740308584807,0.19886600083278544,1.2971357512905073,18.159392548056566,-4.269363847159139,-3.1261142342770474
-12.590382252700099,1.2356162997913875,-6.0586741956895835,-13.790938540254599,-0.6315426748177202,0.0,0.4813103274258024,-8.471946089838891,0.9089488695795793,-2.889730416925246,-21.851485398306753,-5.106682139814947,2.018668330742413
-14.322742344958021,1.7468997400104889,-5.853778490446955,-28.897116775480107,-1.5561156088247168,0.0,1.7841845849042908,-14.347764186316184,0.7853562687487896,-2.3646611209525377,-20.86972728034533,7.095657357681094,2.2943198111256478
-15.313773283096282,1.434452001103323,-8.264583505851398,12.108995288871192,-0.5715150295372299,0.0,-0.2716809177296931,-20.136337451033395,0.3209780676426837,0.2809050518427942,23.29438179070287,-10.581502386188712,-3.3715644259626143
-16.771902268463688,1.8527251206363478,-8.306833556521612,-35.28927935758274,-0.7812159679300118,0.0,6.0132265497221775,24.13957261752903,0.6427336196657356,-1.1630877567056304,-29.827704440744046,18.273133888054097,1.4351257925794287
120.9850713416026,2.9457749144770986,72.2409344850636,98.11297978322122,15.083231520240187,0.0,-18.753332542088717,49.44307043728081,0.4955379405795628,0.3310307783369637,35.073887335954744,112.21431374177509,-3.175188081637886
-27.208448087482775,0.8525952557075024,-11.095125586423647,-8.590615675103813,-4.902308739337581,0.0,-6.769896828012134,32.195363170827335,0.24495811075613771,-0.30764039883011207,29.472466052859644,16.81013300990794,-3.065356845930357
-18.74712160759102,0.3781455873702011,-7.664084265215574,-17.26061054954468,-2.059938502128949,0.0,2.3777673126302807,23.438975847581723,0.3291158795463726,0.11199152264393267,27.611319049073433,23.748715911156115,-3.397447891712671
-11.222542457366798,0.05841969839948459,-5.466455213223835,-26.739527905465394,0.2896627082225054,0.0,-3.9961565119552667,-14.398019811430725,0.7296718895351232,-2.9910250673936774,-26.737465735077834,-5.822506119760368,0.5142492690126896
29.210913691359025,1.591811494584029,-19.85210885800291,15.687598498606011,-0.3957615945352035,0.0,4.049029023795162,-9.530208481949591,0.29612765422882126,2.9097334092885574,20.760673138740724,14.685323815008346,-3.2157823871794564
-10.369334702153084,-0.15038721444091255,-4.896017618994996,-14.021369392780585,0.8405255236948505,0.0,1.2860171809099412,4.552331842653673,0.7759656922128936,-2.917442157036265,-23.341701896437808,4.481832698309251,-2.2910366386312924
-9.96147586988814,0.45503338090728224,-6.922212163863208,-12.587228713239144,-2.6873972189977193,0.0,-0.04250494252600257,-15.992924962253193,0.3800739876484957,0.07973975255458295,23.049994123060532,-17.956784111891988,-7.386133813046622
-14.422529197800133,1.2261937211765246,-8.683763665252757,10.614973031343597,-0.0805931024605585,0.0,0.4028310401580801,-19.336751884854053,0.3414856487557199,0.2856916658442342,24.757595095943124,-23.547109501002186,2.4412670445940337
-18.97388779926091,0.9346623083624108,7.204414906624112,13.970424259612493,0.2342655944181527,0.0,-0.5394522057919573,-13.506472422480725,0.6890714736315393,-3.1927846921329546,-34.00521962654815,-7.721720816892046,-3.273944249884758
-15.179137526389296,0.9912780087902463,8.505833060508408,-8.742121290933612,-1.0795798678055677,0.0,-1.3051939963410224,-15.074311394490241,0.8795021241199249,-2.6572508742568544,-27.467027519397334,-17.0310123014879,-1.6926048949859067
-15.993808926699431,2.4775871798407,-5.861413202300986,-16.713651846181662,-10.266996953447563,0.0,7.475430555810481,12.611821111053688,0.5886618652294939,-2.1170479975157876,-25.250640762817834,17.51470826239936,1.251026341699999
-11.656941406000335,0.8515148401716587,-4.793244627190808,-20.184908790278453,-0.35117990007132593,0.0,-0.30646495131406276,-10.107694567149064,0.6599729259153909,-2.4626292238085874,-21.731768266991626,-19.657086891502992,-1.607681968760629
-19.721695142829862,1.2570973838204953,-7.715084086463143,-9.773791284384277,0.09929534077131474,0.0,-0.013823464503916383,-24.93976638520169,0.32263934338051714,0.005117147506787525,24.279626755978075,-33.02799065086601,1.240894118569202
-12.90690513489066,0.9835485301298454,-5.1519134611039625,-12.469032516052177,2.3503870691589226,0.0,-2.31401377231505,-8.919255685827059,0.9146984367959122,-2.8437495747748542,-21.475732279937645,-4.732445936176838,1.521278205395683
-10.775413440140076,-0.5924362569307234,-6.958393672953663,-14.928684798196791,-2.216051022941952,0.0,2.1752811391594866,-21.53290648076156,0.32100210208272373,0.26413247228412573,27.38592158469077,-4.504871919370196,-2.521825568047862
-11.66211456833725,0.9791944852454919,-6.69220336842386,-16.589110289490574,-3.274411840636968,0.0,1.2565899166241563,21.233947142034154,0.3605565842483298,0.17945307671718128,29.05166076647446,11.807935577129244,-4.611407254402513
-17.129212031804194,1.7855773102060917,8.936230101604561,-7.543151374980784,1.3347126575149582,0.0,-1.6809894403690042,-11.56028468778248,0.9384821610641679,-2.3321054516025517,-29.460612474443728,-22.271599688853176,-2.7818877510226883
-19.541358990097013,2.784135471723315,-12.535342398892292,19.346915513217112,-3.265402137965338,0.0,2.468197544114897,44.29534320662498,0.21169985291629428,-0.15701724046933055,29.31802147870327,46.12869528472446,-4.459847945891818
27.140834561522226,3.3297650047285066,18.295489196809054,24.25290276141347,-7.75297823165393,0.0,-14.564690071865032,-6.977779890507671,0.22393636658111638,0.7788413497347206,21.892533264958413,14.008251712149152,-8.11812937284818
-17.746307613861575,1.1327998350718946,11.108287159469043,-14.573624461159808,-0.10986158180027421,0.0,-2.1211312553589305,-6.498230144424449,0.890165472170225,-5.32845454792344,-38.21221503906905,1.6561329170128523,12.643788746788283
-23.704870785109325,-4.8347745115057394,21.14913161426263,39.41496852233606,-3.6909830317149175,0.0,-7.246451574859781,-28.52144171851174,0.47582194101708897,0.2630079744177814,28.013064236268715,0.1964145391848661,-6.172164737722348
-15.353598403998603,1.2499578564237666,9.09578630847156,-11.84420100926832,-0.8849297457031651,0.0,-1.18554060984325,-9.284123622580147,0.882477851979333,-2.776289111750498,-28.24076224525684,-15.281270734992509,2.643072190676963
-11.800910955014638,0.7499773680081293,-4.7397700447137145,-12.622420588624415,-1.1936518620075844,0.0,1.135252630531929,-6.696976894469891,0.7600698349244941,-2.457236695672053,-21.286461169833625,-19.00286734891527,-1.971103475094105
-10.596564043609462,0.06750320508819198,-7.797106327137442,-14.848798303130758,2.4650818105367596,0.0,0.8319121396492429,13.958973222156857,0.3688225203387169,0.26727727489418146,31.840511307669868,12.438372768495595,-4.102928182659551
-11.994917321351414,1.155122953465382,-4.9066747598363945,-24.69118373013167,-1.3929490481023123,0.0,0.055436059911288,-7.680240299673113,0.7351934092417035,-2.675320718249776,-22.632746873598588,-18.425191685170446,0.7352945074152722
28.1116913882226,-3.9271527546469893,20.138170882754164,27.786502789384727,-1.1609179110866652,0.0,0.9829597492556301,-8.289551953225196,0.6170464149490712,0.9541505281275242,23.845275069618786,3.6744559389240465,8.090083464014985
-28.280836777942703,-0.35528367250591286,-9.667869680313167,15.310022061628723,0.09105057483603951,0.0,-0.597031793995727,13.63864514927579,0.22909534808852333,-0.020331461935056392,21.918373668151727,13.22808185690316,-3.6921572683060413
-18.214586380068404,0.7938106427824563,-6.768709632967678,-11.469785926415348,1.3701485370602857,0.0,-0.9008127750415446,-16.678879278936204,0.2928519628298842,-0.009472591551040842,23.720488424098637,-21.178930089510853,-2.417169776550829
-14.830075672307649,1.2165614333808337,6.778828410666003,-15.306241306617158,-1.42066871228416,0.0,-0.6317462171311358,-22.565881106092228,0.5134138965710651,-2.7506920243766486,-34.02611244169076,-6.91579325353879,8.69824908393102
-12.290339861885629,0.8510179026807511,-4.9706750551329,-12.68034308648839,-0.2669365484977549,0.0,0.2325094653588534,-11.48470429221527,0.7138531420056127,-2.3071567963634445,-21.21149692267162,-20.92218441650742,0.7083174837558293
-36.767212602364964,0.9355821954049237,-9.626111574626755,12.35883407158038,-0.2752118193971275,0.0,-8.12581389335977,5.211523896491171,0.32939088802531025,-0.5275622104920622,20.655084607960678,1.5878828074560665,-12.694674656283457
113.93638925338654,11.004807063257145,14.288254958444647,83.88447457961546,10.531384559612361,0.0,-1.1100345241007912,15.906519240714312,0.5729727823264803,0.6600177986473319,29.58084813286825,23.404918185950446,-2.6336393774296343
-12.68914889787035,0.6608401192599236,-5.0829901670265745,-7.122434039372448,-0.18420809839187388,0.0,0.9103937358644677,-8.738902872193307,0.8454504826400427,-2.500985699949371,-21.304639484937304,-7.586029403605215,-2.3905744695089464
30.835594348625623,2.1733565327769915,20.105850301756508,32.54754666650179,-0.657854549900346,0.0,-1.340155857425713,15.080217046991304,0.25782688615055455,0.895418137747074,23.167153900114982,24.189835092598997,-4.962485401904318
-11.15952649351722,1.2570791084656343,-7.485844740802658,-5.653886731993394,-1.993915809171199,0.0,-2.780747950142626,-9.643151282060554,0.23659242594197974,0.24044999448582097,28.74587515171706,6.987330139640167,-4.058187076480283
80.83084139900203,-1.8838508602970525,24.490755798676965,26.235312774962633,7.001038096609727,0.0,-1.8919070123103823,32.68214262746202,0.2913985998826626,1.0474817453635727,27.270835589009394,78.40959242221571,-1.9191533570278498
-11.851486686582454,1.2728742928778127,-5.380633972433286,-23.951810346104722,-0.9863648014795369,0.0,-0.6731606947998455,-7.8252442216496485,0.9184689981554414,-3.0098637572285614,-22.34201232990596,-7.645693144148054,0.6154161788967963
-29.056127895722632,0.6688318609994536,-9.307081928983582,-17.75658287163075,-0.41623398091738256,0.0,-0.3794735586080869,28.72702841125219,0.37645475013953694,-0.2902479595020995,27.722032343420757,23.558661899601407,-2.5415803497993896
94.64206014985115,7.167951594088741,12.512149303830453,61.21622861246681,-10.493933812203734,0.0,4.680900224766148,-12.819600257410134,0.24673973236480728,1.0637636796735503,19.94302166230556,55.33690375431328,7.867961466355255
24.746859859413053,1.9012422050943765,-18.70409053124138,-17.793845445273575,-3.222422784252925,0.0,-3.2927580059770283,-8.05069510081542,0.35811069688731356,1.2921115694351641,18.80932257697175,-17.354765006532343,-2.8514957205632783
-10.160622889428442,1.2625722492384113,-7.1527911227936105,-6.763015647205441,-0.2976523731824294,0.0,-0.6109416325111774,-10.488458089302222,0.3446978333286537,0.28329135881669076,28.411987255812424,-9.322905224931578,-2.929274999461126
-10.304036301905322,-0.2748750267937279,-8.058661166452628,-14.099158170295276,0.44126992904412154,0.0,-0.14472311138688446,-8.570129519173651,0.39725786879203795,2.3892898839358416,31.22073056379392,14.074137005250103,-2.962415018155883
36.793130285780805,-0.46947396042760775,15.423935697314583,-16.291770158358993,0.446269808287591,0.0,3.1538570221303206,-5.274519689130372,0.8188471281302635,-14.441856024833124,-29.559824803614287,-2.670919358867903,-2.068166758344201
-11.604488950376338,1.0628118298851428,-5.250695038644495,-23.27143314928099,-0.7255329438459021,0.0,-0.8118029472905556,-7.848975582412094,0.8703601795353327,-2.7200371821676326,-21.879058108725797,-2.20673099648771,-2.429876143891265
-18.784944690307203,2.0069516828405822,-13.575626036983758,21.11403675861441,-1.4840866635726344,0.0,3.3766042207399414,31.849231942147945,0.28789892619672197,0.03307568714217745,29.291118971892793,57.47589207795144,-4.336500846622175
-15.983879885161949,0.7233538625041152,-8.31809523204137,11.169074298028097,0.2780051853435848,0.0,0.9667375735811193,-10.47962538402782,0.32043221881646883,0.279334772677629,26.794145688348056,1.9179225911033548,-3.105839778747426
-11.935787310467598,0.6825859858532158,-4.782862104433016,-12.996704970692111,-1.9750358294411972,0.0,-0.29600767916395687,-8.093368805975992,0.6654963595536885,-2.45364176201209,-21.479674642385138,-20.54221344379465,-1.9446535795789488
-25.163967328855858,0.6931558889088455,-8.635911127135225,11.773496148729107,-0.14637142432105765,0.0,1.0171932943622441,-20.380603683669534,0.31619584326223193,-0.02703014010415765,20.592952906839365,-8.88936442311447,-3.3266480444226083
-12.455319286411733,0.012031111470347543,-5.444169277165303,-15.60971460767202,-1.3755012748546371,0.0,-0.6124273351817922,-6.623172763614109,0.8743858116948429,-4.09064404023851,-25.12600205165375,1.973455491971912,-2.1084634714887183
-28.15705647043249,-0.6624238831409651,-10.467177538308588,42.49824959582881,-0.1452704881605989,0.0,1.8344093140113364,-16.080229520465018,0.44795325683226833,-0.21667991150647534,21.740451306499537,2.6666706128602335,-5.512304123617743
-11.58363712864156,1.0571260737626385,-4.745732078655034,-11.838661136774418,0.37595565981697737,0.0,-2.846412473679382,-10.368855634880203,0.5704081548084865,-2.5698496667204234,-21.818719102602778,-24.20351358452433,0.5853432199698405
24.09092797988832,1.9167049777610508,-18.26993277404782,8.987367918255861,-0.09619826775573354,0.0,-1.1013944751371225,-13.376363684161973,0.24235094276519734,1.0295548025550583,16.407013419409466,-54.136683756743345,-2.7014856914936676
93.57344457467212,12.147905727507956,-24.63732364007253,99.40667508825905,19.844857477004332,0.0,16.612291128514823,2.7001831203334907,0.44627712493767724,2.937858628325446,24.01328842129996,3.0793508899250996,-6.285579469585943
-12.165608454104555,0.1415317021487382,-5.5096639682413135,-13.973046405840943,-1.7302362739843344,0.0,2.1135696217553255,-7.856145828656674,0.8645773275707739,-2.818934091155768,-20.66518376784846,-0.08019366503805912,-2.876176630808166
37.238566726298366,6.100484862303692,-20.919422151238457,65.2244899616385,9.750135805783028,0.0,5.4157804231908875,17.89223003220991,0.21815514662769697,0.5517525244547876,15.968320217866768,59.368063429609016,6.848533586312902
-15.306102908620232,0.6639864240075389,7.042372231057704,-14.741809980628426,-0.48337116169435723,0.0,4.275006948999273,-9.706400461643442,0.916853519589597,-3.2262053405984723,-33.64507473455308,-2.629238922289389,3.5734757344359807
-13.767132308490488,1.3832415311180835,-6.415125468550986,-22.948104036198114,17.140133485756547,0.0,-0.6477297257077976,4.803335962052904,0.866905004001395,-2.164397878290563,-25.70038027133555,11.674113621816979,2.8711021421904896
-15.689831807361267,1.7380375929157328,-5.751540503716667,-32.8303178145953,3.270226926258441,0.0,0.29624695818263136,18.05097839060143,0.504532762952323,-2.0478599261614234,-34.36334365639176,20.04809716919841,19.984953434880552
-15.119958601129458,0.8336614143762116,-5.770092471333978,12.508155974514994,-1.4973897552526136,0.0,-3.1138420835013627,-7.954074056696721,0.742579279587616,-2.988358681630497,-19.719677784552267,-30.349207401239617,1.8564774332353366
-14.493886575280522,3.502754960502432,27.440357127377567,-15.886106684406974,-0.38949069286038623,0.0,0.537473784502656,7.958172092479057,0.28451326707348773,0.25179158892569004,42.064484504341216,16.00066930469561,1.3267696090305348
-11.957442876248425,0.6800456418115248,-4.838616667562843,-22.38353399118173,-1.0958520919120085,0.0,1.47349279744663,-8.139048185109509,0.6697566054353702,-2.5109274082376527,-22.528316404384952,-17.754629230238773,-1.7219681406819105
-12.015666484123471,1.547207552175438,-5.520217019576642,-14.29918495599357,-0.12211896251428347,0.0,-2.3364286909250334,-7.23484572209557,0.9234610748380231,-3.538254935010323,-21.606622992820643,-5.166407011906475,2.4054005437008863
-14.383626794691022,-1.3094267157534538,-7.160900880390395,10.919174803422582,-2.435577149670466,0.0,0.15232168353044773,-18.741543021417858,0.2957612072370823,0.2500932239293193,23.40356592696654,-21.46330724756374,-2.892683063713257
-10.959765259857395,1.1122414390554565,-6.660027942977323,-13.325707628594534,0.22631746896236596,0.0,-0.04327148974367033,-17.952069940249295,0.3766814862770746,0.2609237776391027,24.622563614058134,-11.609896618209621,-2.888110918245828
-11.542827291924475,1.0587532158728095,-5.126255133378116,-11.028907372442816,-0.48333580683360183,0.0,0.9695939099505461,-11.010652591406672,0.7120706675006405,-2.5912406544904303,-21.019198069934813,-29.249403102564305,0.7375880916554756
-13.794259138248702,0.7696251648802199,-7.1948271311459235,10.598675945111877,-0.5757498784110266,0.0,-0.05982672375445721,-19.194733063117067,0.2796754075692152,0.24975943962395772,24.34145152335,-22.306105291588214,-2.8856294414341437
-17.410725823193864,0.9211656558507527,-10.042024511216137,24.558157873065365,0.44833074997705513,0.0,2.059011804308649,-18.418898878808683,0.34663960003205846,0.30318189165745363,22.546825991034073,-4.1250125562924636,-3.24872849401194
-15.79012483908118,3.3897837713513006,-9.35259389849036,-3.3721983057700533,-9.950192799056401,0.0,0.42917150143780486,30.54079317793764,0.21092322040926986,-1.1566621692927765,35.36147435763979,59.24129787996786,-2.529619199540221
-11.905423828761855,0.7632347320114032,-4.704163073912614,-22.28845659604287,-0.06865075567779874,0.0,0.02886198858473224,-8.323437598453651,0.6745348297196118,-2.3989492291597907,-22.482706392209938,-17.89598535372358,-1.764719949941915
27.832518173717812,1.3019977181275637,-20.459650246705596,23.328848718612324,0.7337704136004365,0.0,-4.972928181534654,-9.566122464687478,0.36518776457300134,1.744837209791634,17.43697448336028,-23.647319317319074,4.778966261534769
-15.247719199831492,1.379428467011687,-6.889321604466114,11.155098401539421,-0.0006511368226581882,0.0,-4.158524544556585,-18.892407480034812,0.30537778236796964,0.23802980159277304,23.74114497909231,-18.356373111456215,-2.6853056643715956
-10.662458071452376,0.8257188882561678,-4.849506326471201,-10.845915061899642,-1.2364734750143862,0.0,1.2198147115872506,-13.228727211543871,0.6549036335551043,-2.4244650397063907,-20.45213654992448,-34.82503568871198,-1.5925094166891738
84.85004120553107,-4.735222800602284,2.062074259883126,56.08147291692502,9.367783143097821,0.0,10.471056013185592,4.797673763951794,0.573353362167091,0.7979994556522039,19.868541507197385,27.55095233976135,4.016772142755849
-14.92811373462051,0.6241625701572433,5.863231043174365,-11.958069758398828,-0.1226297650266546,0.0,-0.2883831275770781,-10.970632124588484,0.6684787494577341,-2.2783960229389812,-26.786498415280576,-24.42788789637962,-1.7989560744366433
29.827451523332474,-1.3842000682956164,20.225991329278653,15.540569563411365,0.0765424278015102,0.0,0.560408055568059,-13.347195155389775,0.2983370717694541,0.9271653306495004,23.788463384647127,-0.6172493534375784,-6.355639130760689
-12.250425011477233,1.0037352427283137,-5.5500325564387225,-12.948247115117615,-1.0103859516843106,0.0,-0.26985812596217224,-8.504268171682307,0.850670954195431,-2.837092950810977,-21.33741229114065,-6.280069909561081,-2.3524878015720696
24.66212313959958,-1.255863663742272,-17.255801165415125,38.13756529182987,1.434737448096849,0.0,1.702705468158211,-14.665623299864391,0.3814640815947308,0.9567850693298954,14.421990911750724,-35.42408989073733,-3.4107139591291973
140.7922157146005,10.644269228823976,101.15707614226707,75.21930650164282,-11.608318835180167,0.0,-23.452473033311065,-14.723420667534427,0.4612655461443822,0.6520068467972421,31.097005548549856,-45.51205932838769,1.712594292241549
77.87814511539237,4.029262243242688,63.96957548996799,49.342734279123945,-1.2290384320805805,0.0,7.511740032394527,-22.185354810027302,0.610209624796165,1.1568067131962176,19.24813136373744,-60.5382596898464,6.609181233177428
83.67839517178076,1.1109734953104462,-21.495831252266747,60.108506802173835,0.5196869309673379,0.0,12.533682723480522,7.567096858402281,0.5893847283653785,0.7240041332523446,15.094225995661525,26.6547246802865,-5.247578740782966
-28.30199841822439,1.6101583812094398,-6.249445156107248,-17.36500163257261,0.8768139733400035,0.0,-8.345804131051556,20.222047789349045,0.3448750686267753,-0.344800744100192,25.107894260612206,9.397689410495499,-4.065348804465458
-16.421171239073132,0.34463893633726617,8.675181289808028,-12.75916447128106,-0.3499298451331506,0.0,1.6625218422757684,-12.036680898574344,0.7578130675753336,-2.5816904895862147,-27.882890665980767,-19.412937358994217,-2.349676522419997
-12.216558826452433,1.1848246599117642,-5.609048254133611,-13.169496615517831,-0.40230381759659595,0.0,1.043546401479843,-9.059700612961363,0.9097168285204073,-2.906457771197322,-21.181970325819155,-7.560535744404915,2.09747200522234
-10.871646273126913,-0.4372536836199919,-7.827224969250224,-13.989111679675482,-0.47358056373438756,0.0,0.9361376206577297,-8.851060340192355,0.4005993270807148,2.3991737353185565,31.178543931994806,14.002278295686276,-2.754073720070122
-10.340014045237032,5.583137600581017,-9.160444092191085,-16.265301106087687,0.565453946063669,0.0,18.189498789553763,37.80127557236807,0.3927612095208756,0.251611208749552,38.55854659347808,18.130822173378665,-1.950500887991685
-15.371451283809446,0.5553816470156362,-8.569769772633723,12.345090203736685,0.10818264196432852,0.0,2.112708848972834,-14.707552162361232,0.24784876086002947,0.25018671140935667,26.827196689135327,-6.8965032473754615,-4.305293653368829
-10.575642330349387,-0.8030378364591135,-9.041505945763578,-17.91304476016667,22.262319397255073,0.0,2.79303156664495,-6.0906640032683175,0.38586497071187237,0.2625117804733403,31.058511932759256,3.0679207641191923,2.9951671159760465
-14.444485976133869,1.3650056736049212,-4.794282906377996,-15.134352735074083,-5.21804219562942,0.0,-6.83007397542936,8.227283716003123,0.8247838104492535,-1.4735283632025573,-26.691946745091194,8.43643032657062,-0.576841493846311
-15.150446358210845,0.9996381456514244,-4.983547704484581,-14.201946975810031,-1.0455355489870202,0.0,1.1563585936281575,-7.0798758270747655,-15.088406809240068,0.6895538171789789,-26.43268123901306,-3.560521609821972,-2.702497669941499
53.98053637909259,1.1188226321286232,-23.1924518093999,50.17128476871231,-1.3182519117761164,0.0,4.611210006937865,-11.93356636926404,0.3698267848594617,1.491187090673368,15.327752583331279,-22.581984561465813,-2.6137638427604135
-11.401225016371182,0.7558875760906277,-4.764124595533881,-19.772143758808138,-0.791193159484089,0.0,-2.6603368622715124,-6.915920890130705,0.5903258520890419,-2.4330893593741836,-24.327425681381303,-20.457530326269755,-1.3788363039851077
-12.304228604268905,-0.32377684696360753,-4.7373084482376395,-13.412194514227545,0.06758482533632347,0.0,-1.5530155272863109,-20.143419708548752,0.6738516801795709,-2.7212060998041165,-22.770821987990445,-3.7087345806518512,-1.7827932221654486
-16.3702291125686,0.5717279151364577,8.18572037982159,-13.147775810370128,-0.8784013659271405,0.0,3.19613366385988,-7.917028268953801,0.8787568290623355,-2.95479326537404,-27.711848829706444,-6.861806574476872,-2.7263291602195516
-10.131960309003903,1.3801190392331741,-7.3566312496182595,-16.09931376067165,-3.3241742850190357,0.0,-0.6768225327431252,8.523248283378429,0.42669282607948233,0.21197752537934245,30.71014887081988,11.55271258121477,-3.5194434039374856
-10.477612363461754,1.4354687751719764,-6.334060506140049,-7.85581830934381,-0.3816588376576305,0.0,-1.8956193777534305,-18.018734219350975,0.27650676741076674,0.26790170585428597,25.623217912210993,-29.01429457610271,-2.444363484660243
-10.159774815836355,0.5876324623600372,-6.532362648964854,-12.45132614418556,-0.8604369585129346,0.0,-0.2462757637943021,-19.901898054490363,0.3070133791728897,-0.1487334369011123,25.794458974393088,-19.247442434304634,-7.185863535141025
-16.160641149893276,1.0771770564829224,-6.582156595751793,-15.957428830650779,0.33961465915826483,0.0,-0.8448925339920981,22.23161398718734,0.6415144484738362,4.978870015791618,-23.075467257027327,30.88901142811267,-3.9066880576800647
-14.968489934987772,1.0117759535237016,-5.733760352617016,11.500141694409264,-0.7249578407211046,0.0,1.9360138016586177,-12.183673737854985,0.6235943239705911,-2.8294944518335616,-21.29322470536117,-32.33677670970474,0.6426661263383247
-18.95532187604054,0.3656059566033869,10.673181498662528,-18.754311388553,11.20876788498517,0.0,4.41197457251254,13.160315976870475,0.9150445523312652,-2.0278134069953073,-36.41622239023969,15.374715211664489,-2.9308413551849535
-16.5004221482348,2.016477954118194,-8.316789225329623,12.701208479041991,-0.3105241746588565,0.0,0.5148224583679841,-20.856860430511176,0.3024877861512944,0.26715247954090865,23.023404543778287,-8.206549381462292,-2.520469990930717
-14.917181014281487,1.4485812923121788,-6.301009865164974,-18.20684175352366,-2.9772133945172947,0.0,-0.6477735082777581,24.629560342849665,0.6835672766784695,-2.0285007885190893,-28.166197121453806,20.03803349336566,-3.280206319272432
-17.699004477338043,0.5920575144850623,-13.530045365421719,20.484637800430328,-0.5572834591798203,0.0,4.4777712443534226,48.45019186453455,0.1889492229015966,0.1711832180446889,27.576933794000237,44.36579687231629,-3.5544973787961944
-17.922842894693837,2.453152134504077,-8.796491691462508,15.074287792956932,-2.6227204260638097,0.0,-1.6023098211563036,19.39663337184155,0.20025934355797192,0.17789250115090047,24.709234445105988,6.465302817291916,-3.5651438488727694
22.962108600273623,0.290758233444972,-20.53913698647144,65.46430816431398,11.252039325607386,0.0,11.527876014102603,14.740868853952694,0.2636943068983466,0.6047323220647224,19.985387478002824,62.97038500684351,49.731647141764945
64.25399410600461,7.10707115078487,-20.85517602961928,31.86103617696177,-5.258554768183945,0.0,4.5511413963996965,27.80909225836824,0.42577372877278896,0.7862133290318339,18.7555603421242,39.47903087388314,-4.4264886698239225
-19.80989655994082,0.25063098303783904,9.186044018342448,-15.93613912005938,0.23200721691016765,0.0,-2.0479184501666805,2.215835014369873,0.7704764093345218,-3.9028427660806293,-37.012026188513,25.61873745781583,-2.422282447922538
-24.661799032123312,-6.718718718476926,-4.577511060208555,50.077155204724725,-1.8915583010398316,0.0,-4.4452106987401585,-16.77001385349128,-21.044079672546488,0.23082294396757322,-26.113167005549187,-9.159826462668002,-8.133821775224758
27.926377540956363,4.48271428723997,-21.321831898315438,11.545630987159397,0.031174257122936356,0.0,-1.6632855201086716,-7.6263550229413175,0.22752810321260492,1.3717545399927042,18.764002466063573,1.537742474552409,5.614512155344241
-13.830397628873644,0.7617988026879847,-7.235769101210124,10.646271211130689,0.1893107794620542,0.0,1.6316370339088389,-17.12496155690978,0.29905827854888956,0.2428323925952844,23.80521481570166,-25.650594118372844,-2.860649658917659
-10.035437664922156,1.3729849902196416,-8.706792643330429,-14.06542590117933,-0.9117119457951659,0.0,-3.659853466072149,-25.135913691880067,0.36432138803496705,0.5771224329237487,28.3448878655595,0.37213720857895,2.353638562332697
27.796581170776008,-2.1657676205631455,-17.555338822952994,-14.264194012126072,-0.42046851092436616,0.0,-2.9286336325116755,-21.79260551357923,0.16840686933858426,1.4129867858008462,20.666590265561663,-8.815494876824168,-3.266805147280824
-17.884467470543772,1.2768339096738632,-5.457158988612991,-13.223303019182902,1.812512262348609,0.0,-2.556798587188669,23.39813133402229,0.3242875445580049,-2.006429558780538,-32.288059531953564,19.637671901872356,14.460577578286658
-12.284943346445086,1.06323341306022,-5.505246763900792,-16.282227292790562,4.406005227939722,0.0,-1.4068245490649713,-9.425757584771551,0.9158639191536292,-2.834667711215943,-20.611563493245786,-7.240230104558252,1.9614348960717976
-10.436752650028888,0.21960940269403062,-7.475414742583965,-19.66624340691544,12.744761896017259,0.0,0.9601884912561699,7.787376931245867,0.37760470043198263,0.15684581279693102,28.113628366449817,8.762209556373483,-3.2431368860182856
-10.772990272566505,0.8123815562026235,-4.889200339207296,-10.278521057451563,-1.5101131064592874,0.0,-2.9332990257157503,-11.942486599735417,0.6541476502421141,-2.4097347395930737,-20.91722817845986,-33.36591660506561,-1.5008981406852486
-21.921889894746577,-0.3098901889738612,-7.024053346008128,-13.902707082438653,1.162395374416276,0.0,1.4416460610170627,-6.591726091447175,0.36342284381783097,-0.0011162486021632828,23.719570368119797,1.512433833773086,-3.6378510487894156
-10.774205944278487,1.5569030886337765,-6.132715306778371,-14.21446151068322,-1.9481591508936216,0.0,-1.509123130916871,14.998403175495572,0.37402707365380855,-0.08427266322309893,27.90919706649299,2.7565625574659434,-3.1765290573496894
-10.59867308761736,0.9373427913016741,-6.274824616121958,-7.1735103432913565,0.4898982428896865,0.0,0.14982841747003758,-16.885007040638282,0.31213875946770586,0.23480666573562298,25.8622798711696,-21.609768067865925,-2.59756525151974
68.160450785025,16.803394440763665,33.940448308196444,81.45687509765578,7.105938609296793,0.0,-1.7936141118587523,-3.3481009452903985,0.5734957182476751,0.7109168755478494,24.68759213160838,51.58262065441308,36.346087390870075
-15.977290760043049,1.614556047438336,7.670392907599736,-24.69082787964271,0.47583176719735465,0.0,3.104552907740467,-8.86256034815691,0.7797046927122947,-2.6696784342259505,-28.21508930869849,-19.122988114289694,2.7888388657199856
-16.274451914671815,0.8069186147974111,10.382152249686905,-16.50560338687537,-1.1706975680244174,0.0,2.7344123407655485,-20.910300542702263,0.795884492890417,-3.133384974803093,-33.70209919623316,-2.586787794749157,2.093516762699963
-15.461137308177662,0.6356208318358607,-12.322669191012412,12.034633687023407,2.529800820729764,0.0,-1.9617887971100245,-19.57027803548099,0.34480041878768586,0.10295417777148481,21.96890899141869,-5.1868918143398615,-3.644487451181055
-16.625243822555998,3.386650795183795,-8.78704522021854,14.758966378142274,-2.6117270483879085,0.0,2.372763239816067,-20.507494813089092,0.20942951902317927,0.26735291303214914,25.26517002011586,1.0408520435461164,-2.4432541606807336
-12.409360568139524,0.8715484668900317,-5.352164547681373,-13.896408187735203,-0.13878393281057705,0.0,-0.9183139720365502,-8.988882763587062,0.915236224266099,-2.834229253011595,-24.39391326512485,-3.69972475993068,1.354550463868237
-11.580373616152013,0.7902894710967201,-4.741651401440835,-22.27356942013975,-1.0611833163272943,0.0,-0.6746830163932757,-7.10340944578442,0.765107530821429,-2.5219270150663653,-21.02397448743925,-12.2840897128301,-1.8427693451707863
-8.595514751951358,0.8444421327379867,-7.285782350390564,-7.7272324872108795,-2.1735942827897516,0.0,1.3164829395447184,1.6806062179646528,0.32512497840721916,0.18722130180276003,29.836696935245172,-3.123554863391742,-3.3096837008288533
-11.79080546630242,-0.4263689888034171,-7.483225842040919,-6.395018620623811,-0.47750859495855913,0.0,-1.454635240880627,9.041810017391851,0.3139336846831844,0.1920680064365736,29.519222823838398,14.16501371004591,-3.190607842295329
-15.970500604959538,0.06945717317850646,-7.920833068890887,12.224997301048694,0.09039877049213663,0.0,-1.0000178044605228,-21.221036897488357,0.32497827364224124,0.27384460860069937,22.914588646599338,-9.14962668857158,-3.0046018542453847
-11.10583110957607,0.3528495226475496,-6.690375513501743,-12.344810363617444,0.365960963990229,0.0,-1.7663186365980357,-18.15645368059949,0.374825689361053,0.3018566821986333,24.689413684233283,-10.022804338383478,-3.1623953351008045
-15.288630510330051,3.8145484321470273,-3.371064504751136,-15.151247963433605,2.986773679333032,0.0,-15.752279585399878,20.147672380024442,0.5591755391372771,-1.1873174412059007,-23.491023010174967,14.322781927238545,-2.258055787873935
27.295246789233754,-0.35748248867986976,-18.749337810473232,-10.854424445704888,-0.9504759551795584,0.0,-1.3515161393715835,-11.494428625475745,0.30668621617740294,1.2891525631112175,19.174273842649225,-10.87582543672616,-2.7968163179597094
-14.727066632479277,0.14139889637142078,-5.335696166818832,-16.15053943387341,-1.4635707267100468,0.0,-0.4231631338104878,0.07306871703055058,0.7738464635242253,-2.447764171380321,-24.092678925232637,18.266031755482704,-2.895027785734332
-11.946629679516972,0.6089885562383669,-4.783985187524029,-23.211506495277547,12.949780061769358,0.0,0.12699540700268236,-5.07217754748145,0.7853112674097096,-2.406262977952378,-20.84071808618887,-20.746763642040854,-2.1247655935478136
58.29276626531381,-2.3365966476106403,-23.30319366277755,52.4608264899585,-2.5538667115170286,0.0,6.718656895991934,-11.268113931194003,0.3809232891620806,1.5882821507171874,15.735400456336432,-29.977268232717382,-5.661860328318214
-14.82630714617952,0.26671318964228213,-6.713152432364623,-20.114209056923663,-0.8076827473613366,0.0,1.5526849251684238,26.619831267463766,0.623237744750643,-1.7440552875084505,-30.49513606993669,19.85665656872028,-2.180633354508882
-13.378482496556419,1.538489671899191,-4.889687699760591,-14.868727953881386,1.2161609954609267,0.0,-2.535046406330922,-6.447002987077897,0.6368396041950606,-2.6969861502450962,-21.35188249285937,-7.61419851135817,0.22667032062647227
-15.81661497426176,2.6716774118287447,-8.596477170568225,20.56753163313416,-2.862502916832384,0.0,-1.7904321053120043,13.085434241010764,0.2575085258745949,0.19901892922890274,24.851444774171874,14.202200494945025,-3.549679026341091
-11.015781523793287,0.9006871747709475,-4.92712438226788,-15.93076397151734,11.78846397102436,0.0,-2.071606106457101,-9.19579942905753,0.7432952431265709,-2.5498744318172766,-22.833711680992263,-27.672981520800256,0.7831357679742924
73.87574718235513,-9.647771277853158,26.366722078754556,20.071894406700476,8.245269711474139,0.0,1.0162639027451172,-14.077401559261402,0.40544014813325846,1.4860182009830707,25.450461902157667,-15.21695756031778,7.465399720023623
-11.095455355322569,1.0356689287037382,-7.918675930267452,-17.976993199265905,1.1854513605786474,0.0,-1.8676191597080412,39.685587837944546,0.34717998126004845,0.19715593666791695,34.09643524472148,38.507474537215,-2.8266266064046888
-24.133757766243587,0.548209739162491,-7.724221102707299,-8.213288458670217,-0.41467926242546854,0.0,-1.3547437805301812,7.387560826143876,0.29643773902141946,0.07162137510340706,25.829037686166306,12.968856752135288,-3.374281398440436
31.717671507799515,4.776239436859918,21.907231154997415,18.740708871796702,-2.124170264675806,0.0,-4.46768553989475,-18.39537001003656,0.2632814950252566,0.8790826896485491,25.185124928515442,-10.346980592536152,-5.033508308195068
-13.915349232078288,0.03284782045213443,6.756894602256052,-13.777355217085617,-2.3099589539736063,0.0,-2.633113316451279,-16.779374216686914,0.6753257989296424,-2.9201693920607164,-30.185274541739517,-5.071174651636356,-1.869276216399682
-11.512435254372754,0.16156163183121416,-5.023801772853418,-13.731141829383656,1.6328883665378722,0.0,-0.810463419940887,-11.38776018137391,0.6791021069853153,-2.8340722084908827,-24.86958199456902,-1.586512543188688,-1.9397739178844977
-17.01081294382522,1.4686372735903452,-11.03739520008607,8.687303201405273,0.49841215704427677,0.0,0.09430931050604442,-9.835973164820711,0.28949988667716486,0.32259484746281075,25.374228569202664,2.905629863472968,4.178769277109275
-12.353656377706344,0.8270975348792611,-4.946207875825213,-12.453623027195057,-0.5749855477326455,0.0,0.8271803320122525,-15.570715827467664,0.7328660660412785,-2.4091847299720057,-22.41136488917945,-22.999103804440946,0.31972070033699573
-24.184730572119456,1.180238811979638,-13.565621271290016,76.8900340785538,0.6211160041060908,0.0,-2.6101363107312507,12.323784449470335,-10.22850696901496,-0.19851968385316113,-25.70429643860174,56.2447590814174,26.992280742504352
-11.767558540765263,1.3502502041254012,-7.102777204037671,-4.843157283177722,-1.4270910161297468,0.0,-7.10671798916569,-10.214601781421036,0.2445263222294086,0.4215765891607594,28.21995427367725,14.05688114656519,-5.2889050777188515
-11.972657801287468,1.8488156515130432,-7.507195797787761,-10.187159858104565,-2.2108100940938473,0.0,0.29852007611306564,-23.52942324203823,0.21816985711791448,0.26414672294904107,27.375908580801255,-3.164940247458959,-2.079141088435208
-13.042078568886344,0.21278611836551795,-5.476519531763751,-14.438608443378758,-0.0022472709230225416,0.0,2.343299333134577,-5.877538822170792,0.8722225934620972,-4.096811613468993,-26.423921219783225,5.053046198489657,-2.2642195125747104
30.185785452959625,-0.29714799647594414,21.253653157937002,-9.4045153611005,0.6217076726761787,0.0,-3.17047430298789,-15.575156467663984,0.2970816131531255,0.9290381332787381,26.21503512928213,-12.11560777455465,-6.90106919730562
48.268767383677364,10.70303431507521,27.728495412271677,60.431843145195955,-1.6443111598835112,0.0,-11.972115805403778,-16.291388295713308,0.4698694550379183,-32.36012012871865,-33.96186927471741,-74.06126730746571,-5.353667959204425
-20.37205441683165,0.653583086726105,-7.809938777522346,-17.007578280725514,0.7393108516538132,0.0,-0.1622732334323227,23.87890926581349,0.33227587051934043,-0.3251029134586204,27.243750135714244,20.060186931411547,-3.498519213896617
-15.849550086683355,-0.8005534622004591,-5.464114254647469,-16.129690991805887,-0.2566730355393789,0.0,0.9895880283097008,12.408659931725818,0.7775120572915392,-1.7354672581298658,-28.030894520535366,18.358209036339936,-2.603532095563676
-19.965263325372668,1.1591363763572433,-13.379048972531164,25.25887285483947,-1.1943904251032826,0.0,-1.5013216460799028,29.121843911531673,0.2628349226269172,0.2115249528062722,25.006745092283147,23.153364497358936,-5.342626991512541
-10.098613332496631,2.886749269958873,-7.358944454318056,-8.78770984902459,-1.72190626171607,0.0,-3.6405747747764132,25.12212802120644,0.2444056809922419,-0.049589827413606104,31.90481839882239,16.642026950707667,-4.076589264108904
-15.044736203919003,-1.272440460453633,9.341169747265756,-19.343103543561288,29.27290611348256,0.0,9.476013954272965,-3.4491800043853686,0.8039524431723318,-3.4317021236830683,-42.04648405754179,-0.9102252476360815,0.8938536915414484
-16.706676103016626,-0.15423034051457324,-9.573630229353375,15.358176678140799,0.2783698565879099,0.0,0.7442889667599785,14.176332211236375,0.2352161387442108,0.38177019237558635,25.068351432219778,12.780545237182402,-3.5366348669508993
-18.86280749554753,3.7560183057325345,-9.67156987936277,28.559985942702063,0.37575448896768804,0.0,3.464909254319463,-15.545877941450339,0.24071797634964695,0.24637905578764602,23.95503945092127,-1.3013177850339548,-3.6864017094358252
-20.202882057643194,-0.5647172065020181,-7.023678200971471,-13.268861679261683,-0.8591430454152353,0.0,-0.9312499817808747,-8.687796165236373,0.37817326052149236,0.1418409870664719,24.701754223675124,-10.614173904218244,-3.1103532389667694
-27.29960450952508,-1.4270866864106142,15.5924332396809,-7.862735815432535,-0.8074650076858625,0.0,1.8390852925279333,-15.010379031792331,-15.65543379353074,0.31173751477100303,-36.117167424141,-13.895913968577746,0.7697134506989916
-11.179697195320989,0.48216829107500303,-6.602210175713603,-7.560858480030958,0.39154496876716294,0.0,-0.7678661816339717,-18.08865114308417,0.28424545847366645,0.2418192030644767,25.70393793295435,-27.24135116858497,-2.1616751497382585
-14.072879824091476,0.8297603535819038,6.087670561931415,-12.608960041059927,-0.7900515029236844,0.0,-2.0084347458172958,-11.932772487670944,0.6577952964503523,-2.54535942526937,-26.797863291059578,-22.93284628979109,-1.679300608535299
-13.909927850036958,0.23109174289408904,-8.618189223440673,15.22420163771401,1.6217240541716529,0.0,-2.2522274697230458,-10.430309176467004,0.32671094720371985,0.6708600033203678,26.305532519763105,-2.624082985044761,-3.5362108940349346
56.425851915079924,-2.4756257314718337,-22.77692377891416,53.161178728997676,-0.24378424059882214,0.0,11.91760619285243,-13.014852786776586,0.3716432986094345,1.4557007769701418,13.581164676552362,-23.76691954328918,-3.4045368586938536
37.855878101010646,1.4455795148304489,-19.90215995165516,29.71637260804045,-1.5896922511992508,0.0,2.7752305268822766,1.9206281296280996,0.2726602928155054,1.0434541561430235,17.853333049503494,30.381280739422905,-4.018810794967607
-12.275433934707154,0.772334946571959,-3.696047883453229,-11.448484770625655,0.7844743875228226,0.0,1.5115629569951519,-7.7769822102479,0.9029291604378115,-2.660035234979185,-20.073610403179526,-5.4606955636215995,11.725775376885768
-9.570290609920171,0.8017343071583929,-6.768745042960207,-15.241441949783354,-0.24210536354193996,0.0,0.25151167366733684,1.964534393831047,0.3227740819585096,0.2116969082625618,27.63350185313468,2.2027821366783775,-3.306509523618084
30.494065485366114,5.379515611908492,-24.858469267773657,18.963084595322385,2.048190700260173,0.0,3.4562855983472973,11.511666997770783,0.22798346103082576,0.6569169609128538,21.194969186392743,27.648898123830577,7.093693954506072
72.33154384401575,2.2172964743836476,43.26298213807485,54.13636560959065,-2.6349660040258027,0.0,-4.209811134662284,-25.754629670540314,0.6170116714879756,1.0680521685975752,20.3022649656942,-45.91286792502014,5.982514451679834
50.72671548537256,5.689809635433665,64.82221520704645,21.167679942981955,-2.61019386708497,0.0,-1.4437321343502905,22.420496079967418,0.2987596492829497,0.3991859173683592,26.296309093126524,21.369239603989644,-6.379449833940682
-12.553248411050129,-3.1987607605840753,-4.827863598942791,-8.31001204872348,-0.5337383762295824,0.0,-3.702679384653533,-8.498883216968206,0.845539613229853,-2.598224980632352,-21.918779180805455,-1.6337127131859697,-2.3359889759965493
-16.653149181877755,0.12642588255076068,7.711459197071652,-11.37476701272699,0.5759010911590058,0.0,1.4615170548903507,-9.275817862867182,0.8625813648982511,-4.407969468445958,-29.24420947870257,2.2925604765216714,-2.136255120098134
-11.837677792413567,1.2210470881399031,-5.01571555476228,-13.001719962288579,0.1855622685267503,0.0,-1.2921927452519388,-10.7454226463198,0.7167759350701195,-2.4104269994696006,-21.25069099699512,-22.872135737912206,0.9175145164715905
-16.64834022701513,0.2960485808674911,-6.473805038217536,-16.72899780466441,-2.428625273358137,0.0,1.4737294720684655,-18.406975558961435,0.17604393509853047,-0.283539624561369,25.841901647279467,-20.836903833381605,22.20089342068137
29.694404013826393,3.114446991725921,24.091386047239595,23.776102482845385,-6.837960288860159,0.0,-8.618528061859093,14.87831189243789,0.2777906100057941,0.4676232827937367,24.072688908638256,48.884800661591356,-6.751568682327413
-12.297967958992379,0.9159686201916183,-4.960719522817945,-12.188199812301267,-0.2299117992933659,0.0,-1.1257063109590009,-11.93616448738373,0.7759316017353503,-2.2744630153163925,-21.126896878113563,-18.012402427723643,-2.268186311826748
-10.11677863518599,0.6246215638201925,-6.399575312718784,-11.530893834846514,0.5156444543683115,0.0,-1.1418119880691893,-17.284687066475122,0.31070544783816095,0.2524553711944116,26.631106718515554,-20.522522988312918,-2.1970727313386558
-15.469990132776843,0.9006447010275405,-10.880381738545495,11.155648519749864,0.12076835240093846,0.0,1.6227496904812042,-20.213784602286474,0.37540154357424715,0.3116756102439934,23.266287810961117,-20.381448729772927,3.1476024557124216
28.357292201660318,0.31239534337213143,-20.317900744142452,25.04685545541757,-0.5732732991426297,0.0,1.1720552421720076,-11.955817002842391,0.36075885336352914,1.3543234129728716,17.061990919462293,-18.339409215448136,4.672329225889121
-15.264467938493821,0.2597111552917796,-5.30214598718625,-29.525246691572615,0.0032763347393315696,0.0,-2.2746631756281657,3.559994298018241,0.7895424126450202,-2.067091601328041,-29.578047611691797,19.198803181153664,-2.3127070857311343
-15.436021994976228,1.3369384145026508,-5.086807614012098,-15.761821992249976,1.533310652477269,0.0,0.7284152958184503,-1.5633421869066615,0.846015254573803,-2.393454470287276,-25.12958694051784,16.250128745774823,4.300498238920267
24.71903414939793,3.6133872570308334,18.391450747585502,37.71367809828532,-7.964704708828135,0.0,-3.619475224671749,2.9196465009615564,0.33182979909469323,0.3588350585683891,20.248463500565716,28.18264310559051,-6.919783837376548
-15.353265713788963,0.32150111477354537,6.732064937418038,-26.318536851515567,11.631148699436812,0.0,1.981646639399554,-8.074195393432943,0.8999400943456995,-4.279470407848371,-32.82137854115106,3.8350727476799262,-2.2936632629352336
-17.731870702610795,0.4316689520416459,-4.5576147446425335,-23.58510936348631,-0.6425853979712063,0.0,3.6543711025633456,-7.7066575858865916,0.6835142049861723,-0.6264058448182913,-21.863043752856697,-16.920785055262186,-1.7463567741637154
-12.374102070270144,0.7175188929010585,-4.908990675987064,-12.850785773895254,-0.07599876024156324,0.0,1.380594008139898,-7.99179402289839,0.6713098310051965,-2.249901543942251,-21.85600939830878,-19.67254261228389,-2.070851450504834
-10.751315736456545,1.1025072363776593,-6.424681513038018,-13.085003347210868,-1.1027927096775725,0.0,0.5385816005768768,-15.840625829560446,0.37726059303103626,0.32923659911627495,25.214927348816623,-11.39493519349486,-3.0437218765146365
23.835844059790425,1.98669299052786,-17.344160684032918,38.501049997733936,-0.9242479591894933,0.0,3.077595356569986,-13.888065046397852,0.37398087864860646,0.9626264715212735,14.503093130667725,-36.31531350326797,-3.6231151861548763
-12.621364056482545,0.37779710932146265,-5.360128414368714,-13.490439328910002,-1.9620677694008493,0.0,-1.0162794833338595,-6.866096080588195,0.8620564154529856,-2.867240581262912,-23.22027614902606,-4.901220968512951,-2.255738723299607
-12.006554509032222,0.4736949025899301,-5.069013849039311,-17.41345132884302,-2.514998997682672,0.0,2.834845716781857,-5.523268196947997,0.8641743463396959,-3.1456896684251374,-22.66472827992811,-3.2818859633690978,-2.500865968432676
-11.609876046976806,1.0940149570135678,-5.080562620246404,-13.802556838147046,-0.9695466602709999,0.0,1.4872781070343288,-9.66856145284653,0.6875408955699143,-2.672295004694895,-23.564603645602855,-23.672072299386283,0.7757455178739382
-10.49977511274189,0.6955308273130835,-7.232178787335478,-15.320883938300907,-3.494803850200231,0.0,-0.48415846729166057,8.500666521736116,0.4150426435660511,0.1908435806853531,30.692004047994665,8.905117384049806,-3.219618761877242
-14.649294790954059,1.852156046625004,-5.792698465711555,11.719186565139834,15.923624240356942,0.0,-3.0935239998398862,-10.517885535602279,0.759731491116179,-2.79583594334025,-22.227434391530466,-30.54005258019496,2.2754263286068963
30.79432776546691,-5.629094838043956,-20.645030644112932,42.32507427554874,6.691366601679424,0.0,-7.560230567663632,-17.752134714935217,0.3952722814842257,0.5982756195963921,14.807734240722855,3.420950083885932,-7.788550646452066
37.586016041507406,5.071474422451591,-19.20789449178846,14.271357026756787,-0.03821363337090237,0.0,15.212285673834595,-15.009806128331341,0.24035410320092715,1.412310402815816,21.870139733643775,-2.838727106614856,-1.4704426343506825
-12.21756354867499,0.7433641661828253,-5.001501382557405,-21.735662421395325,-0.6786558000007421,0.0,1.0787820541252668,-10.988139984782105,0.6781871621920499,-2.333153810447697,-22.075260962031198,-19.602113725422964,-0.04169177167664407
25.204192583407465,-0.779866211382058,-15.206271334397508,12.27382613555405,-0.37885618540444704,0.0,-0.8075908773215483,-16.123140486907875,0.28499338444542244,1.2701420602298623,17.92899532864354,-24.67445687763583,-3.438287624967227
-11.852107209886505,0.6555851989117527,-5.148802169745338,-22.767154390264196,-1.8984264712941554,0.0,-0.893681641513217,-7.61139433120617,0.8711978619646175,-2.7086160298343676,-21.322115416469586,-8.595591865475821,-1.9449504426484892
29.23488247118447,-0.34981085175552273,13.461410341212042,35.496292102454554,-3.063947298866908,0.0,0.7892713434384998,-17.42813942215353,0.5254348513246164,0.7034711109714488,16.947654870335935,-19.169776505528514,-7.685666397919502
52.49691456615212,-12.37421174845054,39.90786192250895,38.75252894162904,-13.482413325593708,0.0,23.13638455453338,-3.8785017707526883,0.5700577735111866,0.6788396599676799,20.899250407318537,41.743140137490656,13.466322421099196
-15.987270141990091,0.9527412204904627,-4.6273182653649,-17.80694893210812,0.49736305735212477,0.0,-0.15451484511111307,20.045520541419787,0.6093198295868727,-1.7071016048698562,-26.971452004571592,29.649277742217578,-2.152380910482692
-12.367014046636248,0.9451962916236502,-16.56979296135722,-15.161577470742015,-1.0716957862346908,0.0,-1.828750522420672,-17.958891451521684,0.559435024339713,-2.3900537951452554,-23.038320300548104,-7.460969659845874,1.2949279295931986
-9.517235975936277,0.22744131483366584,-7.09012441442044,-17.867579298664797,-2.6837544627013106,0.0,0.6592516672194209,-8.85054324426695,0.3837404009195479,1.511827454233784,27.109765435582236,0.10076970120831077,-3.4224186583892027
-20.39451377221207,1.920272359045401,-8.051787438472635,-18.848424459262716,-4.133462384784277,0.0,-1.3457238247689332,8.453771490619612,0.3792625777244468,0.03862522217225966,25.356329653307487,-7.540551471803092,-3.2013301252281683
-15.179391038592811,0.07077344341886391,-4.8534391416948495,-29.166373667051023,-1.2197253751897317,0.0,0.057377881881035465,11.177335324726107,0.7770943268591045,-2.2776933575888676,-29.01477755114307,19.122888488578347,-2.7730147779386662
64.65934103844913,15.784819009492187,20.286047666095794,156.43011666151432,10.713889401545822,0.0,25.45299613067507,-14.956805130911325,0.597564845081085,1.3957901932703363,38.88169809068703,-40.16329012750257,3.866646230273457
-11.850916450368837,0.3605546466202442,-5.0365876776712115,-12.56907572755231,-0.847313857285381,0.0,0.7837779188007336,-11.401007867362702,0.8422703693457841,-2.4940394763906863,-19.737599272737157,-11.489576928918853,-2.2910174178809375
-14.704447020953689,1.4629850316443003,-12.134702715522707,12.198591927815833,2.2297614474911054,0.0,-3.2313581537003104,3.8543760016699986,0.22705903129547467,0.28139221421266725,29.761904102738445,-0.24473039647563402,-3.123857911161121
182.80271749025846,-0.7255080700394171,59.36830737746241,121.0015331053532,0.599660340040159,0.0,-0.3062085020253186,-17.950395791884013,0.6760889706560825,0.8194695866512657,32.51674312028493,20.843068313732513,11.040912913954331
26.45495653797747,2.125265738969925,-18.15296031538323,24.882869768896683,0.11458313586634289,0.0,-4.4199272419768185,-13.228902879148517,0.3077550261708447,1.2669920034428044,15.927766200172206,-19.57194895271212,-3.6560137845689473
-10.8570775414917,1.0715770114826175,-9.275721961428088,-17.184120340402263,-2.04573602703012,0.0,0.5382419721313062,25.622067716709516,0.40614271776323063,0.1584868971575528,31.965699519966478,27.578923290673256,-2.7748782345480474
-11.780718697430745,0.839965379141582,-4.788767204156655,-18.46522466690315,1.0189196298633476,0.0,-1.3341323850233433,-9.704270601849542,0.6596485772096257,-2.4310754049660064,-21.4961211444239,-18.844581497191367,-2.9918281330256273
-17.833340321427976,-0.23007738660589316,-9.595655703712419,15.642512004479991,-0.5923799992586857,0.0,0.051754512497804314,18.059554718512203,0.23377252779928462,0.2090164361468744,28.270303328518807,18.58867294778341,-3.5295628580554133
113.05146521449372,2.23464387336945,63.65468419591743,70.6475354121482,-1.0628921225156487,0.0,10.523371592187484,-27.642265629313513,0.4664028717275457,1.2531531621778638,27.207684540502278,-20.443036680622388,-5.8617110069396485
-22.98318308557585,-0.8044493137223512,-9.63528150947925,-21.33960752796992,-3.897440774724506,0.0,1.4500349453664756,35.329576027796016,0.40644627856441917,0.05941804109000101,29.293719174179447,15.450808775958027,-3.909031918905116
29.385157221430447,2.307894840107175,-21.339300000153752,45.43324535766901,-1.2221285804713096,0.0,7.186930712092499,21.766994841213133,0.27705052817477704,0.36054384988704263,15.186091020519875,25.396702275033476,-8.87501503579513
-20.899320917802545,0.9174518122567046,-7.074143887962112,-13.753560287465278,-0.12964050289223603,0.0,0.4650047708811534,-17.29676537565612,0.37556254496507085,-0.0011938075995038117,22.132110600574876,-6.922554023324762,-3.1281642700145493
-10.410531072675457,-0.8771039558982573,-7.24367031733831,-14.242192231613464,6.052377554112528,0.0,-4.734193096219815,-12.45623798057091,0.32175735820301254,0.2332369652341569,30.88635153700652,0.03280974267859934,-2.1470827178691954
-14.343189499156592,0.7134079504405425,20.841072863166715,-7.384821599007273,-0.13307007466149998,0.0,-0.6345938851286566,-28.21043735621991,0.35017430010088285,0.24884530247806286,32.57737925463339,-27.209775515263356,-3.0601471798790016
22.780512012207616,-5.210990282218264,-18.86831756306302,44.45519292956724,-2.8334581277849384,0.0,-5.3239252635898815,-16.164317408059905,0.4345960564005397,0.878802126203453,14.456857009531689,-41.64084183049997,-4.4876626007966625
-11.358743214173192,1.3669396308892923,-5.22077686183896,-22.13142537452714,-0.46823506211009785,0.0,-0.06732388471008749,-12.539276246876708,0.8324432710194191,-2.5943299991176625,-21.979356932896554,-20.333767231226442,-0.014806270108922713
-12.24216825511343,-0.5608693298998653,-7.388825295821355,-14.375725089091885,1.992200910265511,0.0,0.11751786746495932,-3.0141955705757946,0.34870636538027966,0.8114196248932312,28.105281237762558,21.374558338951932,-3.38766057399244
-16.734126404189162,3.5396909233163587,-6.552606686904119,16.136612154068995,-0.5171549826652307,0.0,0.8908193899260763,-13.371357391605022,0.6131358143434561,-3.0071791130470804,-25.062984133818,-4.9963908015093645,1.060171471401516
-15.318716793496948,0.4414379781664125,-4.927353098544958,-16.572660131365954,2.5795100507204474,0.0,0.27693577271545056,10.87346693113299,0.8292222691577794,-1.6093059568169497,-26.613182393242997,16.544665413757084,-2.050741375183039
-14.941582208160197,2.7761237284114126,-6.146766390289907,-12.695730444163528,-2.093321080467338,0.0,-5.866738897701005,-11.53430626248519,0.896730933623994,-2.1228979936982237,-24.280070714059526,2.373894739676153,-0.12204499734857191
29.711946816106266,1.9140951634209882,-18.69429117294947,12.70034179121159,-1.0181116932527559,0.0,2.237858605943437,-16.61906311374937,0.2869743461604728,1.2962898698421943,16.91435723011069,-14.345317991632166,-3.176197532722182
-15.287974206996077,1.284172152186342,-5.542534454179647,-14.895543620762929,-3.9510366738361284,0.0,2.572180257406202,7.994086979930905,0.8269563557068227,-1.7730091399909214,-27.164463004990367,13.060955607501375,1.5134074451229882
28.677690425395603,3.5259769623508825,34.956853199887824,-12.081264003509418,0.06612145425223154,0.0,4.250322732932897,25.23017679971456,0.17352244726815108,0.31157831847190864,35.39131023045983,32.2710369619594,10.617456469985964
-20.18905482486036,0.9688275306613551,-7.081939628006297,-14.437500998474638,-0.5913143290715577,0.0,-0.13482661508690677,-9.579781023384816,0.37849844851085135,0.15314247523839644,24.986637155090452,-8.569321027378745,-2.998750969606896
-14.743196882708952,0.8500055712136125,5.591338781154809,-13.551719469425667,-2.3150675474456266,0.0,-3.192392431272246,-9.58990099439245,0.7188816931640689,-2.585978778325259,-28.619034586247288,-16.491897480068957,1.9250655891424717
-11.625289181406652,0.7640488875583462,-4.770319408235654,-12.326431055096224,-1.042348473700371,0.0,0.7913437811909356,-9.250341043398368,0.651051252395642,-2.4221532580228953,-20.98672721378921,-24.222038002069922,-1.8079203096573113
-15.477504635594494,2.5634698793287956,-4.79518047662626,-14.593195811701644,-12.638172031409944,0.0,0.8117772018088878,14.183466831197837,0.5997368312137856,-0.7530921885422174,-24.910703487568533,-4.19050719928176,-3.0600328954986145
-10.749176552067519,0.9021981793972854,-7.161715502082408,-17.133895909785732,-3.393963860506713,0.0,2.594777055823987,22.68554509952129,0.331011042106256,0.18064718961504814,31.402705685375913,16.469958501319734,-3.1044022726779135
28.042857943866863,2.309042274673045,26.878968140244467,25.619325684646068,7.742830804401381,0.0,-3.3672807650531285,-17.40798739748761,0.3253190017773902,0.9668528321623696,25.87878996261458,-16.269439338650095,7.806970909762672
-17.098785310091284,1.0333800831053264,51.09846993609433,22.284968149282754,1.4013623467661291,0.0,-5.096833975635997,58.49363357863171,0.3055037929119177,0.36349207904643116,40.26622463871731,22.353065597958253,-1.7498920949735126
-16.044483448060774,1.4034700124933008,-6.5720774711051275,-19.21671929228987,0.23519792226992314,0.0,-0.233463053801729,26.068796851898156,0.6557521001134679,-1.7775670192491444,-28.70378739138727,44.98201700169106,-3.068822519822285
42.8754791841764,10.510665689256381,20.344071801941944,-55.954841653676986,20.268184040211707,0.0,3.314076013389411,22.507450893883338,0.5608844998947556,-12.154061364024598,-35.94360423560974,58.089998675608086,-3.7285061530777335
62.76186671480881,4.742713584997265,47.695190390769206,63.22263045667001,-15.03429393739271,0.0,-23.59225810577546,-32.99592824660349,0.23520469661557078,1.2138508630176081,24.138021867247414,-17.047182783911403,-2.6097322749365155
-11.822615657666699,0.8686490739411775,-4.708706400434974,-12.044611475379584,-1.0605139107671453,0.0,-2.9394007374030124,-9.458359960493365,0.6551365899066097,-2.4437705688201308,-21.418678379034972,-22.057230831760776,-1.5895071519720758
-10.957979127090315,0.13008190042896361,-7.373039140904569,-9.188176697024328,-2.4735438001130654,0.0,3.1478057618265343,-25.558492359880596,0.21008641303129066,0.284814564063716,27.517780894733505,-3.8464516355303973,-2.3846370864375546
-19.680713213026593,1.6226035830162024,-8.520153996371887,-9.756998420947056,1.8675249281391775,0.0,-0.9509013908767385,-8.408099064145562,0.27204139281120315,1.3642249175806986,32.409681748771135,9.212196882787355,21.17991020464192
-17.716231529510353,1.5646451864339115,6.088383721337825,-21.229763865020196,-0.7607543255982171,0.0,-0.495542489926704,-7.624190599991026,-13.571722834997509,0.2430097407663747,-31.003125451705646,-23.140591243147643,-0.7649417264371421
-21.25459355342708,2.3597426253480736,-16.63114710487272,29.916775989122858,-11.617616603370168,0.0,27.229054566046837,-0.14943459882326304,0.520732458343519,-1.2975413199596464,-25.821955867899543,61.078001273432236,2.30442267372297
28.485065646383553,-0.9093336775675682,-18.789116339281186,12.90905644465805,1.2078454284979878,0.0,1.4703753006474864,-14.189193460753293,0.28293502897588474,1.2502274736824803,17.125092065070938,-13.697366022616407,-3.5211594379133264
-20.052656497091046,1.3566891618153596,-8.410580316543488,-13.408908821821305,-0.41389427724702554,0.0,6.269541985576406,-12.94081084347191,0.3751597188646347,0.2607922357150321,23.612729433918528,-31.26466766927762,2.94608083559569
60.51155502490174,-7.35840250044013,15.643864478909844,39.04064193765714,3.4757223061258498,0.0,7.01913492618871,-13.973451607258726,0.5549649643844158,1.3409705712159454,18.158161892443935,-59.01908260788272,4.377581874624777
-19.471595609035873,0.3923586652354143,-6.633598348665252,-21.025271343909957,-0.8677517759113884,0.0,0.9868495061459287,-14.864955929485623,0.3245501844516828,0.13573740907593987,24.710543421436896,-19.195278306039746,-3.064761205529523
-12.163103701228087,0.5368747910852463,-4.770314402727943,-12.405065953969226,-0.16829144159749865,0.0,1.6595651534332496,-9.814395537002412,0.6587950224575576,-2.237295587744371,-21.021047215873317,-23.192270946859953,-1.5789258165492432
-18.69875451600076,0.4823642338713023,-10.236978110892103,13.742697696790753,0.5752837177586858,0.0,0.9520401349027915,-2.7431745286422293,0.23046249963438242,0.41410082395220715,23.19328070080264,19.6742486754403,-4.1048503867447
-11.29033443229806,0.4497141984269063,-5.098393178001225,-25.580984411990695,-2.854817828763121,0.0,0.9032078447771068,0.27543670756519334,0.7793105243386873,-2.7824828000690807,-26.680864145501573,-1.8059277236830347,-2.5545428786903406
26.186555687114023,-0.703453193729084,-20.987615636135786,12.744580872718293,5.214176934086245,0.0,2.6581291765535267,-13.695481312331312,0.2827548662988842,1.286480486542355,18.33298856112316,-14.434440353221492,-2.7535431393210805
99.21940873524989,4.592762315043678,22.282188665746837,77.07389576892587,-4.950186134620172,0.0,-5.409859346559742,-20.10086059910925,0.4688975061787278,1.6065067572661111,27.412641490729907,-39.539458130705874,18.258272846615856
-19.194253166504758,1.1576267378376948,-13.843202658197429,20.63359080246964,0.4485248214903242,0.0,0.9991194129616496,40.4049548100383,0.19283344032292232,0.12629594907230432,27.463491480867503,49.89104234503905,-3.5812610315392024
-11.372625388521104,0.12160486202790129,-8.623314074251613,-13.959149436788238,0.10921939219703469,0.0,1.1611566032071452,-10.191278499107716,0.4389995349784982,0.30207460349211523,28.444847439012957,-4.934061588710829,2.782317188216426
-21.059027477912778,-4.553509915264082,-11.152003118955934,35.73754041413303,5.087545374088598,0.0,7.594388613847913,24.385039775938594,0.5310731975426735,3.217431749265534,-30.527783787906454,119.96211736768903,8.470359238334455
-16.219569765176182,0.8285239557901485,-4.803361678112318,12.123805316875778,-0.009486638654540953,0.0,1.3624246422068529,-10.171432616159032,0.6424763234800276,-2.5112219784246674,-23.151729746915784,-25.838172594912322,-2.237859068150579
-14.76838303651613,-0.6528640845486247,-5.109908804185257,-15.973320922925963,-0.2983587462851123,0.0,0.4963561766909694,9.012789646337072,0.776115683187004,-2.3383563243454955,-24.290333604964516,15.952431866272386,-2.4092776495141512
-20.748006139241962,0.09728158371366265,-7.098115584935396,-13.460952591098007,-0.1446229825020826,0.0,-1.9614890175771273,-18.814773713998196,0.36375919546218816,-0.2620436019436384,22.120049869595157,-5.214005880108631,-3.1809375479494078
-11.430441589723065,0.8500408717495507,-7.07979182226953,-23.94719613015992,-0.30031278298611896,0.0,0.12834486216301552,21.87072807780096,0.33100601220504794,0.2010105758884842,33.93703266108177,14.52464338379755,-4.300516760429909
-12.296551928747737,0.5826619275130853,-5.247239269655293,-11.023896808986036,0.6127420958863014,0.0,0.5458671099622846,-12.716082534649251,0.772418366865433,-2.4130309246347132,-21.17856783940408,-17.027785439797583,-2.156808468033556
-21.122858864747457,0.5033177925973824,-7.079362088187353,-13.06308450008365,0.1159504438350766,0.0,-2.7284299638229945,-19.062576110869134,0.3328041991118949,-0.31860051398196654,21.770027466710776,-5.616207068324629,-7.138210144505746
-11.82371277631536,1.3479818251338194,-5.165476263787212,-24.454690252031696,-1.4208343937073966,0.0,0.4187855543263421,-6.646505338691413,0.887215054864239,-2.950619062219205,-22.71379429424606,-11.64486213057714,0.735964903626149
-15.614146261140846,1.3098591990546196,-5.2539059150436,-16.975199237048542,-0.47411417107070325,0.0,-1.3233853706305514,17.9068186882477,0.6151463646352096,-1.7545337185859395,-26.63399717146692,20.292344679929762,-3.4043449650355404
-17.10269040252099,1.8851582684575414,-7.741305865817502,-20.773916904857888,-0.2943883747437762,0.0,1.1634128499094218,28.408861621461735,0.6599071084019028,-1.7232704497419915,-29.004530414094646,41.185967586690715,-2.33884322558765
-16.427606904512643,2.6106177844886522,-4.708521988615063,-13.77562304953772,0.7851556266345312,0.0,-2.4255476691735702,-10.439973666191264,-11.152333359377927,0.33674937619175244,-24.921368149006693,-3.2495595731305706,5.323419160315574
-13.558091130134695,1.385387853501193,-4.785032486462368,-16.170009475656876,1.7174672666100277,0.0,4.692534987611218,5.471803268762831,0.7499219274595508,-1.8596023935481316,-25.949564170825237,11.70057356229144,-2.4848941987503617
-10.673077753182515,0.42677030882866857,-6.884467756805226,-16.466555917793965,-1.9874443840239995,0.0,1.1186888620759643,13.933013923386676,0.37119476608288904,0.16330630674746968,31.607644987955048,18.474482751497412,-3.28338483347835
-12.14731605370096,0.7614624224555717,-4.874680352329934,-8.750134555968291,-1.0109451518710908,0.0,-1.867179594508644,-10.967080567733614,0.768367615804121,-2.5112734425730605,-20.53870269266108,-12.894665710994003,-2.528050045647496
-17.927365379951503,-0.2327187072796331,-7.617037025470236,-15.200237453391962,-1.3227477335968787,0.0,0.20231603506555296,22.590173532839724,0.6419411729279492,-1.657257179510113,-26.66753171163188,30.942626798802827,-2.1421451176044015
-20.548775606384297,0.19480322757950722,7.764195436477944,-20.13422233981921,-1.3609112835930903,0.0,2.609252891829427,-11.932868946610007,0.9304815432025317,-3.901557943839589,-27.842669618595004,-11.058879935318336,11.027029271374845
-14.387267489095375,1.9391092535830112,-5.96600003085385,-32.56812587700887,-0.9998721749726808,0.0,-1.4763830026466962,5.347164844302148,0.771225058459935,-1.8156680218452417,-28.486643619125246,10.184875527380456,-0.6922442889104022
-14.908982931036615,0.2781269365709332,6.410309113855395,-14.965497365638786,-1.4609202468676776,0.0,-5.837534915195144,-20.676765481784077,0.7294243913723287,-2.700946398595608,-33.10729284710089,-2.259812221696623,1.3425097183992603
27.787497533146716,2.436026192671613,7.632105032069781,21.874589722492093,-0.21021273904446064,0.0,1.754554860359029,-12.693053668169862,0.33865704019554055,0.818382261030891,21.107554119572715,-50.17120920969549,5.461727350265809
-9.573383979338292,2.152831337678628,-9.717996627647992,-14.25102584739875,0.6252367004963463,0.0,-4.299388186784126,23.182880501297838,0.34171543559222234,0.1831207303419522,33.103396339158124,15.807662011438818,-3.560486929201322
-11.550761236513093,0.13095748666412665,-5.290719937008123,-15.527906363750635,8.399970497507612,0.0,0.8277416299241721,-8.9800180318697,0.8923764968114555,-2.680713883027891,-19.682059962098396,-5.819777016359401,-2.4565595155223723
-13.161025618972486,-0.04016074692197172,-5.004705400800141,-12.65346595102038,-1.4753747765325358,0.0,0.6011476062248623,-8.358007541654562,0.6609508467893361,-2.3305369263240223,-21.233348225139007,-16.16207758852758,-1.7967402052879422
-12.688344642923141,0.8168840767923297,-5.303999946572795,-24.640126756537153,-0.8324379592628774,0.0,-0.2319524232717992,-19.195668082273,0.5437847135467618,-2.5440660412118805,-26.71988468425808,-5.904247261979565,11.765440999313991
-16.278681357219806,3.2521423858962617,-5.458177665987673,-18.006898622353003,0.7327217020384492,0.0,-3.49336936483887,18.468030795648474,0.6527633689692868,-1.9158872165022627,-27.456090081411,33.446252277678894,-1.7476682322231591
-14.887905172690374,-0.5760635882164554,-5.392526215178555,-16.365291499426796,2.5647389152849565,0.0,6.638114389492702,2.294013769133887,0.7612751310654806,-3.046148185543532,-25.684964892972264,19.300738155932013,-2.740869191234866
-25.539395971476143,3.709844594564504,-7.893460014000061,64.13908044476055,-3.579044757362422,0.0,5.208146708844119,22.69174249275708,0.4729883962127375,-1.7439612017792965,-20.462731294757557,43.03039952325551,-8.061750173192486
-10.954784229421323,1.9749428155849493,-8.095439298759695,-16.25404957282756,2.6915497012379754,0.0,-0.01831745894958924,14.710739477337315,0.38827213197307353,0.5433986310835663,33.63661544823697,21.996169742248014,-3.4283445788765414
-14.776338722700284,1.1682101364087578,-5.778595510167991,11.603510750598218,-0.39151610183606583,0.0,1.972480836533043,-12.21295264201138,0.6235038247990089,-2.8220602035460423,-21.319225367958932,-32.994051008704716,0.5708481754066792
-12.042318421639836,0.80117144505276,-4.901029204463639,-11.150933692489351,0.37668350312363386,0.0,-2.3595544947605442,-11.096753581859575,0.6576222764634404,-2.3620067565200524,-21.039882188895174,-20.225665824277637,-1.5733050843032905
-14.599873181417076,-0.21842391198523162,-5.77091524094586,-28.056736610039177,-2.0245140926627294,0.0,1.15158951006612,1.9989175898333027,0.761412239405919,-2.479195315862976,-27.25297966663591,16.618640723149774,-2.7523907448341616
-19.91834230732605,0.6904245043737811,-7.046353683524089,-10.070737983936178,-2.079840063561835,0.0,-1.5878639910078172,-17.886274425938453,0.2873008595961985,-0.4701381911086205,23.25146632228677,-12.85135936871379,-7.509688119161399
34.77897160936234,3.0883469465076527,-18.46258496007756,12.00304766022303,-1.9215977497897825,0.0,8.850603611810962,-19.58306464435426,0.24694562228757883,1.3129934361758018,19.7629515483175,-20.50909959219009,-1.6256254670955437
25.210864086784415,1.289663662480196,-18.108295092268932,9.671379843072724,-1.0407360786571378,0.0,0.31569510305663256,-15.628772985189048,0.2672583217148157,0.9992439224484161,15.150503613947574,-38.34408053306389,-2.373660096116477
95.83778326342639,14.214157239648625,67.31630369415609,56.213727770213815,-3.486096273428293,0.0,-6.016563245715896,0.7628843789335837,0.4561073798698095,0.54524364344953,23.118647537412514,31.090141495414475,9.523679074702045
-29.812176385384006,1.9049058495006348,-12.012774994116734,-10.228711937817314,9.912322315837095,0.0,4.832467563474805,52.52106251140199,0.1996327203958521,0.05317363851920935,30.6595228819786,42.88289931090004,-3.9585880972762912
-10.906869503614871,1.0348448643224324,-12.06679693384849,-14.100455707697352,2.129912342913693,0.0,0.24240956554619197,-5.682955092208278,0.42738621483486544,0.3399922454133395,29.386705902126153,-0.7775093246701624,3.853728283274153
-11.111733316399206,0.21307475586561203,-7.565501942220199,-13.702570455557325,-1.0793793380724803,0.0,0.8136493021016529,-17.212983957181216,0.3689827282323522,0.15783213063451862,23.23693341678515,-8.798318029016855,-6.982220151949219
-11.223753956217815,0.9436155316563667,-6.727374174508424,-7.466375370339941,0.8577399894126382,0.0,1.2418708578105098,-21.382951220629877,0.3011592362813494,0.2631248131813593,25.452777807177934,-23.21777728028529,-2.121176879564314
-15.430459614754112,0.791723319491465,-7.705046166844614,18.394481313717556,-1.4140366836205898,0.0,2.532353811814602,-19.220955615963025,0.30576168691308353,0.19448956044323115,22.465136151890288,-34.215319154251404,-2.775894989734556
-16.181645054387896,1.2527840588888832,-4.878283934529146,-21.211757017934143,2.4571101292198714,0.0,16.495915548128952,-2.7781809306281104,0.5962038681683999,8.09955056700695,-31.718669511342984,52.996852257896606,2.6889969926084576
24.518382007517516,2.36890636689026,-18.811481066286298,23.039836270585013,0.8629292669158631,0.0,-4.829553759064965,-8.533132669092561,0.3115362150510012,1.384235464003638,16.91082408413056,-11.077505632148311,-4.621975110105574
26.262528833655768,3.596014507171929,-21.710763028214963,30.723267155470403,3.3887599169685645,0.0,-0.7811246240820984,17.594947175774692,0.19868295916966733,0.7614330157940125,17.544534118574504,22.407634140219958,-4.445266192778419
-11.652542189368754,-0.29379665753700157,-5.597392721719306,-27.41067379843114,1.3215347954591021,0.0,-0.35022320051912853,-13.32063631498111,0.7290809937714112,-3.0118047041810176,-26.792498690141887,-4.010718760222927,1.0418966904057696
-10.39255043123139,0.675376344594281,-7.968484636358283,-16.196918332001772,0.5612199066059697,0.0,0.795588306976588,22.695475941193116,0.33534982574251193,0.19513225839092288,32.308235217324885,18.097091489111456,-3.9945814107790474
-20.667952342904695,0.2973969057880746,-7.857629808382692,-13.418371204499906,4.6897371660158855,0.0,-1.5767794575741643,-30.768642004082714,0.14362668534644513,-0.6333634854212155,38.16699779234987,-4.78044874476988,25.39120552924092
-15.71498815555712,0.9809164473640903,-5.411274733396478,-15.01731573896812,0.6474190317509291,0.0,-0.836223091113735,9.001076369225792,0.7685657144538792,0.4285698519740246,-25.393262798007903,9.466384243770207,-4.018655839046254
-14.712330547122555,1.13808251173556,8.4841524761651,-26.17516769648613,1.208777139169837,0.0,4.944564267105359,-0.29338008094793927,0.8707935182787706,-3.0453055189404363,-40.75755969267609,-3.0943275190186785,3.8968971211325862
-10.476011514168643,1.0676775622819683,-6.8721252382873494,-13.570883098957253,-0.35673285070838673,0.0,-3.073217083803988,-15.493603446602242,0.3842851275101378,0.3037852889516332,25.66808806181942,-6.002336203289721,-3.160254934575135
-10.627059240333645,0.06840574756233293,-6.8992024774379335,-13.557011956007637,-1.2260764889955227,0.0,1.572817554827987,-16.264524128210613,0.31392994549252246,0.2578542804479896,25.637776121017914,-22.409323053682293,-2.7063825645567663
-25.393748268331546,1.4627825446056457,-8.089378630491217,13.615987817423443,-1.4067070729752609,0.0,-3.767950410172141,-15.300975821764874,0.30225803910121884,-0.028123890974714502,20.843012274903128,-2.7961280760350125,-3.1521203373335442
-11.453980188925728,0.21357789090494833,-6.633102355576031,-12.684420765272865,0.3171988702048835,0.0,-0.0362380587098258,-18.526109030172922,0.3746607799085816,0.283480255904178,24.729293125614387,-10.07208558374612,-2.7487021289935702
-20.66182432430711,0.4293761976813223,-7.898957766775712,-22.87485457160606,-2.8828741827080164,0.0,-1.8477924839022422,-9.456645912466229,0.38213361562757964,0.5687587297713995,25.977558088609523,-7.059795512269219,-3.57596818065058
-10.318374546153626,-0.051646042055351254,-7.576676047411917,-16.307851185396633,-0.36139927630331503,0.0,-2.971784834350583,6.126448504992886,0.41840445880819976,0.05597420853054468,30.430941989856816,6.757348474949038,-4.560628352534018
36.51147548130622,1.9116562119768126,-19.972961426864945,29.147123773644648,-1.091745673176633,0.0,7.047025261842127,26.043146367370205,0.201077707238212,1.5505564164784673,18.660263007443373,32.18706199780049,-2.704953711904141
-21.142883368136708,0.5658365993413842,-7.018380952066816,-19.295486841612608,2.3927222737877525,0.0,-3.996259389084691,-18.324853773243326,0.3690856378625917,0.23140013767773343,24.388592482274337,-6.654163578038986,-5.040660668941073
-11.311375803634943,0.933382777991938,-5.432586523186656,-25.752289868304377,-1.418523746845131,0.0,-2.6890570588267133,-17.06046564908024,0.7323069709064167,-2.9925725665191187,-24.462160706352055,-6.005570941798053,0.5170814445453493
28.87217144525739,-1.5449591113685182,-20.192054252737755,24.75040653327039,-1.367562396433483,0.0,0.8362226406385848,-16.359335696122173,0.43496959010881603,1.4436585377543572,19.17071334125657,-3.4869853289129784,2.3660570234983687
-11.630516081382286,1.2675110598352417,-5.014651507764277,-12.092020071857162,-0.7969012418550318,0.0,2.6847757398159837,-10.842502925186919,0.5336003449402733,-2.4864478355966537,-21.054102352132574,-32.44229615180227,0.7652580523612116
-23.216923388549215,0.35938504402430965,-6.908508957594399,-6.764653985535268,-1.0830245012343593,0.0,2.8369088111246668,-18.352814062505175,0.21962219986360526,-0.2695583739742701,22.2243398118108,-2.2660131696729895,-4.192368104966219
-11.719768571619799,0.2788557106520906,-4.246784473960286,-13.487095237533492,0.2785020447249674,0.0,3.9708351596815192,-7.086460229761964,0.8274952330084857,-2.926057148663065,-25.00663435218432,-5.848470481589743,-2.82488296132076
-21.257265301066187,1.5003235001507143,-7.551757669221322,19.4295643949473,1.2630901607903962,0.0,-2.7664320803866955,-15.32597569199878,0.21081181791172535,-0.2218215142233419,20.666889485983564,-32.50442714902591,-2.9658088699488685
27.918124654534797,1.9739817007034177,-24.095404166063002,17.922662565136562,-3.4374138917956993,0.0,10.876826960820747,39.17324653746542,0.2918809778223745,0.5944612307956004,20.106110659841484,33.27981798833221,-3.8665237463579145
-12.420496633436498,0.4805660981248376,-5.386327550556177,-13.162950142665892,0.1514838759651728,0.0,0.7947066198000191,-6.85446149212097,0.8644448474282648,-2.6164830543494455,-23.600628525624654,-5.02449164115889,-2.7499211010299134
-12.029830404858387,-0.42384443714292863,-7.753855670679032,-15.121700658231713,-2.0225901418119085,0.0,0.5603948763360344,-3.3343896588122743,0.3504173262197507,0.42492982971562915,27.694929063029495,18.598241960174338,-3.50038157298292
-10.674471878560125,0.19948067753888807,-6.700472028231462,-13.225774614593249,0.34102889313248147,0.0,-1.7132162703714788,-18.148282615493095,0.37083008825678077,0.27186370981928615,24.641318459168605,-7.555519739895276,-3.028285068432566
-10.716113377235118,0.11865070645570153,-8.536817846201622,-14.251288686481901,0.006360634515233976,0.0,1.0016736805206583,-9.574809382176161,0.4387995310588003,0.3245504502920876,29.147718683294052,-6.519225459521435,2.779035896711805
32.1371403640298,-17.875930146901812,6.580564122550728,66.27136664641854,-10.668708828410638,0.0,61.009438080330064,12.410609146712982,0.3112151053612629,0.9537429962209246,23.411452120653642,99.48325057158208,30.462650814717346
-13.147210415186942,-0.12904542712255804,-5.28877567331438,-13.646524882479746,0.9518724455680991,0.0,1.1558116214501701,-6.011467136558308,0.8694043388519146,-4.180783650848274,-26.219422314868577,6.431681905215986,-2.136064606198229
-12.963610298411512,0.05894440128747052,-5.303030410457495,-24.255169582914586,-2.59850444678498,0.0,1.3765426138496766,-5.755427496252079,0.8702988682118209,-4.159686748177061,-25.709768249594124,6.016816846872229,-1.8003768208687916
54.76519457938602,5.032130851906445,12.463375614907864,45.12789096167588,-3.6097139693296016,0.0,-8.26670372309769,-11.927570748765264,0.4829211015854413,1.3540868664189283,18.290469185393523,-27.99358127602275,-4.479950659833253
-14.031465686287683,0.8806416290032871,-7.714243293977822,9.559404664186065,0.1799851283343491,0.0,1.9515627514931575,-18.666477871262032,0.2764401247033921,0.21840112583719878,23.372487924022845,-33.443769227377274,-2.339587283724307
-9.825863926395916,0.7057592998800764,-6.741526800035861,-12.816531254166772,-0.16967851596346828,0.0,0.06059104394488491,-9.962647591702275,0.38219962150967157,0.28503539947669326,27.992160333396157,-8.243984340211806,-2.8775499032291747
94.4389992680768,29.902378215075025,42.3018107752852,95.9184547406772,2.6959547017035295,0.0,5.311867381667438,1.449461715797051,0.5561591382866631,1.2796332283003566,30.856866834313774,3.764163593084087,3.442471363670696
33.56162134378951,-1.2946448357541143,-21.05619132085054,14.851408456560723,0.041370063492646166,0.0,4.4381188222001695,18.24956417493531,0.20181519922218943,0.6826265054011721,19.90631735740012,15.612805339280987,-2.6716768070446184
25.893562392443677,2.793405441395745,-18.023279092651034,10.715839319988545,2.1602337428750302,0.0,4.4489676328249494,-15.793620131830128,0.2676168996450515,1.0267406833825303,17.74959693077801,-36.624853778267855,-3.0379082829633646
-11.936221172387572,0.9294616506352855,-8.150905447861948,-9.340733589654347,-2.669851057737312,0.0,1.6592301554162967,34.24421652567243,0.24001689214005012,0.15318043892632302,34.15133866347827,28.78247881945382,-2.4230507043037304
-12.173074200078892,0.5940905194575331,-4.947634291163917,-11.608459276670368,-0.30351112886363335,0.0,1.295078925222858,-8.807722636701836,0.6565895064754497,-2.385521726956559,-21.05167996874586,-22.513964377947858,-1.8113755997071508
-11.820582477232607,0.4674770519743702,-5.4671897636153535,-23.04602047106387,-1.643964668464795,0.0,-0.06203292735078179,-6.86773851706866,0.8580078593444764,-2.7522526340494355,-22.01954738731581,-0.9949714813535666,-1.874854408867664
-12.00890872880506,-0.05044173899307578,-4.959794053278562,-13.824074333292682,-1.8079115989808767,0.0,-4.073418394314569,-15.899517083088558,0.6863039673585132,-2.638465334207908,-23.393193156736913,-5.675383023464279,-1.5452819208986777
-11.372082371149071,0.5716786730666111,-5.174216458176082,-24.241613913989873,-2.1824387154633906,0.0,0.8203110378266262,-5.279117011432592,0.8656329473854301,-3.2038194837280956,-23.581609542965246,-5.104648352064185,-2.103801969522458
-12.06488121462844,2.0836893176509195,-5.520000136221513,-14.54161598589531,-1.844150458626197,0.0,3.683372243229351,-13.870480564458799,0.6842809738360826,-2.819361159918841,-22.837749444022247,-4.644770251612974,-2.0407112474042086
25.48206728829728,-0.44565472706717396,-18.497691155459897,20.129453197655657,2.1392135197449638,0.0,-3.652918375162906,-12.578567298027536,0.34879136377729025,1.1322854297734357,17.136578081787935,-36.49390979512257,3.820532626195292
-11.683149540811943,0.8845998651085486,-5.4631654690711295,-12.484047295542979,0.8638036920453857,0.0,-1.4114576492633666,-7.972870323832931,0.8646799666352581,-2.6903488714046144,-21.24144610463239,0.23712698533379867,-2.745438836225789
75.50831499877148,3.187369279508062,35.01284483416678,47.23470925667516,-3.682134668110557,0.0,-14.381420142490025,-21.808523629639023,0.5868788195073799,1.4846144955665814,22.661291884494524,-10.838013118384556,-1.4509223417568513
29.072949562599405,-1.1033708730756566,-19.77499865919651,12.866773535501709,2.290901247479093,0.0,2.3140686268848087,-13.559029438506714,0.28382262844275846,1.3841729833295426,18.194799148001366,-5.945978745855257,-3.5117628965022023
-12.124327244845112,0.583508958874028,-5.412871462034545,-13.32180898547918,-2.123066875096995,0.0,-2.632532892682071,-5.756489101286834,0.8747945864810898,-4.101495719316231,-24.815832225180095,2.7341275913448215,-2.1709379331614884
-11.375883259431662,0.08383104927293447,-6.337548566464528,-13.089882202032841,-1.0660786116621883,0.0,2.3907922786105944,-15.469662979126664,0.33714928249030246,0.25406059246870644,27.35638787046074,5.148571508751663,-3.8546241580151808
-14.678692018152057,0.6941306091299989,5.853210408657389,-12.338807230573586,-0.013070906603085323,0.0,-0.19492431853551098,-11.750896274261471,0.6592595720264964,-2.3351462315010343,-26.88701076790742,-22.841223100321958,-1.873134928434454
90.58525190319448,12.635989407354538,47.82702084378756,56.472067190283674,6.149451496379926,0.0,7.539549662719511,32.190139041453946,0.711541808448392,0.9841415350039863,23.231127147671653,63.82420555310632,-7.416738742484574
-21.099848057994723,1.610456364845592,9.461710092405411,12.912178833602175,-0.40683342418075263,0.0,-1.2002854484671195,-12.76623006222158,1.0193811594744397,-3.258001597331825,-35.35123715065484,-10.706257270469685,-3.8744157346889008
-12.050219396227225,0.36844589196752503,-5.595002197884134,-15.286118379740284,-0.8088676266264899,0.0,2.0064085886678784,-17.273580516640656,0.7314511504997606,-2.789974635161694,-23.70514085649285,-4.18359110809153,0.9859261078493061
-10.80861489334405,0.7276273309840672,-6.286283750198415,-7.046013169351789,0.5473480801348076,0.0,-0.39052413836254296,-15.933278558720547,0.3001437898618982,0.22786358443256036,26.353278705358274,-22.656591107326367,-2.6011229572907077
-12.936150038524744,-2.045732631309671,-4.7353018769287925,-8.212162476235534,-0.26293418403332947,0.0,-3.6260857764218004,-10.48426190837445,0.6578276850972814,-2.4059325853892135,-22.060488615901964,-19.84119122132779,-1.1524849957897358
88.60846090158601,3.7848044113786177,16.642423709263756,71.57215560412871,8.480047966642298,0.0,3.559588292896706,-26.73204779994939,0.4851555988861664,1.3092523861177696,25.655994608236984,-39.113917678415305,-5.016637431858932
-11.854230556833253,1.049681498740827,-5.07796224009186,-12.534470650309267,-0.44397694643556984,0.0,0.05768410699074913,-11.112410649247488,0.7153658769910597,-2.5651265787933295,-21.24680564092731,-22.56536921172774,1.0165527861367374
-10.288144277485102,0.07060731077877205,-6.6497840432526685,-13.97092038781623,-0.3758186607158583,0.0,0.7188684560542705,-9.700144769361,0.38936216411391344,0.2887442297346004,27.904096139930346,-6.618776758943147,-3.0333640737739818
25.471367670335933,2.0021265567568416,-17.72754943740168,9.76468544102924,0.11224562303232967,0.0,-4.063681882803009,-13.288579725988434,0.24433478663539698,1.0395787386743236,16.64852356840304,-44.22149687780381,-2.4878531978848404
-10.562428328270569,0.5074456404816235,-4.8662196452251205,-9.952672995654881,-0.3833948841355347,0.0,0.8866264136269187,-19.82621033045846,0.6515221533935165,-2.375941963647438,-20.99481819340768,-32.44036798597017,-1.5529126009183543
-14.011433789282904,1.1797845654327217,-4.782683579197894,-19.048654115317785,-1.3168140842894092,0.0,8.998309698728766,-16.75873068880691,0.5600351414100397,-4.044908544314257,-27.02668861214008,-6.700916200124757,11.323513190611218
-11.251114159995247,0.11560586431121551,-6.929333036113448,-15.749332645929108,1.1695847704055882,0.0,-2.268600486184189,17.18579999733472,0.3718269049931183,0.5050345835221498,31.491237107080188,18.373283797413585,-3.0356111915377637
-12.121499022189395,0.4963149191660623,-5.206592899322212,-9.951246436569509,-0.7961128711671991,0.0,2.6208420921015163,-18.41371794387263,0.5784842643306546,-2.8427363040624862,-23.217113944292876,-4.083732369832869,-1.6070558600571707
-16.089072221493115,-0.4801280486324622,31.198832080769733,-16.572269239348653,0.8513366044123809,0.0,-0.021744147203166007,-8.970440225620251,0.4184655635015439,0.9432927317973155,37.4236758864321,30.409983290422186,-3.5244579646394447
-16.050316191932072,-1.1663070413556527,-6.615916409231005,-16.169155707715955,8.712170612628132,0.0,8.960039209744664,-7.116506002582825,0.9010335176032068,-2.178116851307474,-25.675767902311183,29.877481839367544,6.336322572967646
-13.33051032461996,1.0771111412436496,-5.291042367601298,-12.45293217593304,0.2219655427056629,0.0,-0.8329535654246724,-7.1687634463834256,0.7343418131195256,-2.545224320395059,-26.29951179982468,-5.608245841304413,12.789656059114103
-11.590784891628937,0.7528973725536701,-4.677181207822554,-20.15946865161534,-0.9181749052477898,0.0,-1.921908514755421,-8.820369687296754,0.6588672733578218,-2.501132561280102,-21.42043466820063,-20.482519489285277,-1.5239569083896662
-11.565752967199316,0.25576312623204017,-7.216492156382692,-10.159280648314027,-1.952351057660594,0.0,-1.9378284788697628,-28.46146055659344,0.20764172375732523,0.27102826423577214,27.35085993009506,-4.272217537151754,-2.4032070264934804
-22.763106580278443,0.11789568572900537,-8.142897964306297,-14.774746581730867,-1.4298643692396293,0.0,2.723531332040379,-8.722542829218904,0.39968183498584414,0.09587986862004087,23.430601746090975,-0.16626847235455183,-4.338058947808503
-14.172072976160232,0.8327763583508885,-4.835902011068067,-15.621586262458152,0.06138617047524988,0.0,-0.23935707993883787,1.730111988947319,0.7609409303272954,-1.8904150081408462,-26.481719668958426,12.129069885507361,-3.130322023504538
-15.855112959144547,1.4323219501750186,-4.69186415812674,-8.507580120842315,0.8855134906005039,0.0,-1.5300650433361234,1.7593058745200745,0.7084504577034644,-2.1023872695272283,-27.88829932736335,14.385648733736408,1.7798113381972291
-11.746504980715978,0.6489290894681958,-5.372113462621627,-13.873529635936345,-0.7168239129724742,0.0,-1.8368945893569772,-18.242315060279495,0.7310694303807658,-2.9769235044271793,-23.68524469026724,-5.135307825092033,1.4423508317430338
-11.518333804911139,0.6205300161544394,-5.331848204358567,-13.418500257896783,0.609056598588052,0.0,1.4708402841054058,-8.742846063458925,0.7097930437342593,-2.6235354931207833,-23.68125503392827,-23.980674036535234,0.7786720278947712
-13.332208654302493,3.6214704744905513,-8.941085249209388,14.922191709399199,-1.3655858628917974,0.0,-1.931834335490174,14.177918311123866,0.3213934610476201,0.44177059378001365,29.97003286848743,-2.525929600908423,-2.4934386580735137
-15.260064584237572,2.3020961547259216,-4.38367818673883,-13.942501220924727,-0.18845190088653963,0.0,0.12455183415879456,2.5145257363297477,-12.334096626122983,0.2287468735401461,-27.607226934804658,10.329729165498849,-2.2867433853617785
27.29744297659727,-2.301182747807741,-19.570670286951152,39.91986093900779,0.8275610254572507,0.0,1.7141357975519325,-15.871850373891139,0.5135475930676939,1.1965925833221012,14.342454075936628,-5.159088366984211,-3.849286612864148
-11.737532643324917,0.15178922362979821,-8.466942178468837,-6.225628129926546,0.9169064441859188,0.0,-0.1844946790317592,6.341463100419314,0.24121942319085218,0.38823649961217893,31.193421899414577,17.597535431183854,-3.291369346123663
-14.460403145594407,0.9489727996662954,-8.971267206372302,15.171589959254414,-0.844506158834232,0.0,1.1381070769194275,4.840703995927872,0.3069448145464456,0.19390504946705617,29.30210306414213,-2.9787091930349017,-3.3600123257995467
-15.598894515585837,2.1944255199244136,-5.377100937691701,-29.555430294158114,30.774558837976855,0.0,-17.520641771045533,-2.216621563440735,-15.96591899120963,0.3354528382411804,-30.67148464224477,2.4331842867092375,-1.6723667901686965
-14.308701134392443,1.2761445017801276,-9.303393763470783,16.211885332117916,-1.3552963779179017,0.0,-1.5945260934773262,4.371383155818473,0.3205929138688031,-0.3217006081527621,25.383690867401555,-4.269589528681565,-3.960094886969152
-11.494046654595195,0.41331630892375293,-5.207125741391047,-14.303664717053397,-1.2995049722107552,0.0,0.35385376821575976,-5.432489587569093,0.8617679622819,-3.202194892292562,-23.179902948545003,-3.9727787100689014,-2.67684295175291
75.12022418307674,-14.828677328175207,11.65755901203703,84.88682196037374,13.224594954965596,0.0,17.630602071269184,37.411922557190174,0.4464939785882667,0.6132807483587301,24.26130744913707,57.43953646545285,40.75088942299251
-22.06755979248779,1.6916169928650135,-12.457220485961262,-19.581370226285618,3.1226061650463786,0.0,-2.6976791519542616,34.92810047708002,0.3347818233616011,0.38227218976172456,30.227091410383217,43.51998206703941,-3.649401634753419
36.16178537566819,5.012887404383492,27.512721079482212,17.974333092404194,-3.046775187719224,0.0,-14.229081826010594,8.267912870132763,0.45292280290922454,0.5233538804818221,25.79619910139791,9.384012366304956,5.2265082792164
-10.152503950642696,0.1197249224351943,-6.300881769027285,-6.266264092325159,-2.0585338512812412,0.0,-6.23486490155499,4.181674995225149,0.21243841732721747,0.21744051277885498,29.632300498086156,5.908500705349088,-2.5373078611343316
-15.57295962110275,1.4829186437873854,-5.068317039335584,-28.283977871077532,0.7637219001068839,0.0,-2.9219186097810956,10.870526323555223,0.797398087493948,-1.277328084522752,-28.58102754293212,19.20501847813631,-2.4089726141601346
96.57111849099927,12.757241976984123,57.46821981487626,34.90334229319361,-0.9559180531665793,0.0,12.405075200705072,33.96843268690749,0.2805068856728209,1.4475164467941495,27.08946927177051,54.27516355025632,-3.762175992421077
-16.77592449633026,-1.914058458890778,-4.832547730319364,-24.449934018808744,0.9331079337055117,0.0,6.910650127517821,-9.838475758696845,-13.303639722448466,-0.29665298671063894,-29.370899990495346,-5.767558801190484,-16.44409709887211
85.95105866483209,5.4214205345488065,-23.629125074092553,63.52395795942082,2.1001923276122887,0.0,4.302834482930483,25.5732242004763,0.20933154318032615,0.8261203740342343,15.224928707854476,66.07813452403715,-4.15707189292364
-20.930188262035607,3.6077585137514006,-10.740146251439446,-22.64841730987712,-0.7923843475386287,0.0,-0.8362025829541432,27.035031349359947,0.3033619117873145,-0.6029789275674409,31.503276402341015,37.326450983869215,20.2122649646702
-11.742326399084764,0.574830672749344,-4.958641692007923,-10.364114318326305,-0.7087667095863366,0.0,0.5463744769286075,-10.601767261244666,0.659160613290545,-2.381496006665832,-22.00129441075817,-28.493703804473245,-1.3962503983686514
-9.689418435919361,1.201138303590327,-6.572452504999872,-15.657706303777175,-0.23268555691558862,0.0,-0.8303962740526366,2.2243563556395425,0.34802656611276006,0.18365552111477937,28.96373184063464,10.9414112002294,-3.2105749109885897
-12.113756154754489,0.7183214791647016,-7.35720298898883,-21.43136802821189,-1.1499466217234349,0.0,5.324007391445045,33.06323581625344,0.3676309924045055,0.8869489164675965,33.262371835705956,77.1019665643862,4.438541075799598
-10.18314135628043,0.8970488224881795,-6.322126787115032,-12.460077089347875,-2.671729381790384,0.0,-3.87807884049555,-16.782418600742393,0.30365820639789587,0.24136124569993284,24.90306668838123,-26.75075695021791,-2.0207161720580076
-21.734878798061168,0.12583388311872798,-7.9240166178241775,-17.18318262310914,1.6639827093166746,0.0,0.3622045381921844,14.036914769423886,0.3649672590558637,-0.30245567589644473,26.999658411496835,21.917371601665582,-7.869376749022678
-12.95225217318671,0.7477516199249921,-5.535518685134729,-25.260512847343808,-1.3113389706024958,0.0,-1.5667993377510416,-5.601855485804834,0.7306175258835038,-4.10542090702045,-31.004245236292856,6.182448373800425,15.02872965481271
61.23908516001828,6.188826527086065,-22.289835829789666,30.210522302966947,-0.6148320200962695,0.0,-2.3440856232250864,-0.37795435154892615,0.45843301021648925,1.15699092802783,19.020117774188915,26.01452326766679,-5.010433856769183
-26.12684298114421,1.434522402488345,-9.328980828897855,12.682274692739599,-1.1644342888090404,0.0,0.9382584015590479,-25.705682389275367,0.19003176219811085,-0.7590912813758144,22.19939804071124,3.6924706644271716,-4.419838676241997
23.38577018531523,-1.686271355795305,12.819616668724276,55.08744892405583,1.7430964678330143,0.0,1.012480642234876,-21.74203170922786,0.6517706877682214,0.7045796470075071,18.381752459420582,-20.406072061554426,-7.843204886714387
75.26676100151353,3.9524654786055606,15.816949849718737,45.102170070262765,-3.5130984331974098,0.0,-3.9780112849779568,-17.983980451098112,0.19567973541288272,1.5632131248288004,24.234747333820312,-62.95186753912483,0.10481592841159809
24.09883771579652,-4.055328120873979,-21.458449355922056,58.71951054575847,6.030489862875728,0.0,7.008161344725113,29.89806207885431,0.5748758885080172,0.4507650982660298,16.68469022570086,40.14932348819066,-4.6153405979547415
-12.00972376742224,1.9715626561832726,-7.710907785422862,-9.852442724179983,-0.8656093911771473,0.0,2.3833526053490925,-23.72586474571637,0.21649030568705138,0.26284406353226936,27.407683498239,-2.948314505766347,-2.2911214535694335
-9.775958774172,0.21932782311806553,-6.65084898527379,-12.073366364628301,-0.8860303956398283,0.0,-3.656936034337161,-4.774994408165374,0.37221508590750546,0.28382373050660253,26.63407706778378,-2.7021568638408895,-3.7771216195713264
-17.81230337492539,2.019447296624797,-12.560720191592102,18.788152889016164,-4.611433300992651,0.0,-1.5896907433419318,9.00825284316629,0.3546537243730511,-0.4328003172764412,24.473132732943363,39.015868754784904,-0.9046246785152041
-15.797365971985775,-6.355743879349547,-4.759607533205504,-17.683738742684604,3.981808749444027,0.0,6.266701475839393,-7.460361245141008,-21.238939086082517,0.34054820749243647,-27.57217717679448,0.36627670788595484,-3.0659418132921084
28.773577710499108,3.2526337091104813,10.416856491402632,13.053533374440942,-0.026290106779222736,0.0,-0.04260937057214205,-17.79696139056739,0.31730402258402124,0.8501567720817501,23.448583372692475,-39.51732999397148,6.67195172126003
29.34065821995213,3.1069407193080254,-16.677465227229213,11.018160212920925,1.4355803680886825,0.0,-2.124140718862044,-11.648627594606673,0.2611379952666112,1.0661837253864137,17.012183135890087,-25.782006493986977,-3.336029796978112
31.42485940171082,1.0784132833462803,12.058676936487196,13.183706309822211,-1.0355145962568755,0.0,-2.9360329566259042,-17.178609157501477,0.33191109562794247,0.8299495758732393,22.610789101101897,-32.88944951209069,5.369708979891991
-14.890840272300013,1.1091437197626508,-5.556480823142491,-18.511341360277036,-1.3078236132430907,0.0,-1.3349288782381734,8.766793658050155,0.8306188635388236,-1.7361697970259526,-26.132192181618457,18.767500653059226,1.6559022817296598
-10.30163712404987,1.4874637755753597,-6.3720577543192585,-14.340108279543175,0.16114179654903138,0.0,-3.5354812092148227,-19.134540174671642,0.18376140699283772,0.34521303452006036,27.8467783971023,-15.6956104089843,16.700915211297737
-10.694800210080643,0.35276083009607534,-6.415278493721618,-12.983070818216794,-0.5829908127140087,0.0,0.5335617304463617,-16.623063683449754,0.33175911970899286,0.24734555825203988,25.471414126151288,-16.146470302375707,-2.5319494006840224
-10.724829562782535,-0.24944111166784855,-8.090576536674844,-14.38172698962632,-4.7875305148236365,0.0,-0.42819291820437105,-8.866420679740967,0.39779201825363397,2.2185494077230086,29.548174779711537,11.84799982439321,-2.8284880536908363
-16.4888387976397,1.9422351340380042,-5.4234613394848585,-36.62618992693172,-1.556201046045616,0.0,-1.0983011211500233,29.310638137641956,0.5550414087118908,-1.6369506881243654,-34.524506039958986,19.958684474774568,15.0099819073307
-11.731197741667028,0.5328200813982084,-7.4961910986807,-6.509787862523408,0.7561407768172365,0.0,-0.3765264385832877,11.709341724900371,0.23911256347007231,0.3185203077023692,29.42315435074564,13.483797355787623,-3.5294082786871104
-11.663392550987336,0.49782203496952204,-7.709820176440919,-8.31645269721186,-3.0080473122418847,0.0,0.5828684915530663,-9.677316898301068,0.35258527649155763,0.291969001981115,27.656739701952514,-4.713371433079775,-3.4115920015196903
-11.884155113901048,0.6979211004199136,-4.904147867594497,-12.928110431391893,-0.5837993260226136,0.0,1.9900800311703606,-9.012707488258188,0.6529342059675937,-2.467917907626909,-21.048043275636225,-23.869942899906682,-1.8972493865452693
-26.284435165698707,3.264461310992963,-8.555251354780385,-17.340036429742327,-0.22085809619667307,0.0,-1.4970164385919436,20.72717614031802,0.4055114179260993,-0.17796263410045943,29.137633487837505,27.3640857097292,-2.7778704761018513
37.832207126099064,2.9017257921805144,-22.771796772330063,14.96383059129796,0.27100935452968794,0.0,2.165070286699834,31.33059156385573,0.19870293734694355,0.6669915749148088,18.77304643823657,33.405389968314104,-2.8843722836158414
-12.884972687419872,2.1327738882188045,-7.0957419164560465,-6.883027930196339,0.02292216298458154,0.0,15.859156118524849,-8.788910049488358,0.3884365694227579,0.36409909888775766,27.52138813753633,-1.555306177170143,-4.3091240495592595
26.220886962169274,-3.6242826873462533,-17.384056448072588,44.474349215013376,5.102706288774835,0.0,-6.326438336174656,-5.396036438778308,0.3836154447358908,1.2512623014607303,19.15847727406699,-3.4525336620680136,-3.9715453710925734
-16.058680491736194,1.8067590645759584,7.476346867845636,-14.128534978340298,-1.6407891982761047,0.0,-2.0876937101847597,1.419707771979485,0.7901431442900858,-2.3767921660141873,-33.19522989828209,10.057412118446493,-3.007170602333991
-22.94588905040451,-1.0609316768291386,-7.914117783110906,-17.6917435915837,-0.07429554609858868,0.0,1.0561676193711476,8.979051150403464,0.3540250029727805,-0.3401003473838465,24.903712764823855,13.114575090388177,-3.2712522571931917
-11.76405906449042,1.268755386251679,-5.066096771797151,-8.694271612349093,0.5143044709973873,0.0,-2.696729850195462,-8.016671927557612,0.7981139036123648,-2.544568288967451,-20.99109498630664,-26.5337265800764,1.4503351629490446
-18.643398074019306,11.914132917547217,-13.329129466558593,46.315969790629936,120.45548047241616,0.0,25.51485265373637,47.44336830077066,0.5874096255355299,0.11855569958234335,25.468083664819694,68.733469823748,-1.0982206165296828
-15.25156906706335,2.381466538750839,-4.337443930051509,-25.563087965678218,0.631403121071278,0.0,-0.8986355700001554,22.348236886587067,0.664829650740399,-1.0968035215018705,-34.161359848650655,32.29768269040726,24.21199478343307
-11.576735031591593,0.4673688420619331,-7.702497860790468,-7.032241598198528,0.24582428675967874,0.0,-1.701827525840842,13.600058793992897,0.23648760904075636,0.1941733231725432,32.990325612549334,18.911444134250832,-4.0474102117357145
-33.37629558836265,2.4997417842073384,-12.628079515900948,-19.086141231495166,1.3885927678519456,0.0,-1.6661543696669012,33.809988789534664,0.3779480709420783,-0.11528663657592896,30.537657291104722,34.45976090236633,-3.3969932691492666
-11.56275941572204,0.7432549227977487,-5.361488995269269,-13.809373654428741,-1.1436905922584066,0.0,-0.17810148728463554,-8.696572289072314,0.8523309465823862,-2.8282444485797473,-21.100695910034297,-0.09942016508765904,-2.338583555647971
-11.903049962826591,0.5389323669720599,-4.898174422906711,-21.549613179387713,0.11233647905569964,0.0,2.1803590388007623,-8.11716084137305,0.6643166105313542,-2.428662819985314,-22.368231161847348,-19.675373325773926,-1.739793869704897
-10.791453395369489,-0.6236892444845719,-7.479958152219803,-13.108217717328566,-0.05445817707782933,0.0,0.16518511621239612,-12.284990833345017,0.38195690121745096,0.305044083637698,27.883915918029782,-4.004574392836337,-3.125381210978934
-15.517126010777334,0.2967522463981825,-4.902190719788849,-17.857926845351102,-1.0295277539276457,0.0,-1.9456300609507562,10.612619547365501,0.7804804216394282,-2.0158406109625226,-25.373327253558983,24.875833571114395,-1.8200511678888067
-15.948889335343646,1.827675890958051,-6.531767862974788,-12.932298916330776,-1.0909118388172507,0.0,-1.697888097579356,-10.879954671493998,0.8968997790578828,-1.9631056655356494,-24.472734935732714,5.3555689060707925,-0.0709359280458664
70.90613936761976,2.9032194873473594,15.36599787083657,38.5666972958558,2.2388231775906213,0.0,-6.617485631563806,-15.610741120328422,0.5896442246399444,1.1684919375733054,19.446981289930964,-35.249502148970144,5.042306416155466
-15.326333332411032,-0.3105189380775202,-5.150531147162276,-14.760341215458052,0.41957801438566694,0.0,0.7563806082947299,0.04519245243569504,0.7613567292442538,-2.9773981435162753,-24.617872843179356,20.666672439839875,-2.719809226116887
-18.987557777842664,-0.0907220224246644,-13.544194228894098,13.58112457938701,4.361951432971336,0.0,-1.7337658209339966,-2.802448743485109,0.24434007414747086,0.7841429342886148,23.71561411443798,23.06774562210781,-3.219591317851448
-25.24816984739748,2.256964939267628,-8.69815121204025,-15.309701506200078,-3.950337501026499,0.0,-9.496798899255904,26.20054462504515,0.380000369427042,-0.6114950498059283,28.074863457646998,2.468716749353456,-2.6328639851464097
-10.703447075836452,1.4231393706168436,-7.741367794247237,-16.22295615807851,1.9429681565586843,0.0,3.9316385585020392,10.803263311316925,0.465121037886055,0.21774615680216974,31.663477785604094,9.246730146845751,4.241490161884954
-24.036897278116882,0.7838150060243385,23.307698266547607,13.315977685900071,-0.6079624607486438,0.0,1.9993834418369703,-18.596141860616374,0.892132966633004,-3.9498567101845543,-32.87440714552362,-46.32197399662033,1.8845473039622498
-10.677825065587106,0.36693196659228183,-6.864094038032073,-12.39657877099276,2.7208372439924107,0.0,-0.8625456989338259,-11.155188933104986,0.3793799347781825,0.24810736256089594,28.593941112517843,-5.336076571470837,-3.421742430452473
-15.560136034762612,1.3473427746277498,-6.167367164249549,-30.820272153215885,1.0995667136936549,0.0,0.6954482007179729,6.804095627147912,0.8590260141191615,-2.0570848075671715,-29.15405831808421,10.947276239974114,1.1746210813633093
-16.892661856361286,0.7700262781736908,-5.539500029612551,11.678016593030504,-1.3965019913838426,0.0,5.728978799156373,-9.574820815790245,0.7026784729228884,-2.784713181727242,-24.650303441732525,-31.899324139753023,0.6098790089810318
-12.04625231693595,0.05654064269681637,-5.525500018488648,-15.258953741591881,-0.8882559383344162,0.0,1.3651980321043764,-5.654659770491195,0.7492072575383953,-4.355389892825842,-29.523641502166846,4.854480634663004,13.82238669647792
-15.49754585626529,0.5222908806901021,-5.8054953681886765,-12.830009724606068,-0.48830140374420333,0.0,2.591300302141005,-9.629408919284606,0.7820140972366334,-2.0019660327230535,-21.100307999399764,11.481945654137899,-2.893243131613003
-10.99581227908536,4.350015756247483,-8.9949740277911,-20.234265371866805,-2.50508886279181,0.0,-6.624885212180006,20.86042928974479,0.4156009926644153,-1.0861495655004105,33.96331586493809,1.7560267055584329,1.0718871745663814
-16.24642246377153,0.1847742114076777,-9.486742431788718,15.351667606444849,-1.0332749257886107,0.0,-3.92928503526578,12.71786301606107,0.34949350135011803,0.1973248426314769,25.53194860911946,3.947422212494272,2.507625226076117
102.1658910276876,29.136779620132653,14.231278814831496,101.88264507525501,-8.54598578328064,0.0,0.516029324685352,17.63301915779991,0.624782420173399,0.5278404786991812,26.97089320773581,56.69095413090087,-6.057463335153466
-22.986062849630223,-0.546531210516799,-8.33580614353859,-18.278815780896814,-2.8418618897408066,0.0,0.7524222982803142,3.326442372631174,0.37063317371880306,0.06538323917751966,27.90875392260903,18.688671489128886,-4.1588029526260435
21.22010831166206,-5.006867332514067,-18.888607718534363,36.48774859401213,0.5503374044809993,0.0,-1.7579365774443614,-10.108994023363842,0.5141075139036891,1.1664876346639235,15.022786789785425,-16.30745204464026,-5.034931123246858
-14.825428782612134,0.10504973317513196,-5.035968683312262,-15.252471898724842,-1.937641983371031,0.0,0.3772467317954232,-0.06283023117955526,0.759826620174481,-2.45877388996645,-24.08967944062805,19.3097604850418,-2.694830656467213
-11.954187535645724,0.6369118234700256,-5.452671069069677,-24.79772911356085,-0.6389537058421885,0.0,-1.3779470380466707,-7.384228653989879,0.9211638224004024,-2.9845877722871728,-24.327119543297712,-2.7002282788649894,0.4198114694393308
-15.64622083011038,1.3127646879528776,5.062940425495428,-23.58598499700982,-0.039258333479040966,0.0,-0.3485377604785208,-10.735802431881806,0.5079461412515025,-2.338118413697546,-29.812644785586578,-19.308579028869936,11.17055576096959
-12.541188754619053,0.8222365694818591,-5.364849304457215,-13.211675676896018,-0.2146578683821374,0.0,-0.05358562078501844,-8.256503778003584,0.9085258611387869,-2.668344082260719,-21.01248512430052,-5.281283514077914,1.9364952432624847
-8.66488298778661,3.581178287562741,-6.973295299905028,-18.834507392550798,1.0332137879169814,0.0,0.6143354529804612,9.9194777149949,0.40024249796026007,-0.2604655299067349,37.46999066043955,16.62033660241867,22.514403316103664
21.60280785150793,1.3740302123139967,-20.864070048213048,-13.324832890312663,0.6723595347016514,0.0,1.5319243501819637,8.495248519025571,0.23256995606065875,1.4583947175947913,21.286494176133605,-3.934034543560833,-3.162593325291928
-9.937126396101428,1.1271092855648739,-6.135859373500788,-12.653709954025548,-0.5480221089503267,0.0,-2.2019818999222838,-16.90598990621799,0.33348233086141144,0.255288414873669,24.241083011995688,-17.007501792479577,-2.633705274838363
44.51298589636787,-21.39003360142133,70.16339281939763,57.529122679468166,-13.918175332957219,0.0,-24.95819083099011,17.176140519656922,0.4967735600566224,0.12331307925049927,24.839303773371793,70.88371425332684,20.09173641479688
-20.30003153889473,0.952214335896778,-6.978777198745662,-12.335460502160586,1.14204215233135,0.0,-0.4130666466622664,-21.4481795748975,0.32769055272408465,-0.016318490595181007,23.01658405397116,-10.869323074735293,-2.5701828411638363
-14.554279908327112,1.1745238874504629,-8.22008406681733,11.31472074025099,-0.6612410514584173,0.0,2.275967272447183,-21.7298038235614,0.30702841991788093,0.03197920551057065,22.27982128198676,-23.11194083273734,-8.094874366826094
-17.236563913822923,-0.5117128461640784,-12.250072141574364,13.71816527420186,1.0492920561157146,0.0,-0.21274569937749585,18.343656695470663,0.2360975462738483,0.4506318701586772,28.581534760812893,19.76083311346365,-3.9166652192333298
-10.318357630690308,1.6178713264028959,-8.723029110711277,-16.264254855526556,3.734251676581184,0.0,-2.3495941630903743,42.44106565338817,0.40611763744739915,0.15917466089364762,35.617392251635806,22.62313332868341,-2.834188610325288
-11.839506300381442,0.49515575498865194,-5.026233762229294,-24.90697113322976,-1.407878608165635,0.0,1.8237541950398355,-5.294017974564308,0.8631078323315267,-3.2915850189252738,-23.93336699042224,-2.8867368403984606,-2.084397419309362
-22.539855769812267,-0.11462715663596279,-9.103330646955913,-16.665322355411902,-2.116489045899966,0.0,2.3977060874412572,-22.78582607170902,0.367171239672402,-0.16614155601228875,25.310735073319922,-1.8788961635225454,1.7063697710386263
-12.07166737383587,0.721032597804653,-4.840846508327793,-9.988878898166167,0.39735225793099693,0.0,-1.8011661583102663,-11.675552029560565,0.6561875598837704,-2.4160983711606168,-20.730197731846285,-26.816561692643447,-1.55647294604511
-12.356397753181763,0.642741603928961,-5.100778858957085,-23.18823337386778,-0.7152078062216529,0.0,-3.937390659816571,-4.511034902364034,0.8785466640986455,-2.7739352861492983,-24.578316649333182,-4.795056590752403,-2.0303929114921497
76.73990563927148,7.928518377570379,56.82972006402585,20.53959650014796,0.5441262090545904,0.0,4.544927567558851,26.56427779433923,0.29716334537627814,0.5878679245466532,27.81765365672003,24.997670028877696,-5.188630146834809
-16.368096590652936,0.7819382035015994,-12.745438794006752,10.865450932558906,4.28369545153733,0.0,-0.9486783259914087,-10.109048411366512,0.24472202601327095,0.27512680775676757,26.850100796963822,0.552902058439474,-3.124710505149519
-38.76241605595294,-1.2569147945521282,-17.067735019109097,17.318525847904414,-11.03350382326733,0.0,-19.801123458488348,14.925329173572266,0.21966419861543568,-1.0708456408620246,23.817840364552705,-4.957898098101398,-4.322841223576029
-11.425168816676727,0.23802548694886203,-4.981587528537882,-12.990925326957539,-0.2379919678437555,0.0,-1.6767239019567453,-2.6717910873586845,0.808790504814156,-2.6928744536490004,-22.809700597715015,2.867984311063823,-2.7948230149389537
23.024495302519814,-7.954718712282841,-19.94437411779844,38.77415380529578,-0.2956824359555511,0.0,-5.406057599341832,-14.489908745097285,0.212291453975497,1.408111167016339,17.98583814096414,-11.431197849175838,14.398000066551784
33.09716657688469,5.737340784337602,26.1033454896995,18.906255740451027,-0.02666717655327548,0.0,-4.4366421811405745,18.410103103431577,0.2890373566364779,0.49281105955828175,25.861231081138214,28.133794179598656,-8.005435061544063
-12.15692219453664,0.26036272762553314,-5.46998211386626,-13.499737952487173,0.1461083176610815,0.0,-1.2415278155080036,-8.793605677407788,0.8622408989515988,-2.539407780089821,-22.155357857250667,-2.5904325882629826,-3.5411200813218304
-14.107625803205595,1.9691582222120039,-6.2734886866916915,-17.0378208939728,-0.9879412402807956,0.0,5.3460455520594925,21.265501385105445,0.6460960677610172,-2.1297908282531135,-27.651830863848808,37.520564486888695,2.8909765737384787
-8.783216146987545,1.5674943178729954,-7.157636471000923,-7.399593967850591,-2.772540178545014,0.0,0.590013121300183,3.1861631607125593,0.32455338705882963,0.20643175108712875,27.40557165333699,-4.5034054760365,-3.2977251566798937
-11.684128182263281,1.1873968153284622,-5.62225368168088,-13.7436156087262,-1.2302357624027758,0.0,0.6017596539110824,-8.046365893350174,0.8679104874555021,-2.8884492737713985,-20.732320914280844,-3.2371524824861533,-2.5918611048499076
-16.25194048542428,1.0969948608407953,-5.5147366155963455,-27.780559787442645,0.3622567967489815,0.0,-1.2261522008677685,-9.516794511038304,-17.233085895439743,0.33063381521085394,-24.963426990080713,4.275764230183124,1.1090309308485704
35.467981414409195,-1.1814729163510282,23.730077278280774,16.104986762632794,-0.3197255710808758,0.0,1.4154493770202408,-15.72868917370796,0.3978651923913471,0.9485278298575807,23.446192830060674,-6.710323102066822,-5.993218769007885
-11.49767759995598,0.8089630729594811,-5.023541040977542,-24.384808015079862,-1.8654906198548888,0.0,-0.6951702166211703,-11.852632850345739,0.8237784583749422,-2.6845446774818074,-20.744099517566596,-11.852067040896825,0.2735510481910523
-9.179418319918677,0.6289892854911769,-7.668778809092785,-17.41073475270531,-0.014658161325162285,0.0,-0.019526056730256387,0.9923173576138999,0.4216564820401953,0.2028016335372642,29.909437284534352,1.1060263770517826,2.1463696999281616
-23.78671815153188,1.1923027759647506,-7.525747455179008,-14.081439446670856,-3.310121968405294,0.0,-1.3327461117711905,-20.22210093460396,0.34804024342509543,-0.08114457179514378,21.87392156723841,16.8190317751534,-8.885968201836612
-14.4609532523908,0.7179011933763763,-4.804057202470529,-15.390618522617022,-0.39622176354484917,0.0,0.3513725284623796,1.0375642787311306,0.7616415579852708,-2.0368824427684835,-26.46672027977196,12.843186334500128,-2.9749373491576865
-33.5881137778531,1.2331557568572507,-15.657730090141193,20.118126858055696,-1.8751315839215623,0.0,0.7851036836662297,41.93683538950999,0.252305724169695,0.15834581206764975,23.799344834204934,43.10264871194922,-3.4543566672982395
-22.062209049785995,1.0171005392214854,-7.280814629668099,-8.671795749570554,0.651533171164735,0.0,-0.1227326861675696,-17.966071204026147,0.3381576663815555,-0.007059806836045249,22.437811281669184,-7.7872262974653355,-3.1807321331655816
-13.591586653810452,-0.14288971628462266,-5.274234460378807,-29.520823502611307,5.938148057254366,0.0,-0.21676789909424402,7.390452203331253,0.7845853104042337,-2.2330458706177363,-25.1409543859847,12.3581180192581,-2.881235604141985
-12.654244415551515,0.6461549628291474,-5.874224180976377,-12.485715392429787,3.6223977333503132,0.0,-2.167226087428344,-7.101621230415904,0.875128163463757,-2.713793063630039,-24.532502207460567,-4.655030935732253,-2.420369686967828
-10.823974597952772,-0.5482523886389866,-7.014727250703411,-14.470979082253162,-2.238865208324515,0.0,2.0598525215187484,-21.900628113614097,0.3192174169716018,0.2558616936693214,27.395989865574414,-3.892624906953031,-2.204835789666628
-15.521369182370288,0.2986642981332121,-10.155595526087197,15.349503786083977,0.6335840420816237,0.0,1.692800405679046,-10.83883864591739,0.34345543233237347,1.8162778704751374,29.607031396478693,16.982325573454595,-3.030302135752355
-15.850007484382202,1.4083164305569071,8.064330134514892,-24.75653549803021,-0.623001978557009,0.0,-3.9907541366516472,-10.028907510813571,0.8039988841799933,-2.744377632991561,-29.12351011537246,-18.88950622681643,1.267117640339251
23.020209862949812,-5.892013503827021,-19.90276938271541,31.804193622497618,-1.8661853014801848,0.0,-1.7847171234773382,-15.288635855598388,0.4865392359562885,1.0005113572380715,14.673414405180916,-69.94124077284636,2.4139079294638255
-20.910871172719098,0.853488901238752,-7.779537265794728,-16.54530565998024,2.073177483433423,0.0,0.2568521095152006,23.78074622551134,0.3481416553520923,0.3609394409419513,27.121024076736965,25.363881467792826,-4.491614537170827
-16.167593112078453,3.5703910822958482,-7.649147133215825,-19.632768086423077,-1.6089525770565358,0.0,1.1793218260106169,10.884415179468467,0.6668251882578857,-1.714518111100317,-28.731781368003873,48.86031564085935,-4.390064778913755
-16.540495849438805,0.4739444720488473,-13.263384404711132,14.83401977862413,3.5487206739006427,0.0,1.5257543510305007,-11.151176429340087,0.3353565937200788,1.512637148602443,29.52606293982075,19.452670530122358,-3.066924994894634
-10.250758115253257,0.7537399622009843,-6.9200525534161885,-17.442070144535,-0.5681546757824271,0.0,-0.14574577838034145,11.424206412047907,0.36658306281409936,0.17660231012588024,31.079671043715063,9.346808235316798,-3.115798164346491
-10.72645261111272,1.0908440994155475,-8.4582268690986,-11.668505143345783,2.5037916404097404,0.0,-2.072871875523055,-17.1835967661785,0.35743600020430893,0.31905459925838175,25.901059490274154,-28.065901761635818,2.351479716362724
-12.165488096997139,0.4691367883860919,-4.961610998817983,-12.217013548498,-0.458555003750997,0.0,1.4310708990877565,-8.972359418442048,0.6618636396479017,-2.397381068532371,-21.714580388310946,-20.06112341306144,-1.9275418269505125
-14.303304991127867,0.9377038554355734,-7.207556957814651,10.989367806969572,0.15661777162485668,0.0,0.20492534427138395,-17.97280479342936,0.3031306279684037,0.2345679165942445,23.754266668056168,-23.474528097654716,-2.5347129864673987
-11.696883271193327,0.6989573412720653,-4.761068343069509,-20.777466402570674,-0.2709700180425448,0.0,3.006804479564359,-9.134082020919095,0.7103665874217661,-2.486477603875065,-21.69848481468007,-20.337643031939898,-1.5332069054679789
-23.09920059297975,-0.506749202877767,-8.736535308087294,-15.865339952169025,3.0666677811079004,0.0,0.48492371435006204,4.249528441815912,0.34384129817769277,0.20311906450491504,27.085420310833626,22.867797626482528,-3.0952788044369544
30.781330693803692,4.507775700524405,18.47695011582505,25.415168150631697,-5.053788366228046,0.0,7.943761163090017,-16.046774306309967,0.3032968116023197,0.9151660358578276,22.23750389657183,-0.9234308631145238,-5.89150016761399
-14.924297361237596,1.8927694603242267,-4.6313131143355895,-22.45441321873206,-1.009958707288352,0.0,-2.3604011142785066,-8.74293710452095,-15.146866935071237,0.30851127848171206,-25.237131271147767,-2.770754914402992,-2.373521778056571
-11.84796295651344,0.546685832414498,-5.627772328838353,-13.998102859446485,2.8426004277928425,0.0,6.274633855487245,-7.493533483088129,0.8716900446868944,-2.703770977705077,-21.50077536105054,3.822966314763145,-3.2675196892504097
-11.679128652073233,0.7720874857218307,-4.697948136976554,-12.391036682671952,-0.7702012258862557,0.0,-2.4503803446217574,-8.023000079076363,0.67230631640845,-2.453585425395619,-21.49157389383418,-19.197677683088482,-2.130253723978712
-17.107448825461542,0.13415273927461904,-10.858982868563961,-6.885883819335802,18.314528548833714,0.0,-0.7079248286832035,25.204099153645544,0.5192155485128389,-1.7240875968777465,-30.73223994770235,34.40079295897198,-3.101291045069689
-12.547064910087578,0.5507936645266777,-5.078774636788397,-13.116210365965864,0.5967828949153587,0.0,0.1868012630194728,-13.688059260005666,0.7338828707230227,-2.848143656624128,-22.431863476813884,-9.852085571766104,0.4124464693901712
-14.815605793232377,-0.042777133144459634,-7.755021338389797,10.79908706950754,-0.6483893273241361,0.0,-0.14710700455947048,-16.07458111628608,0.3024400626904179,0.2536355678605474,24.40201786466085,-23.692751467780536,-2.5472818733578495
-16.47804717353362,1.3432070496369022,-5.8888549708877616,-9.29230360341613,-0.21541388438678316,0.0,1.8176993886272435,0.5657189346831172,0.7102887963913971,-2.320090896156062,-28.197741915303023,16.152549354560335,2.193613096570349
-24.46481870855167,0.7182009249539345,-7.265098176791715,-14.334141972610514,2.2328328405591065,0.0,3.8213141563911437,-14.280520351674024,0.35395819124309774,0.06468474023871175,22.139129394017218,13.741216702396798,-4.415715846759268
-15.619248852470285,0.5657068580794985,-10.616052412904752,13.501470394589015,-3.00710773027481,0.0,0.1756949920188459,-19.481851485771088,0.34180859846880507,0.3398672890830227,23.159589558321155,-0.652441168345423,-3.014867804571265
-11.785608057180387,0.8909366273773988,-4.905956430651769,-13.884785411131395,-0.9389124772265337,0.0,0.44403361924723395,-13.738418793486082,0.7218755312476806,-2.6606631648183696,-21.348406654193287,-17.74179921589446,0.2656780819976834
-21.312811549909767,0.8836523947412802,-6.066098497279425,36.35741101106759,-0.29176417747274064,0.0,-4.287295863523023,13.116452499686375,0.5865272107630819,-1.607173561460409,-23.73746581689599,16.195310016914434,-4.074671550091641
-14.843788608880605,1.243710257251363,-7.90310873999179,9.945226190869942,0.7725700847408568,0.0,0.10172491897978198,-23.459080777618365,0.30203423471730784,0.039616754596727755,21.66012168842983,-18.56184381131388,-8.305671454273106
27.25776090822289,-7.483407626313126,3.5602253703983293,-66.04834889334876,0.15684230330555643,0.0,8.796621788713725,-7.204957893760371,0.6779273732930851,-13.962439047551042,-32.141500291565926,29.991273401059377,-2.634262203297914
-16.342180983769165,1.2693381055791035,-9.313935352568407,12.036374573263203,0.45767476510856325,0.0,-0.19801589909450404,-19.7656860080634,0.3195867139466514,0.26333577911707723,23.66306478144151,-7.6128774723861445,-3.725274100462891
-12.277713272356312,0.3848154663717106,-4.507033435751411,-20.537210362934626,-0.07544541758764245,0.0,5.474375497408178,-9.352532244024403,0.684922857764065,-2.268492739653025,-22.73848738266007,-21.019279274243527,-1.178315971811738
-15.530279135786902,1.112896718399998,-13.046425296474023,10.980914856901824,9.27526454644079,0.0,4.950129377811934,-8.567165522183236,0.3681426921674437,0.17999967734335484,27.42645277738583,-4.4292858597431195,-2.9613453794636824
-10.631788274754223,1.0450406174352402,-9.962307588001332,-21.439484035688608,-1.0317673131621103,0.0,0.6920156598252555,39.00370705102674,0.37331659420008556,0.13199034467517987,34.31619477864121,41.69605607276533,-2.687671673621737
-20.59605635535851,2.5676188617009426,-13.43614821408781,31.393413062025463,-9.622415223760115,0.0,-2.502617434958238,29.815365862463775,0.44662482537223447,-1.7791457130684272,-22.496753496337703,52.388416662885206,-2.524097465315963
-19.811483131430442,0.6248035713577664,-6.501623838292092,-7.95921311586794,-0.24150841623919575,0.0,-1.1856933102425613,-16.50571452349605,0.3085407807557304,-0.00480248932823987,23.34685193825055,-14.21429731736006,-2.556424011361631
-15.014192320396878,0.9388700487351279,-5.427487439434284,-15.259825931078206,-1.108942482041481,0.0,8.530573378334347,-2.566878999192715,0.8655482098020886,-2.2808285593462294,-25.281617547309267,12.36456433447131,6.1065396908224185
22.036839312070505,-1.3375539308569084,-19.39148979389494,28.96289161220367,0.7950401808051749,0.0,3.263376615398582,0.8383757465067387,0.19696773762373854,1.3079875387578805,18.0221218377951,-4.763721635178618,-3.8269045455768045
53.27121691651233,4.178066491878612,78.34147599191527,20.882175837301762,-0.38081643195564024,0.0,13.87019827294476,-13.519055249955604,0.3263729463383537,0.6909681536004926,25.978026115748598,-4.713132703580197,1.6851096883014978
30.679987287557584,-5.2774625452876505,-26.440611404027397,23.439376217002753,12.146233173054611,0.0,-1.4368421308922186,-18.312289965362694,0.4252645630207206,1.3027906027414566,16.467810414190716,-15.889090614922793,-2.2630202973884543
26.22226110303873,3.898305174838372,-18.725164880032963,30.560897173042367,4.183786697071223,0.0,-12.40059049510587,12.727844085988574,0.11130925544049011,0.4656349392865261,21.36672584409369,22.80480296079145,15.064112393195291
-13.506673219892596,0.8357400533650713,-8.134315560497246,7.899882399297672,-0.745040935875349,0.0,1.6212621420514626,-20.14030789836936,0.2760504263084827,0.23393823488399765,23.237911460650633,-41.30904227599416,-2.3761965690372464
50.32513027526699,1.7965099802210986,52.03036835654269,20.316448247195797,-2.527149475674718,0.0,0.9321973274027935,-14.779925237323074,0.2696765645376899,0.9694965225721859,22.682177000534722,-21.510684377854368,1.5234536567181414
26.97659031817758,0.20787831772590212,-20.447008635284128,-21.302619671119068,13.073590315713332,0.0,6.944780998348912,-3.9556239070323453,0.21301941274327857,1.3815676759426128,19.867844262969005,-23.155585145070457,33.48819765745877
64.32886278058335,4.256238079370008,15.507884308216962,43.42686109562866,-1.08847484009389,0.0,-14.357224226928068,-13.13904306366569,0.4911606328227481,1.6679685789248782,19.454624540369956,-20.481101222955655,0.9712480760511591
25.40906662854392,4.8922157845287515,-20.508126164367074,18.99244775127526,2.059248606160514,0.0,1.5931616763339493,-9.133464249019477,0.3275310859414717,1.4346485371254212,19.42203475504124,0.16366814252058767,21.782975810258698
39.26860081665452,2.6198628703597495,-19.834489782094916,15.093116328060356,6.005459785929544,0.0,-0.36325018415678634,38.77889687384629,0.18624020151868645,0.6639509502247678,20.596416861762737,55.3590324094778,-2.6916458738006037
-9.773195026914275,1.5188132376186965,-7.869913161716295,-18.341798054880307,-5.256436733240892,0.0,-5.667086990794873,30.913333405105632,0.37090995830842494,0.14968334771848021,32.98927192190152,28.300856836819655,-2.387499346135488
-14.612604826096224,0.24338161896021002,-5.246541422925536,-18.29531013871469,7.10887030141658,0.0,1.3752217607660464,19.767296702389064,0.6147104058854125,-2.028948879036703,-26.200455923311374,16.128707859767516,-3.1081549407986366
-16.973445949250134,0.7017933733000455,-5.419938097567308,-25.092754741266706,-5.014211273250559,0.0,13.205513102471393,-6.795693767356704,0.8857413774032866,-2.2797030298734167,-24.65454637651353,11.174715626732262,-5.004008338796939
-11.483068941279251,1.7128331993811199,-9.268260876409574,-18.37775369119721,-1.072409952991967,0.0,-0.6214084137723519,31.265774767826617,0.41230818722160467,0.2066994777290544,31.390373094558655,20.984380137372025,-3.2683508005423962
-11.889035454968074,0.7163178229949901,-4.870576930490357,-12.720759441049825,-1.0338859185662006,0.0,2.0324116000448553,-8.674100366148988,0.6390262086480042,-2.4776590786925325,-21.04253357438145,-24.69716611313794,-1.8978840384271982
-17.042691626765233,2.951735568793658,-5.472715951514937,15.945245594439205,-1.1727212433539773,0.0,0.7489091436359291,-13.848631804638469,0.5600516105472482,-3.0128093590913183,-23.74011343455737,-1.8393512830850658,-1.7184105859345404
-10.474701999481285,1.1495558143503342,-8.332646697412116,-18.53237276116094,0.32801969703675865,0.0,-1.808396891855605,8.439856803021122,0.45488949103948584,0.18365539947563198,31.95700725917739,9.73832318005458,3.783705279293088
-13.160472560797057,1.1071595763343307,-5.093800982796885,-7.115055449429379,-0.9936798803155613,0.0,-3.718152378633499,-4.596071952173714,0.7139820457334131,-3.0386947185034323,-26.766601719308138,-2.497353821490026,15.03791346578988
-11.553069283493086,1.2598522367269602,-5.746226963257656,-26.078858439196146,12.59604059240091,0.0,0.06530118093558841,-9.768296131250246,0.8886983378158371,-2.7516883660635365,-21.158198310780385,-10.069754601929427,-3.1179346782480035
-10.419237013023217,1.2376907518780318,-9.640493942804028,-26.368737591750286,10.594043658468147,0.0,0.32325933746218416,42.49919496371869,0.3058958957246357,0.24787702742666268,41.946593770814545,30.703736167505518,34.69528076946314
-11.332341536101083,0.5805662007316752,-7.545400489547527,-14.502434703970511,0.4336756946244506,0.0,-1.3833906320305152,-18.546579130218255,0.24351692491727409,0.35710094953505883,28.814693884145075,-7.0400810873033794,18.91583358050817
-14.153622121790292,0.2895912282106296,6.592562465563792,-16.164198485291806,-2.5848170493278206,0.0,0.8145049603621687,-1.472211322645844,0.7779129364794529,-2.7934667834751346,-34.712404675093914,-0.5016638575586765,-2.6781407658956367
27.723077406946498,2.0574577862778756,-19.76539198804249,-10.979874320572018,0.08406171229167124,0.0,-4.975504643752922,-10.908116047979885,0.3108223963381444,1.2704209230774761,19.269130784660874,-11.291270948176532,-3.4024045736086608
25.126992456004306,-2.216923721786531,-16.88695995796729,23.342760625326672,0.5778050457715626,0.0,0.663581934037655,-8.643612725432025,0.6192341308308156,-16.219697827785186,-18.279554014945813,-5.762115884460825,-2.3656431977372883
-12.030460101970904,-0.14653440142069613,-7.807796069564966,-6.164983949312506,-1.4234558006777516,0.0,4.704821302321165,16.28559815704678,0.3152278351907018,0.21513338378514626,33.41388328903327,20.580116964047782,-3.3287640720194513
-14.952646734571545,1.64145838532647,-4.266771610652016,-21.557463079324524,-0.8857821924210881,0.0,0.9513277883103458,-9.179081236185706,-7.375951849631362,0.3089540983822384,-26.94555653620045,-19.943846560589247,16.088553934138137
52.07297080589681,-1.5639529953692421,21.264383087785763,145.90578537883854,9.523950720664564,0.0,3.136952090408034,-6.810793991631821,0.4872315439664947,1.3752828519073135,38.197277464428964,-27.10545431231308,-7.714764979857677
32.13176853974903,3.0748782877669307,-22.98242785508714,16.11400145294314,-0.3923708531451274,0.0,-2.805291873952285,6.27448130853578,0.3074228096009184,0.6470705679593262,21.137156185408053,19.71398718625067,4.902109704293466
-17.349556536322766,1.2120902199894819,9.500828365502798,-12.951210301330947,-2.48659860540212,0.0,-4.3854834757444285,-9.567097364950444,1.0024196432551307,-2.95228665561858,-26.51477837877482,-3.9447858089438195,-2.7535925390379496
-11.824782412450977,0.6486755970603463,-4.712989563997462,-13.012605493697961,-2.217984522406193,0.0,0.896338899830906,-6.367080454880042,0.7597149311789749,-2.463271311570994,-20.815791430690822,-18.953247132757497,-2.078385846436113
30.656775079172007,5.292459024590371,18.18784619032414,26.45485938505529,-3.2520833891768555,0.0,-2.4792068537555765,-20.18641345796267,0.30172928091859713,0.897748686698373,22.198551395925197,-4.50749059846223,-5.700389666230656
-14.622209368836142,1.4321275676089857,-9.444551006423714,12.351907388923545,3.2942450474405844,0.0,-0.039192327074694465,-10.950837236106853,0.2563855414458607,0.32295282365728933,27.995755889000755,-12.6587339438639,17.963808990149108
-11.939894214566142,1.2345585512925557,-5.473413857984752,-14.096708423697798,0.08814547601732654,0.0,-0.2932859283704965,-8.48124057067673,0.9087761329803561,-2.7016173492367215,-20.267881664699964,-8.24167576332574,2.134655093177735
-15.977547393664368,1.0243766638622385,-8.189668325362245,11.926791240418183,-0.6116866244398427,0.0,0.9651347386721608,-20.086218587578475,0.31824866805360796,0.27517257191062344,23.24242323074892,-8.759646189490363,-3.4302040746986515
-14.460972844117393,0.10964567626005467,-5.299758940907574,-28.04537789995006,-1.0066880178084592,0.0,0.1305453398380617,2.6349867796029756,0.766624260981382,-2.5522915751118345,-27.368701131855506,16.106955441610474,-2.7282148731510416
-14.552744465329518,1.9365298917967975,-5.010512994531092,-17.752596790795856,-0.505811459415456,0.0,-4.455718377772921,-3.7012868167565474,0.8429438608781064,-2.3594007115587945,-24.265347634865048,14.543613172609534,2.0851309524075905
-15.620801057969635,3.1349173059315505,-5.560511263349463,-18.558609681953666,0.4595970278226816,0.0,-3.2646912252748344,-3.227839100882937,0.6512637961622614,-1.5700759392206984,-30.04166612340655,9.597823475947337,13.046081507219274
-10.470439339048456,2.1242010150694366,-9.84137565520732,-9.201184525723605,0.45624633655571123,0.0,-4.260986845267962,10.307995045687427,0.29845380151595824,0.20294694498315644,32.51064672335217,8.935241654292525,3.920252912701634
-16.30647199847737,-3.1038104068639716,-5.42942595873787,20.247436659037653,0.3121840986111791,0.0,-2.7114453566230647,-15.453425084545092,0.6471824421338638,-2.463256666970356,-20.311361649824732,-39.71454305624372,-1.991770896559522
-11.40713694232125,0.9326989175933924,-5.109835523888153,-14.379117390029895,-0.9801701372158963,0.0,-0.8361571168640823,-5.42564151512346,0.8673893253077722,-3.178340757295317,-23.209521518650025,-5.45916956898653,-2.636825990790741
-16.516855030980583,0.22173308572687034,-8.26025393277981,12.191854410915,0.04615802537081511,0.0,1.0827464670814924,-21.60876237575325,0.3208963082227905,0.27725767255017236,22.890753569450496,-6.793447861638598,-2.947778495956191
-24.323480760893226,0.05780253311425359,-7.359267640987491,-20.857264863401603,9.474424098517797,0.0,0.010746082849956675,15.258128678901056,0.43489608126725776,0.15137237618738417,26.471503158132677,15.591833158104214,-3.1503313786261944
28.64986668463996,3.078565578283482,-20.61186229427035,-12.43904454363771,-0.4864575330077778,0.0,-6.015818583126704,4.239702226551784,0.2863166902019897,0.7779657505979203,21.637390595301092,20.310892699327926,-3.4493179367734697
-9.961458143834854,1.4566381792521337,-9.138186892806495,-15.50999903476421,0.1176733473463688,0.0,-0.38976618384459094,28.084486649480656,0.33342808140944097,0.1995106649906989,33.42333782552476,14.25637360343015,-3.6168885473926755
-22.396420220603122,1.0457336890678335,-7.70857854935591,10.7281782039122,0.05541689695776342,0.0,2.038647338421235,-16.918097742838953,0.2807874615733029,-0.03029322924419336,22.33396173020557,-24.565920514562457,-3.032455471005265
28.380094298628578,2.003877545961046,-21.545222236995947,13.897972668278902,-2.6833055008596487,0.0,-0.6837541830450643,-13.726571595761277,0.29714045953676327,1.323336180595592,16.722097831515264,-6.020407715818928,-3.094751226506226
-12.828285590031603,1.3117346322377157,-4.984668667395203,-12.827023538318153,0.6629925799473269,0.0,-0.43894675236483083,-8.651995598503209,0.6098020216756463,-2.238097014755522,-22.806281256668523,-14.552927676602222,11.786189492058954
-14.39250714042506,-3.714373764651312,-12.29405247373766,15.245163499528783,-6.41877782570885,0.0,-5.866395915194793,-12.268940983677181,0.35213124012969377,1.164583968224375,29.36434326660281,21.44782086698187,-2.9071708289120353
-11.679850564736144,0.7025595445211194,-4.933961564459433,-19.138673542296022,-0.14761807127516158,0.0,0.75862400594854,-10.342691227485629,0.6572546976724715,-2.4411652055076307,-21.439584207738335,-26.125351357498236,-1.4565031903488466
-11.09003474397814,0.269836968995895,-7.164461550758381,-16.29363908663794,1.2245925581066408,0.0,-0.5908257769730313,15.20247379807084,0.3844505253407236,0.46707525468552724,31.506419536053002,21.351383169069464,-3.4309441248779846
16.96365318620708,-2.879866594193446,-18.106935372256718,16.72182958489099,0.10043244877873644,0.0,0.765971947072469,-24.538095879277062,0.38012143331965537,1.0528896037846747,15.718643532526722,-63.857934367074584,-2.3505959003898913
-11.202411285967491,-0.6160572547374905,-7.3192932434628295,-13.75901982656834,0.09974165363310727,0.0,0.9266699587889012,-9.228784629083544,0.3818591322412419,0.2956863628163876,28.143962482393373,-3.2058920041022363,-3.0888676014528005
32.18601039398709,7.901337135643461,15.484969669587663,51.74582407000218,-1.1940855847200964,0.0,4.784433767053123,-17.420213311258998,0.5813816439254978,0.7692570575517722,18.554491493630394,-18.976234915709004,11.070506762067556
-10.168755423302368,1.305779625120784,-7.198818971405417,-8.037598240546705,-1.254177556724543,0.0,-2.477313901366788,-11.837812086066634,0.3442635571785639,0.30959816034698,29.047377567040563,-4.561381280701002,-3.2330431440048875
-22.232286298717334,-7.939627495812735,-6.8927409955365215,32.37619255723994,4.603911045662686,0.0,4.323769122281732,-15.907640653661767,0.6021933589321568,-1.9320933337459167,-20.81466621294382,2.9597883924605886,15.153261689936386
-10.911649427608953,0.40525496594561317,-7.1598427799307816,-10.218066357693786,-2.462129497702753,0.0,1.1701264077966673,-24.267597741353537,0.20748835507986954,0.2721201503032644,27.311750754467287,-4.805949917055915,-2.2476823464435336
-16.591754875281666,2.868271579315934,-8.621470370688094,-20.14324086147414,2.369200879205157,0.0,-0.4280525249387875,28.217536645558344,0.6859337462003942,-1.9677578494280101,-28.91158491070288,44.96280944390043,0.38651320990491833
24.098897079562867,0.20598958783653867,-18.149629401442606,-19.87829331200605,1.251244786411089,0.0,-1.486271315484834,-4.110359078356882,0.6343398207825657,-17.017041283364094,-24.295792608929393,-5.466880783496727,10.519130283721701
32.23208348233643,-1.1470953428604544,-19.332411256679578,12.33776980534324,-0.412522702964138,0.0,1.6410802141010319,-16.082433616104883,0.28076425340776245,1.4142307992844918,17.349881949276078,-6.845465854008543,-2.8865925785435986
